cargo,numero,nome_urna,nome,partido,sigla,votos,pct_votos,destinacao,situacao,resultado_em
DEPUTADO ESTADUAL,22011,EDUARDA CAMPOPIANO,MARIA EDUARDA CAMPOPIANO MONTEIRO,PARTIDO LIBERAL,PL,1956238,8.39,Válido,Eleito por QP,04/10/2026 - 22:58:07
DEPUTADO ESTADUAL,13133,EDUARDO SUPLICY,EDUARDO MATARAZZO SUPLICY,FEDERAÇÃO BRASIL DA ESPERANÇA - FE BRASIL,,654627,2.81,Válido,Eleito por QP,04/10/2026 - 22:58:07
DEPUTADO ESTADUAL,50700,SOFIA FAVERO,SOFIA FAVERO,FEDERAÇÃO PSOL REDE,,407773,1.75,Válido,Eleito por QP,04/10/2026 - 22:58:07
DEPUTADO ESTADUAL,50789,CARLOS GIANNAZI,CARLOS ALBERTO GIANNASI,FEDERAÇÃO PSOL REDE,,367861,1.58,Válido,Eleito por QP,04/10/2026 - 22:58:07
DEPUTADO ESTADUAL,50000,PAULA DA BANCADA FEMINISTA,PAULA NUNES DOS SANTOS,FEDERAÇÃO PSOL REDE,,326190,1.40,Válido,Eleito por QP,04/10/2026 - 22:58:07
DEPUTADO ESTADUAL,22800,GIOVANNI SANCHES,GIOVANNI GIUDICE CALDERON,PARTIDO LIBERAL,PL,235363,1.01,Válido,Eleito por QP,04/10/2026 - 22:58:07
DEPUTADO ESTADUAL,20200,ROGERIO LINS,ROGERIO LINS WANDERLEY,PODEMOS,PODEMOS,229928,0.99,Válido,Eleito por QP,04/10/2026 - 22:58:07
DEPUTADO ESTADUAL,22444,TENENTE COIMBRA,MATHEUS COIMBRA MARTINS DE AGUIAR,PARTIDO LIBERAL,PL,198342,0.85,Válido,Eleito por QP,04/10/2026 - 22:58:07
DEPUTADO ESTADUAL,14014,RAFA MINATO,RAFAEL FRANCISCO FERRAZ MINATOGAWA,PARTIDO MISSÃO,MISSÃO,185582,0.80,Válido,Eleito por QP,04/10/2026 - 22:58:07
DEPUTADO ESTADUAL,11111,DANILO JOAN,DANILO BARBOSA MACHADO,FEDERAÇÃO UNIÃO PROGRESSISTA,,182839,0.78,Válido,Eleito por QP,04/10/2026 - 22:58:07
DEPUTADO ESTADUAL,22111,THOMAZ HENRIQUE,THOMAZ HENRIQUE BARBOSA DA SILVA,PARTIDO LIBERAL,PL,178164,0.76,Válido,Eleito por QP,04/10/2026 - 22:58:07
DEPUTADO ESTADUAL,50110,EDIANE MARIA,EDIANE MARIA DO NASCIMENTO,FEDERAÇÃO PSOL REDE,,170844,0.73,Válido,Eleito por QP,04/10/2026 - 22:58:07
DEPUTADO ESTADUAL,50555,LUIZA ERUNDINA,LUIZA ERUNDINA DE SOUSA,FEDERAÇÃO PSOL REDE,,169567,0.73,Válido,Eleito por QP,04/10/2026 - 22:58:07
DEPUTADO ESTADUAL,11777,DELEGADO OLIM,ANTÔNIO ASSUNÇÃO DE OLIM,FEDERAÇÃO UNIÃO PROGRESSISTA,,163918,0.70,Válido,Eleito por QP,04/10/2026 - 22:58:07
DEPUTADO ESTADUAL,22000,RODRIGO ASHIUCHI,RODRIGO KENJI DE SOUZA ASHIUCHI,PARTIDO LIBERAL,PL,162562,0.70,Válido,Eleito por QP,04/10/2026 - 22:58:07
DEPUTADO ESTADUAL,50900,MONICA DAS PRETAS,MONICA CRISTINA SEIXAS BONFIM,FEDERAÇÃO PSOL REDE,,159100,0.68,Válido,Eleito por QP,04/10/2026 - 22:58:07
DEPUTADO ESTADUAL,15300,ITAMAR BORGES,ITAMAR FRANCISCO MACHADO BORGES,MOVIMENTO DEMOCRÁTICO BRASILEIRO,MDB,159058,0.68,Válido,Eleito por QP,04/10/2026 - 22:58:07
DEPUTADO ESTADUAL,10010,BRUNA FURLAN,BRUNA DIAS FURLAN VICENTE,REPUBLICANOS,REPUBLICANOS,157381,0.67,Válido,Eleito por QP,04/10/2026 - 22:58:07
DEPUTADO ESTADUAL,22222,MARCOS DAMASIO,MARCOS ROBERTO DAMASIO DA SILVA,PARTIDO LIBERAL,PL,156691,0.67,Válido,Eleito por QP,04/10/2026 - 22:58:07
DEPUTADO ESTADUAL,22322,DANI ALONSO,DANIELE MAZUQUELI ALONSO ROSA,PARTIDO LIBERAL,PL,155574,0.67,Válido,Eleito por QP,04/10/2026 - 22:58:07
DEPUTADO ESTADUAL,15115,REGINA NUNES,REGINA CARNOVALE NUNES,MOVIMENTO DEMOCRÁTICO BRASILEIRO,MDB,154966,0.66,Válido,Eleito por QP,04/10/2026 - 22:58:07
DEPUTADO ESTADUAL,13180,DUDA HIDALGO,MARIA EDUARDA ALENCAR HIDALGO,FEDERAÇÃO BRASIL DA ESPERANÇA - FE BRASIL,,154953,0.66,Válido,Eleito por QP,04/10/2026 - 22:58:07
DEPUTADO ESTADUAL,11911,SARGENTO CASTRO,NILSON CASTRO SILVA,FEDERAÇÃO UNIÃO PROGRESSISTA,,143422,0.61,Válido,Eleito por QP,04/10/2026 - 22:58:07
DEPUTADO ESTADUAL,13123,PROFESSORA BEBEL,MARIA IZABEL AZEVEDO NORONHA,FEDERAÇÃO BRASIL DA ESPERANÇA - FE BRASIL,,142001,0.61,Válido,Eleito por QP,04/10/2026 - 22:58:07
DEPUTADO ESTADUAL,22138,CONTE LOPES,ROBERVAL CONTE LOPES LIMA,PARTIDO LIBERAL,PL,139225,0.60,Válido,Eleito por QP,04/10/2026 - 22:58:07
DEPUTADO ESTADUAL,22110,FELIPE SERTANEJO,FELIPE MEDEIROS ARANTES,PARTIDO LIBERAL,PL,138277,0.59,Válido,Eleito por QP,04/10/2026 - 22:58:07
DEPUTADO ESTADUAL,55555,ROGERIO NOGUEIRA,ROGERIO NOGUEIRA LOPES CRUZ,PARTIDO SOCIAL DEMOCRÁTICO,PSD,137335,0.59,Válido,Eleito por QP,04/10/2026 - 22:58:07
DEPUTADO ESTADUAL,11190,TELHADINHA - CAPITÃO TELHADA,RAFAEL HENRIQUE CANO TELHADA,FEDERAÇÃO UNIÃO PROGRESSISTA,,134006,0.57,Válido,Eleito por QP,04/10/2026 - 22:58:07
DEPUTADO ESTADUAL,45045,ANA CAROLINA SERRA,ANA CAROLINA ROSSI BARRETO SERRA,FEDERAÇÃO PSDB CIDADANIA,,132881,0.57,Válido,Eleito por QP,04/10/2026 - 22:58:07
DEPUTADO ESTADUAL,50100,MARIANA CONTI,MARIANA CONTI TAKAHASHI,FEDERAÇÃO PSOL REDE,,126344,0.54,Válido,Eleito por QP,04/10/2026 - 22:58:07
DEPUTADO ESTADUAL,22888,DELEGADA GRACIELA,GRACIELA DE LOURDES DAVID AMBROSIO,PARTIDO LIBERAL,PL,125624,0.54,Válido,Eleito por QP,04/10/2026 - 22:58:07
DEPUTADO ESTADUAL,20007,DR. EDSON DA PAIOL,EDSON RODRIGUES,PODEMOS,PODEMOS,124394,0.53,Válido,Eleito por QP,04/10/2026 - 22:58:07
DEPUTADO ESTADUAL,22777,ALEX MADUREIRA,ALEXANDER MUNIZ DE OLIVEIRA,PARTIDO LIBERAL,PL,122704,0.53,Válido,Eleito por QP,04/10/2026 - 22:58:07
DEPUTADO ESTADUAL,13633,LEONARDO GRANDINI,LEONARDO DOS REIS ADORNO BECKER GRANDINI,FEDERAÇÃO BRASIL DA ESPERANÇA - FE BRASIL,,122158,0.52,Válido,Eleito por QP,04/10/2026 - 22:58:07
DEPUTADO ESTADUAL,10222,DANILO CAMPETTI,DANILO CESAR CAMPETTI,REPUBLICANOS,REPUBLICANOS,119904,0.51,Válido,Eleito por QP,04/10/2026 - 22:58:07
DEPUTADO ESTADUAL,55855,BARROS MUNHOZ,JOSE ANTONIO BARROS MUNHOZ,PARTIDO SOCIAL DEMOCRÁTICO,PSD,116413,0.50,Válido,Eleito por QP,04/10/2026 - 22:58:07
DEPUTADO ESTADUAL,13131,EMÍDIO,EMIDIO PEREIRA DE SOUZA,FEDERAÇÃO BRASIL DA ESPERANÇA - FE BRASIL,,108275,0.46,Válido,Eleito por QP,04/10/2026 - 22:58:07
DEPUTADO ESTADUAL,22422,PAULO MANSUR,PAULO JORGE MANSUR NETO,PARTIDO LIBERAL,PL,107073,0.46,Válido,Eleito por QP,04/10/2026 - 22:58:07
DEPUTADO ESTADUAL,44077,RAFAEL SARAIVA,RAFAEL SARAIVA GAIA,FEDERAÇÃO UNIÃO PROGRESSISTA,,105174,0.45,Válido,Eleito por QP,04/10/2026 - 22:58:07
DEPUTADO ESTADUAL,13644,RODRIGO MAR,RODRIGO FRANCISCO SILVA,FEDERAÇÃO BRASIL DA ESPERANÇA - FE BRASIL,,104820,0.45,Válido,Eleito por QP,04/10/2026 - 22:58:07
DEPUTADO ESTADUAL,13114,ENIO TATTO,ENIO FRANCISCO TATTO,FEDERAÇÃO BRASIL DA ESPERANÇA - FE BRASIL,,102892,0.44,Válido,Eleito por QP,04/10/2026 - 22:58:07
DEPUTADO ESTADUAL,15363,REINALDO ALGUZ,REINALDO DE SOUZA ALGUZ,MOVIMENTO DEMOCRÁTICO BRASILEIRO,MDB,101946,0.44,Válido,Eleito por QP,04/10/2026 - 22:58:07
DEPUTADO ESTADUAL,55400,MARTA COSTA,MARTA MARIA FREIRE DA COSTA,PARTIDO SOCIAL DEMOCRÁTICO,PSD,100083,0.43,Válido,Eleito por QP,04/10/2026 - 22:58:07
DEPUTADO ESTADUAL,40640,CAIO FRANÇA,CAIO FRANCA DE GOUVEA GOMES,PARTIDO SOCIALISTA BRASILEIRO,PSB,99840,0.43,Válido,Eleito por QP,04/10/2026 - 22:58:07
DEPUTADO ESTADUAL,22001,FRANCO SARDELLI,FRANCO RAVERA SARDELLI,PARTIDO LIBERAL,PL,98375,0.42,Válido,Eleito por QP,04/10/2026 - 22:58:07
DEPUTADO ESTADUAL,44555,DOUGLAS GARCIA,DOUGLAS GARCIA BISPO DOS SANTOS,FEDERAÇÃO UNIÃO PROGRESSISTA,,97410,0.42,Válido,Eleito por QP,04/10/2026 - 22:58:07
DEPUTADO ESTADUAL,13613,PAULO FIORILO,PAULO ROBERTO FIORILO,FEDERAÇÃO BRASIL DA ESPERANÇA - FE BRASIL,,96370,0.41,Válido,Eleito por QP,04/10/2026 - 22:58:07
DEPUTADO ESTADUAL,22007,DANILO BALAS,DANILO MASCARENHAS DE BALAS,PARTIDO LIBERAL,PL,96188,0.41,Válido,Eleito por QP,04/10/2026 - 22:58:07
DEPUTADO ESTADUAL,13134,LUIZ FERNANDO,LUIZ FERNANDO TEIXEIRA FERREIRA,FEDERAÇÃO BRASIL DA ESPERANÇA - FE BRASIL,,94901,0.41,Válido,Eleito por QP,04/10/2026 - 22:58:07
DEPUTADO ESTADUAL,50500,DÉBORA CAMILO,DEBORA ALVES CAMILO,FEDERAÇÃO PSOL REDE,,94895,0.41,Válido,Eleito por QP,04/10/2026 - 22:58:07
DEPUTADO ESTADUAL,22522,LETICIA AGUIAR,LETICIA AGUIAR DE BRITO RESENDE,PARTIDO LIBERAL,PL,94832,0.41,Válido,Eleito por QP,04/10/2026 - 22:58:07
DEPUTADO ESTADUAL,13700,DONATO,ANTONIO DONATO MADORMO,FEDERAÇÃO BRASIL DA ESPERANÇA - FE BRASIL,,94779,0.41,Válido,Eleito por QP,04/10/2026 - 22:58:07
DEPUTADO ESTADUAL,55155,CARLA MORANDO,CARLA SARDANO MORANDO,PARTIDO SOCIAL DEMOCRÁTICO,PSD,94596,0.41,Válido,Eleito por QP,04/10/2026 - 22:58:07
DEPUTADO ESTADUAL,22123,RICARDO MADALENA,RICARDO ROSSI MADALENA,PARTIDO LIBERAL,PL,94319,0.40,Válido,Eleito por QP,04/10/2026 - 22:58:07
DEPUTADO ESTADUAL,20000,LEANDRO BASSON,LEANDRO JERONIMO BASSON,PODEMOS,PODEMOS,90934,0.39,Válido,Eleito por QP,04/10/2026 - 22:58:07
DEPUTADO ESTADUAL,55014,PARDINI,MARIO EDUARDO PARDINI AFFONSECA,PARTIDO SOCIAL DEMOCRÁTICO,PSD,89558,0.38,Válido,Eleito por QP,04/10/2026 - 22:58:07
DEPUTADO ESTADUAL,14000,,RENATO DE SOUZA BATTISTA,PARTIDO MISSÃO,MISSÃO,89489,,Válido,Suplente,04/10/2026 - 22:58:07
DEPUTADO ESTADUAL,22999,ROGÉRIO FRANCO,ROGÉRIO CARDOSO FRANCO,PARTIDO LIBERAL,PL,89156,0.38,Válido,Eleito por QP,04/10/2026 - 22:58:07
DEPUTADO ESTADUAL,55455,ANALICE FERNANDES,ANALICE FERNANDES,PARTIDO SOCIAL DEMOCRÁTICO,PSD,88784,0.38,Válido,Eleito por QP,04/10/2026 - 22:58:07
DEPUTADO ESTADUAL,11000,DELEGADO MESQUITA,GUSTAVO MESQUITA GALVÃO BUENO,FEDERAÇÃO UNIÃO PROGRESSISTA,,87918,0.38,Válido,Eleito por QP,04/10/2026 - 22:58:07
DEPUTADO ESTADUAL,40211,VALDOMIRO LOPES,VALDOMIRO LOPES DA SILVA JUNIOR,PARTIDO SOCIALISTA BRASILEIRO,PSB,86893,0.37,Válido,Eleito por QP,04/10/2026 - 22:58:07
DEPUTADO ESTADUAL,55000,THAMMY MIRANDA,THAMMY BRITO DE MIRANDA E SILVA,PARTIDO SOCIAL DEMOCRÁTICO,PSD,85619,0.37,Válido,Eleito por QP,04/10/2026 - 22:58:07
DEPUTADO ESTADUAL,22100,BRUNO ZAMBELLI,BRUNO ZAMBELLI SALGADO,PARTIDO LIBERAL,PL,82946,0.36,Válido,Eleito por QP,04/10/2026 - 22:58:07
DEPUTADO ESTADUAL,10023,ELY SANTOS,ELIANE DE SOUSA ALVES MACHADO,REPUBLICANOS,REPUBLICANOS,82559,0.35,Válido,Eleito por QP,04/10/2026 - 22:58:07
DEPUTADO ESTADUAL,15123,LÉO OLIVEIRA,OCIMAR DONIZETI LEO OLIVEIRA,MOVIMENTO DEMOCRÁTICO BRASILEIRO,MDB,82508,0.35,Válido,Eleito por QP,04/10/2026 - 22:58:07
DEPUTADO ESTADUAL,13016,THAINARA FARIA,THAINARA KAROLINE FARIA,FEDERAÇÃO BRASIL DA ESPERANÇA - FE BRASIL,,81485,0.35,Válido,Eleito por QP,04/10/2026 - 22:58:07
DEPUTADO ESTADUAL,55125,MAURO BRAGATO,MAURO BRAGATO,PARTIDO SOCIAL DEMOCRÁTICO,PSD,79157,0.34,Válido,Eleito por QP,04/10/2026 - 22:58:07
DEPUTADO ESTADUAL,40444,MARINA BRAGANTE,MARINA AMADEU BATISTA BRAGANTE,PARTIDO SOCIALISTA BRASILEIRO,PSB,78957,0.34,Válido,Eleito por média,04/10/2026 - 22:58:07
DEPUTADO ESTADUAL,22190,CORONEL PAGANOTTO,FABIO PAGANOTTO CARVALHO,PARTIDO LIBERAL,PL,77703,0.33,Válido,Eleito por QP,04/10/2026 - 22:58:07
DEPUTADO ESTADUAL,44044,SOLANGE FREITAS,SOLANGE CRISTINA DE FREITAS,FEDERAÇÃO UNIÃO PROGRESSISTA,,77524,0.33,Válido,Eleito por QP,04/10/2026 - 22:58:07
DEPUTADO ESTADUAL,22345,JOÃO PAULO,JOÃO PAULO DE SOUZA,PARTIDO LIBERAL,PL,76371,0.33,Válido,Eleito por QP,04/10/2026 - 22:58:07
DEPUTADO ESTADUAL,44123,CAMILA GODOI,CAMILA GODOI DA SILVA RODRIGUES,FEDERAÇÃO UNIÃO PROGRESSISTA,,74733,0.32,Válido,Eleito por média,04/10/2026 - 22:58:07
DEPUTADO ESTADUAL,15000,CARUSO,JORGE LUIS CARUSO,MOVIMENTO DEMOCRÁTICO BRASILEIRO,MDB,74480,0.32,Válido,Eleito por média,04/10/2026 - 22:58:07
DEPUTADO ESTADUAL,20777,KAKA DO AUTISMO,ALVARO COSTA VIEIRA,PODEMOS,PODEMOS,74365,0.32,Válido,Eleito por QP,04/10/2026 - 22:58:07
DEPUTADO ESTADUAL,13110,BARBA,TEONILIO MONTEIRO DA COSTA,FEDERAÇÃO BRASIL DA ESPERANÇA - FE BRASIL,,74115,0.32,Válido,Eleito por QP,04/10/2026 - 22:58:07
DEPUTADO ESTADUAL,55055,RAFAEL SILVA JR,RAFAEL ANTONIO DA SILVA JUNIOR,PARTIDO SOCIAL DEMOCRÁTICO,PSD,74043,0.32,Válido,Eleito por QP,04/10/2026 - 22:58:07
DEPUTADO ESTADUAL,22411,RODRIGO MORAES,RODRIGO AUGUSTO MORAES,PARTIDO LIBERAL,PL,73787,0.32,Válido,Eleito por QP,04/10/2026 - 22:58:07
DEPUTADO ESTADUAL,13789,RÔMULO,ROMULO CESAR FERNANDES,FEDERAÇÃO BRASIL DA ESPERANÇA - FE BRASIL,,73648,0.32,Válido,Eleito por QP,04/10/2026 - 22:58:07
DEPUTADO ESTADUAL,10100,RENATA SENE,RENATA TORRES DE SENE,REPUBLICANOS,REPUBLICANOS,73526,0.32,Válido,Eleito por QP,04/10/2026 - 22:58:07
DEPUTADO ESTADUAL,44001,,EDSON DE OLIVEIRA GIRIBONI,FEDERAÇÃO UNIÃO PROGRESSISTA,,73263,,Válido,Suplente,04/10/2026 - 22:58:07
DEPUTADO ESTADUAL,13310,MARCOLINO,LUIZ CLAUDIO MARCOLINO,FEDERAÇÃO BRASIL DA ESPERANÇA - FE BRASIL,,72574,0.31,Válido,Eleito por QP,04/10/2026 - 22:58:07
DEPUTADO ESTADUAL,44250,,ALEXANDRE LEITE DA SILVA,FEDERAÇÃO UNIÃO PROGRESSISTA,,72515,,Válido,Suplente,04/10/2026 - 22:58:07
DEPUTADO ESTADUAL,13622,JOÃO PAULO RILLO,JOAO PAULO RILLO,FEDERAÇÃO BRASIL DA ESPERANÇA - FE BRASIL,,72486,0.31,Válido,Eleito por média,04/10/2026 - 22:58:07
DEPUTADO ESTADUAL,12345,,ISADORA BRISOLLA,PARTIDO DEMOCRÁTICO TRABALHISTA,PDT,72280,,Válido,Não eleito,04/10/2026 - 22:58:07
DEPUTADO ESTADUAL,55510,,RITA DE CASSIA TRINCA PASSOS,PARTIDO SOCIAL DEMOCRÁTICO,PSD,71917,,Válido,Suplente,04/10/2026 - 22:58:07
DEPUTADO ESTADUAL,15777,,ANDRE LUIS BUENO,MOVIMENTO DEMOCRÁTICO BRASILEIRO,MDB,71664,,Válido,Suplente,04/10/2026 - 22:58:07
DEPUTADO ESTADUAL,22500,LUCAS BOVE,LUCAS DIEZ BOVE,PARTIDO LIBERAL,PL,71263,0.31,Válido,Eleito por QP,04/10/2026 - 22:58:07
DEPUTADO ESTADUAL,22022,CAPITÃO MOSART,MOSART ARAGÃO PEREIRA,PARTIDO LIBERAL,PL,70997,0.30,Válido,Eleito por QP,04/10/2026 - 22:58:07
DEPUTADO ESTADUAL,13121,ANA PERUGINI,ANA LUCIA LIPPAUS PERUGINI,FEDERAÇÃO BRASIL DA ESPERANÇA - FE BRASIL,,70737,0.30,Válido,Eleito por média,04/10/2026 - 22:58:07
DEPUTADO ESTADUAL,10321,SEBASTIÃO SANTOS,SEBASTIÃO DOS SANTOS FILHO,REPUBLICANOS,REPUBLICANOS,68118,0.29,Válido,Eleito por QP,04/10/2026 - 22:58:07
DEPUTADO ESTADUAL,20520,FABIO FARIA DE SÁ,FABIO FARIA DE SA,PODEMOS,PODEMOS,68055,0.29,Válido,Eleito por QP,04/10/2026 - 22:58:07
DEPUTADO ESTADUAL,22300,LISBOA,FERNANDO LISBOA DA CONCEICAO,PARTIDO LIBERAL,PL,67413,0.29,Válido,Eleito por QP,04/10/2026 - 22:58:07
DEPUTADO ESTADUAL,13456,,ELISABETH SAHÃO,FEDERAÇÃO BRASIL DA ESPERANÇA - FE BRASIL,,66572,,Válido,Suplente,04/10/2026 - 22:58:07
DEPUTADO ESTADUAL,30123,HENRIQUE KRIGNER,HENRIQUE KRIGNER LAINO,PARTIDO NOVO,NOVO,66512,0.29,Válido,Eleito por QP,04/10/2026 - 22:58:07
DEPUTADO ESTADUAL,10123,GILMACI SANTOS,GILMACI DOS SANTOS BARBOSA,REPUBLICANOS,REPUBLICANOS,66474,0.28,Válido,Eleito por QP,04/10/2026 - 22:58:07
DEPUTADO ESTADUAL,44000,,RAFAEL FERNANDO ZIMBALDI,FEDERAÇÃO UNIÃO PROGRESSISTA,,66425,,Válido,Suplente,04/10/2026 - 22:58:07
DEPUTADO ESTADUAL,10522,,MARCELO BARBOSA DA SILVA,REPUBLICANOS,REPUBLICANOS,66112,,Válido,Suplente,04/10/2026 - 22:58:07
DEPUTADO ESTADUAL,30111,,GERSON DOS SANTOS PIRES,PARTIDO NOVO,NOVO,66049,,Válido,Suplente,04/10/2026 - 22:58:07
DEPUTADO ESTADUAL,13101,,WILLIAM DE SOUZA ROSA,FEDERAÇÃO BRASIL DA ESPERANÇA - FE BRASIL,,65644,,Válido,Suplente,04/10/2026 - 22:58:07
DEPUTADO ESTADUAL,55235,,DILADOR BORGES DAMASCENO,PARTIDO SOCIAL DEMOCRÁTICO,PSD,65589,,Válido,Suplente,04/10/2026 - 22:58:07
DEPUTADO ESTADUAL,13290,,LEANDRO CANDIDO SOARES,FEDERAÇÃO BRASIL DA ESPERANÇA - FE BRASIL,,65559,,Válido,Suplente,04/10/2026 - 22:58:07
DEPUTADO ESTADUAL,15150,,CARLOS EDUARDO NOBREGA,MOVIMENTO DEMOCRÁTICO BRASILEIRO,MDB,65318,,Válido,Suplente,04/10/2026 - 22:58:07
DEPUTADO ESTADUAL,55010,,MARIA LUCIA CARDOSO PINTO AMARY,PARTIDO SOCIAL DEMOCRÁTICO,PSD,64839,,Válido,Suplente,04/10/2026 - 22:58:07
DEPUTADO ESTADUAL,13011,,MARIO MAURICI DE LIMA MORAIS,FEDERAÇÃO BRASIL DA ESPERANÇA - FE BRASIL,,64675,,Válido,Suplente,04/10/2026 - 22:58:07
DEPUTADO ESTADUAL,10699,,PAULO ALVES CORREA JUNIOR,REPUBLICANOS,REPUBLICANOS,64402,,Válido,Suplente,04/10/2026 - 22:58:07
DEPUTADO ESTADUAL,22122,ISAAC ANTUNES,ISAAC DAL COL ANTUNES,PARTIDO LIBERAL,PL,61953,0.27,Válido,Eleito por QP,04/10/2026 - 22:58:07
DEPUTADO ESTADUAL,10000,,JORGE WILSON GONCALVES DE MATTOS,REPUBLICANOS,REPUBLICANOS,61708,,Válido,Suplente,04/10/2026 - 22:58:07
DEPUTADO ESTADUAL,30007,,CARLO CAUTI,PARTIDO NOVO,NOVO,61461,,Válido,Suplente,04/10/2026 - 22:58:07
DEPUTADO ESTADUAL,55800,,ANTONIO GOULART DOS REIS,PARTIDO SOCIAL DEMOCRÁTICO,PSD,61348,,Válido,Suplente,04/10/2026 - 22:58:07
DEPUTADO ESTADUAL,22051,FABIANA BOLSONARO,FABIANA DE LIMA BARROSO SOUZA,PARTIDO LIBERAL,PL,61183,0.26,Válido,Eleito por média,04/10/2026 - 22:58:07
DEPUTADO ESTADUAL,55777,,THALES GABRIEL FONSECA,PARTIDO SOCIAL DEMOCRÁTICO,PSD,60619,,Válido,Suplente,04/10/2026 - 22:58:07
DEPUTADO ESTADUAL,13800,,JORGE DO CARMO SILVA,FEDERAÇÃO BRASIL DA ESPERANÇA - FE BRASIL,,60607,,Válido,Suplente,04/10/2026 - 22:58:07
DEPUTADO ESTADUAL,10111,,RUI ALVES SOUZA JUNIOR,REPUBLICANOS,REPUBLICANOS,60544,,Válido,Suplente,04/10/2026 - 22:58:07
DEPUTADO ESTADUAL,22343,THIAGO AURICCHIO,THIAGO REIS AURICCHIO,PARTIDO LIBERAL,PL,59942,0.26,Válido,Eleito por média,04/10/2026 - 22:58:07
DEPUTADO ESTADUAL,15780,,MARCOS ANTONIO ZERBINI,MOVIMENTO DEMOCRÁTICO BRASILEIRO,MDB,59869,,Válido,Suplente,04/10/2026 - 22:58:07
DEPUTADO ESTADUAL,22038,,PAULO HUGENNEYER KOGOS,PARTIDO LIBERAL,PL,59545,,Válido,Suplente,04/10/2026 - 22:58:07
DEPUTADO ESTADUAL,44007,,FELIPE SOUZA MURAKAMI DE FRANCO,FEDERAÇÃO UNIÃO PROGRESSISTA,,59518,,Válido,Suplente,04/10/2026 - 22:58:07
DEPUTADO ESTADUAL,13616,,JOSEMUNDO DARIO QUEIROZ,FEDERAÇÃO BRASIL DA ESPERANÇA - FE BRASIL,,59381,,Válido,Suplente,04/10/2026 - 22:58:07
DEPUTADO ESTADUAL,15622,,GEORGE VATUTIN HATO,MOVIMENTO DEMOCRÁTICO BRASILEIRO,MDB,59377,,Válido,Suplente,04/10/2026 - 22:58:07
DEPUTADO ESTADUAL,13555,,SIMÃO PEDRO CHIOVETTI,FEDERAÇÃO BRASIL DA ESPERANÇA - FE BRASIL,,59185,,Válido,Suplente,04/10/2026 - 22:58:07
DEPUTADO ESTADUAL,50300,KEIT LIMA,KEITCHELE LIMA DA SILVA,FEDERAÇÃO PSOL REDE,,58984,0.25,Válido,Eleito por QP,04/10/2026 - 22:58:07
DEPUTADO ESTADUAL,22822,,JOAO PEDRO TREVISAN PUGINA,PARTIDO LIBERAL,PL,58337,,Válido,Suplente,04/10/2026 - 22:58:07
DEPUTADO ESTADUAL,11999,,JOSEPH RAFFOUL JUNIOR,FEDERAÇÃO UNIÃO PROGRESSISTA,,56412,,Válido,Suplente,04/10/2026 - 22:58:07
DEPUTADO ESTADUAL,22192,,ISAEL DOMINGUES,PARTIDO LIBERAL,PL,55169,,Válido,Suplente,04/10/2026 - 22:58:07
DEPUTADO ESTADUAL,10456,,EDNA BEZERRA SAMPAIO FERNANDES,REPUBLICANOS,REPUBLICANOS,55086,,Válido,Suplente,04/10/2026 - 22:58:07
DEPUTADO ESTADUAL,25000,ATILA JACOMUSSI,ATILA CESAR MONTEIRO JACOMUSSI,FEDERAÇÃO RENOVAÇÃO SOLIDÁRIA,,54065,0.23,Válido,Eleito por QP,04/10/2026 - 22:58:07
DEPUTADO ESTADUAL,44111,,DANIEL BEZERRA RIBEIRO SOARES,FEDERAÇÃO UNIÃO PROGRESSISTA,,53812,,Válido,Suplente,04/10/2026 - 22:58:07
DEPUTADO ESTADUAL,20100,RICARDO FRANÇA,RICARDO LONGATTI FRANÇA,PODEMOS,PODEMOS,53644,0.23,Válido,Eleito por média,04/10/2026 - 22:58:07
DEPUTADO ESTADUAL,65035,,LECI BRANDAO DA SILVA,FEDERAÇÃO BRASIL DA ESPERANÇA - FE BRASIL,,53149,,Válido,Suplente,04/10/2026 - 22:58:07
DEPUTADO ESTADUAL,55655,,CLAUDINEIA TEIXEIRA DE CAMARGO,PARTIDO SOCIAL DEMOCRÁTICO,PSD,53119,,Válido,Suplente,04/10/2026 - 22:58:07
DEPUTADO ESTADUAL,22747,,LUCAS DE BARROS FLORES,PARTIDO LIBERAL,PL,52029,,Válido,Suplente,04/10/2026 - 22:58:07
DEPUTADO ESTADUAL,22922,,VALERIA MULLER RAMOS BOLSONARO,PARTIDO LIBERAL,PL,51274,,Válido,Suplente,04/10/2026 - 22:58:07
DEPUTADO ESTADUAL,20650,,IVAN FELICIANO SILVA,PODEMOS,PODEMOS,48389,,Válido,Suplente,04/10/2026 - 22:58:07
DEPUTADO ESTADUAL,55177,,MARA CRISTINA GABRILLI,PARTIDO SOCIAL DEMOCRÁTICO,PSD,48372,,Válido,Suplente,04/10/2026 - 22:58:07
DEPUTADO ESTADUAL,10680,,JULIO CESAR FUZARI,REPUBLICANOS,REPUBLICANOS,47626,,Válido,Suplente,04/10/2026 - 22:58:07
DEPUTADO ESTADUAL,45777,,DAMARIS DIAS MOURA KUO,FEDERAÇÃO PSDB CIDADANIA,,47079,,Válido,Suplente,04/10/2026 - 22:58:07
DEPUTADO ESTADUAL,10333,,LAZARO MARCOS SILVA DE BARROS,REPUBLICANOS,REPUBLICANOS,46821,,Válido,Suplente,04/10/2026 - 22:58:07
DEPUTADO ESTADUAL,13813,,FERNANDA STEFANI CURTI,FEDERAÇÃO BRASIL DA ESPERANÇA - FE BRASIL,,46626,,Válido,Suplente,04/10/2026 - 22:58:07
DEPUTADO ESTADUAL,20688,,ALESSANDRO DA SILVA,PODEMOS,PODEMOS,46367,,Válido,Suplente,04/10/2026 - 22:58:07
DEPUTADO ESTADUAL,20077,,EDNILSON CAZELLATO,PODEMOS,PODEMOS,45569,,Válido,Suplente,04/10/2026 - 22:58:07
DEPUTADO ESTADUAL,10022,,JOSE BERNARDO ORTIZ MONTEIRO JUNIOR,REPUBLICANOS,REPUBLICANOS,45009,,Válido,Suplente,04/10/2026 - 22:58:07
DEPUTADO ESTADUAL,22744,,SUÉLEI MARJORIE GONÇALVES,PARTIDO LIBERAL,PL,44848,,Válido,Suplente,04/10/2026 - 22:58:07
DEPUTADO ESTADUAL,15456,,SANDRA CRISTINA LEITE SANTANA,MOVIMENTO DEMOCRÁTICO BRASILEIRO,MDB,44406,,Válido,Suplente,04/10/2026 - 22:58:07
DEPUTADO ESTADUAL,40000,,ABIDAN HENRIQUE DA SILVA,PARTIDO SOCIALISTA BRASILEIRO,PSB,43620,,Válido,Suplente,04/10/2026 - 22:58:07
DEPUTADO ESTADUAL,22255,,FILIPE TOMAZELLI SABARA,PARTIDO LIBERAL,PL,43583,,Válido,Suplente,04/10/2026 - 22:58:07
DEPUTADO ESTADUAL,10888,,MAYRA ROSANNA GAMA DE ARAUJO SILVA DA COSTA,REPUBLICANOS,REPUBLICANOS,43311,,Válido,Suplente,04/10/2026 - 22:58:07
DEPUTADO ESTADUAL,13400,,ROSANGELA SILVA DOS SANTOS,FEDERAÇÃO BRASIL DA ESPERANÇA - FE BRASIL,,42521,,Válido,Suplente,04/10/2026 - 22:58:07
DEPUTADO ESTADUAL,10153,,LUCAS DE OLIVEIRA CARDOSO,REPUBLICANOS,REPUBLICANOS,42246,,Válido,Suplente,04/10/2026 - 22:58:07
DEPUTADO ESTADUAL,22223,,OSEIAS SANTOS DA SILVA,PARTIDO LIBERAL,PL,42223,,Válido,Suplente,04/10/2026 - 22:58:07
DEPUTADO ESTADUAL,10999,,RICARDO MOLINA DIAS,REPUBLICANOS,REPUBLICANOS,41991,,Válido,Suplente,04/10/2026 - 22:58:07
DEPUTADO ESTADUAL,15500,,ANDERSON PRADO DE LIMA,MOVIMENTO DEMOCRÁTICO BRASILEIRO,MDB,41648,,Válido,Suplente,04/10/2026 - 22:58:07
DEPUTADO ESTADUAL,20555,,VITOR ALEXANDRE RODRIGUES,PODEMOS,PODEMOS,41383,,Válido,Suplente,04/10/2026 - 22:58:07
DEPUTADO ESTADUAL,55255,,FLAVIA OLIVITO LANCHA ALVES DE OLIVEIRA,PARTIDO SOCIAL DEMOCRÁTICO,PSD,41349,,Válido,Suplente,04/10/2026 - 22:58:07
DEPUTADO ESTADUAL,22600,,LUIZ AUGUSTO ROMANI DE OLIVEIRA,PARTIDO LIBERAL,PL,41309,,Válido,Suplente,04/10/2026 - 22:58:07
DEPUTADO ESTADUAL,10018,,MARIA CONSTANTINO EMIDIO,REPUBLICANOS,REPUBLICANOS,41264,,Válido,Suplente,04/10/2026 - 22:58:07
DEPUTADO ESTADUAL,55025,,ROMULO LUIS DE LIMA RIPA,PARTIDO SOCIAL DEMOCRÁTICO,PSD,40873,,Válido,Suplente,04/10/2026 - 22:58:07
DEPUTADO ESTADUAL,44567,,MARLON FARIAS DA LUZ,FEDERAÇÃO UNIÃO PROGRESSISTA,,39722,,Válido,Suplente,04/10/2026 - 22:58:07
DEPUTADO ESTADUAL,22321,,FERNANDO PINHEIRO,PARTIDO LIBERAL,PL,39016,,Válido,Suplente,04/10/2026 - 22:58:07
DEPUTADO ESTADUAL,22220,,SONAIRA FERNANDES DE SANTANA SOUZA,PARTIDO LIBERAL,PL,39003,,Válido,Suplente,04/10/2026 - 22:58:07
DEPUTADO ESTADUAL,20101,,CLARICE CARASSOL AREVALO GANEM,PODEMOS,PODEMOS,38302,,Válido,Suplente,04/10/2026 - 22:58:07
DEPUTADO ESTADUAL,10200,,HIGOR DIEGO RALLA,REPUBLICANOS,REPUBLICANOS,37999,,Válido,Suplente,04/10/2026 - 22:58:07
DEPUTADO ESTADUAL,22700,,MARCELO THEODORO DE AGUIAR,PARTIDO LIBERAL,PL,37585,,Válido,Suplente,04/10/2026 - 22:58:07
DEPUTADO ESTADUAL,20678,,TIAGO MARTINS PERETTO,PODEMOS,PODEMOS,35219,,Válido,Suplente,04/10/2026 - 22:58:07
DEPUTADO ESTADUAL,20260,,WILLIAM SANCHES DE LIMA,PODEMOS,PODEMOS,34934,,Válido,Suplente,04/10/2026 - 22:58:07
DEPUTADO ESTADUAL,20700,,RAPHAEL MARTINS FERRIS,PODEMOS,PODEMOS,34901,,Válido,Suplente,04/10/2026 - 22:58:07
DEPUTADO ESTADUAL,55550,,RAQUEL KOBASHI GALLINATI LOMBARDI,PARTIDO SOCIAL DEMOCRÁTICO,PSD,34843,,Válido,Suplente,04/10/2026 - 22:58:07
DEPUTADO ESTADUAL,13588,,MARCELO NUNES SEMINALDO,FEDERAÇÃO BRASIL DA ESPERANÇA - FE BRASIL,,34571,,Válido,Suplente,04/10/2026 - 22:58:07
DEPUTADO ESTADUAL,40040,,VANESSA REGINA RODRIGUES SICCHIERI ZIOTTI PINTO,PARTIDO SOCIALISTA BRASILEIRO,PSB,33553,,Válido,Suplente,04/10/2026 - 22:58:07
DEPUTADO ESTADUAL,13600,,JORGE RODRIGO VALVERDE SANTANA,FEDERAÇÃO BRASIL DA ESPERANÇA - FE BRASIL,,33485,,Válido,Suplente,04/10/2026 - 22:58:07
DEPUTADO ESTADUAL,65656,,GUSTAVO LEMOS PETTA,FEDERAÇÃO BRASIL DA ESPERANÇA - FE BRASIL,,33311,,Válido,Suplente,04/10/2026 - 22:58:07
DEPUTADO ESTADUAL,13116,,MARIA PAULA MENDONÇA VIEIRA,FEDERAÇÃO BRASIL DA ESPERANÇA - FE BRASIL,,33209,,Válido,Suplente,04/10/2026 - 22:58:07
DEPUTADO ESTADUAL,22577,,ELIAS DO BOMFIM AMARAL,PARTIDO LIBERAL,PL,32889,,Válido,Suplente,04/10/2026 - 22:58:07
DEPUTADO ESTADUAL,13050,,NEWTON LIMA NETO,FEDERAÇÃO BRASIL DA ESPERANÇA - FE BRASIL,,32544,,Válido,Suplente,04/10/2026 - 22:58:07
DEPUTADO ESTADUAL,55755,,LUCAS POCAY ALVES DA SILVA,PARTIDO SOCIAL DEMOCRÁTICO,PSD,32446,,Válido,Suplente,04/10/2026 - 22:58:07
DEPUTADO ESTADUAL,40012,,TALITA DE LIMA BARBOSA,PARTIDO SOCIALISTA BRASILEIRO,PSB,31694,,Válido,Suplente,04/10/2026 - 22:58:07
DEPUTADO ESTADUAL,13258,,ESTELA ALEXANDRE ALMAGRO,FEDERAÇÃO BRASIL DA ESPERANÇA - FE BRASIL,,31151,,Válido,Suplente,04/10/2026 - 22:58:07
DEPUTADO ESTADUAL,44011,,ROBSON LIEBETANZ DZELVE CALABIANQUI JUNIOR,FEDERAÇÃO UNIÃO PROGRESSISTA,,31075,,Válido,Suplente,04/10/2026 - 22:58:07
DEPUTADO ESTADUAL,22380,,RENAN LEANDRO PAES,PARTIDO LIBERAL,PL,30943,,Válido,Suplente,04/10/2026 - 22:58:07
DEPUTADO ESTADUAL,10444,,CRISTIANY DE CASTRO,REPUBLICANOS,REPUBLICANOS,30835,,Válido,Suplente,04/10/2026 - 22:58:07
DEPUTADO ESTADUAL,55500,,LUCAS MOURÃO GLEREAN,PARTIDO SOCIAL DEMOCRÁTICO,PSD,30816,,Válido,Suplente,04/10/2026 - 22:58:07
DEPUTADO ESTADUAL,55955,,MARCIO GUSTAVO BERNARDES REIS,PARTIDO SOCIAL DEMOCRÁTICO,PSD,30046,,Válido,Suplente,04/10/2026 - 22:58:07
DEPUTADO ESTADUAL,55192,,AGNALDO PISCOPO,PARTIDO SOCIAL DEMOCRÁTICO,PSD,29968,,Válido,Suplente,04/10/2026 - 22:58:07
DEPUTADO ESTADUAL,15050,,JULIO CESAR CASARES FILHO,MOVIMENTO DEMOCRÁTICO BRASILEIRO,MDB,29728,,Válido,Suplente,04/10/2026 - 22:58:07
DEPUTADO ESTADUAL,55123,,GEORGIA SALES E SILVA,PARTIDO SOCIAL DEMOCRÁTICO,PSD,29584,,Válido,Suplente,04/10/2026 - 22:58:07
DEPUTADO ESTADUAL,55722,,CLAUDIO CESAR SILVA APOLINARIO,PARTIDO SOCIAL DEMOCRÁTICO,PSD,29490,,Válido,Suplente,04/10/2026 - 22:58:07
DEPUTADO ESTADUAL,44240,,WAGNER ALBINO BATISTA,FEDERAÇÃO UNIÃO PROGRESSISTA,,29440,,Válido,Suplente,04/10/2026 - 22:58:07
DEPUTADO ESTADUAL,23456,,CARLOS AUGUSTO ABRANCHES,FEDERAÇÃO PSDB CIDADANIA,,29426,,Válido,Suplente,04/10/2026 - 22:58:07
DEPUTADO ESTADUAL,55300,,CAIO KANJI PARDO AOQUI,PARTIDO SOCIAL DEMOCRÁTICO,PSD,28791,,Válido,Suplente,04/10/2026 - 22:58:07
DEPUTADO ESTADUAL,13222,,JULIANA FRAGA E SILVA DE SOUZA,FEDERAÇÃO BRASIL DA ESPERANÇA - FE BRASIL,,28743,,Válido,Suplente,04/10/2026 - 22:58:07
DEPUTADO ESTADUAL,10001,,CELSO NEULAND RUSSOMANNO,REPUBLICANOS,REPUBLICANOS,28446,,Válido,Suplente,04/10/2026 - 22:58:07
DEPUTADO ESTADUAL,11200,,ANTÔNIO CASSIO HABICE PRADO,FEDERAÇÃO UNIÃO PROGRESSISTA,,28341,,Válido,Suplente,04/10/2026 - 22:58:07
DEPUTADO ESTADUAL,55015,,EVERTON OLIVEIRA FERREIRA,PARTIDO SOCIAL DEMOCRÁTICO,PSD,27957,,Válido,Suplente,04/10/2026 - 22:58:07
DEPUTADO ESTADUAL,55456,,ANTONIO DIRCEU DALBEN,PARTIDO SOCIAL DEMOCRÁTICO,PSD,27937,,Válido,Suplente,04/10/2026 - 22:58:07
DEPUTADO ESTADUAL,11222,,ALISSON DE JESUS SANTOS,FEDERAÇÃO UNIÃO PROGRESSISTA,,26980,,Válido,Suplente,04/10/2026 - 22:58:07
DEPUTADO ESTADUAL,55678,,MARCIO MASSAMI NAKASHIMA,PARTIDO SOCIAL DEMOCRÁTICO,PSD,26794,,Válido,Suplente,04/10/2026 - 22:58:07
DEPUTADO ESTADUAL,20789,,ROGER FERNANDES GASQUES,PODEMOS,PODEMOS,26471,,Válido,Suplente,04/10/2026 - 22:58:07
DEPUTADO ESTADUAL,11022,,ROGERIO ALEXANDRE DA GRACA,FEDERAÇÃO UNIÃO PROGRESSISTA,,26200,,Válido,Suplente,04/10/2026 - 22:58:07
DEPUTADO ESTADUAL,22555,,JEFERSON MODESTO SILVA,PARTIDO LIBERAL,PL,25923,,Válido,Suplente,04/10/2026 - 22:58:07
DEPUTADO ESTADUAL,55345,,RODOLFO HESSEL FANGANIELLO,PARTIDO SOCIAL DEMOCRÁTICO,PSD,25397,,Válido,Suplente,04/10/2026 - 22:58:07
DEPUTADO ESTADUAL,55065,,JOSE RICARDO ALVARENGA TRIPOLI,PARTIDO SOCIAL DEMOCRÁTICO,PSD,25117,,Válido,Suplente,04/10/2026 - 22:58:07
DEPUTADO ESTADUAL,10555,,JOSE VINICIUS CAMPOS AITH,REPUBLICANOS,REPUBLICANOS,24834,,Válido,Suplente,04/10/2026 - 22:58:07
DEPUTADO ESTADUAL,13130,,FRANCISCO JOSE CAMPOS RODRIGUES,FEDERAÇÃO BRASIL DA ESPERANÇA - FE BRASIL,,24789,,Válido,Suplente,04/10/2026 - 22:58:07
DEPUTADO ESTADUAL,13913,,NEON DOS AFONSO CUNHA,FEDERAÇÃO BRASIL DA ESPERANÇA - FE BRASIL,,24493,,Válido,Suplente,04/10/2026 - 22:58:07
DEPUTADO ESTADUAL,22012,,JULIO CESAR PEREIRA DE SOUZA,PARTIDO LIBERAL,PL,24219,,Válido,Suplente,04/10/2026 - 22:58:07
DEPUTADO ESTADUAL,45000,,ANDRE GUSTAVO BANDEIRA,FEDERAÇÃO PSDB CIDADANIA,,24174,,Válido,Suplente,04/10/2026 - 22:58:07
DEPUTADO ESTADUAL,44400,,DULCE RITA CHAVES DE ANDRADE DABKIWICZ,FEDERAÇÃO UNIÃO PROGRESSISTA,,24097,,Válido,Suplente,04/10/2026 - 22:58:07
DEPUTADO ESTADUAL,22900,,FLAVIO GONCALVES DA COSTA,PARTIDO LIBERAL,PL,24002,,Válido,Suplente,04/10/2026 - 22:58:07
DEPUTADO ESTADUAL,43043,,ESTHER GALINA DA SILVA BRANCO DE MORAES,FEDERAÇÃO BRASIL DA ESPERANÇA - FE BRASIL,,23653,,Válido,Suplente,04/10/2026 - 22:58:07
DEPUTADO ESTADUAL,55556,,ANTONIO CARLOS DA SILVA,PARTIDO SOCIAL DEMOCRÁTICO,PSD,23504,,Válido,Suplente,04/10/2026 - 22:58:07
DEPUTADO ESTADUAL,14777,,RAFAEL DE ANDRADE GALVÃO MACRIS,PARTIDO MISSÃO,MISSÃO,23369,,Válido,Suplente,04/10/2026 - 22:58:07
DEPUTADO ESTADUAL,22230,,SANDRO MONTANARI RAMOS DE VASCONCELLOS,PARTIDO LIBERAL,PL,23073,,Válido,Suplente,04/10/2026 - 22:58:07
DEPUTADO ESTADUAL,23233,,MARCIO PASCHOAL GIUDICIO,FEDERAÇÃO PSDB CIDADANIA,,22643,,Válido,Suplente,04/10/2026 - 22:58:07
DEPUTADO ESTADUAL,50013,,ELIAS PEREIRA FREITAS DA SILVA JUNIOR,FEDERAÇÃO PSOL REDE,,22589,,Válido,Suplente,04/10/2026 - 22:58:07
DEPUTADO ESTADUAL,13113,,ROSIMEIRE APARECIDA ANTUNES DA SILVA,FEDERAÇÃO BRASIL DA ESPERANÇA - FE BRASIL,,22358,,Válido,Suplente,04/10/2026 - 22:58:07
DEPUTADO ESTADUAL,20620,,CESAR AUGUSTO JOSÉ,PODEMOS,PODEMOS,22328,,Válido,Suplente,04/10/2026 - 22:58:07
DEPUTADO ESTADUAL,13313,,ELISABETE TONOBOHN SIRAQUE,FEDERAÇÃO BRASIL DA ESPERANÇA - FE BRASIL,,22216,,Válido,Suplente,04/10/2026 - 22:58:07
DEPUTADO ESTADUAL,55357,,MARDQUEU SILVIO FRANCA FILHO,PARTIDO SOCIAL DEMOCRÁTICO,PSD,22081,,Válido,Suplente,04/10/2026 - 22:58:07
DEPUTADO ESTADUAL,50123,,FERNANDA DE OLIVEIRA SOUTO,FEDERAÇÃO PSOL REDE,,21792,,Válido,Suplente,04/10/2026 - 22:58:07
DEPUTADO ESTADUAL,40123,,GABRIEL BELEM DOS SANTOS,PARTIDO SOCIALISTA BRASILEIRO,PSB,21652,,Válido,Suplente,04/10/2026 - 22:58:07
DEPUTADO ESTADUAL,40700,,LEONORA MENDES DE LIMA,PARTIDO SOCIALISTA BRASILEIRO,PSB,21607,,Válido,Suplente,04/10/2026 - 22:58:07
DEPUTADO ESTADUAL,20003,,DIOGENES SANTIAGO NETTO,PODEMOS,PODEMOS,21336,,Válido,Suplente,04/10/2026 - 22:58:07
DEPUTADO ESTADUAL,11444,,ANDRE LUIS MOIMAS GROSSO,FEDERAÇÃO UNIÃO PROGRESSISTA,,21256,,Válido,Suplente,04/10/2026 - 22:58:07
DEPUTADO ESTADUAL,45223,,JOSE LEANDRO DOS REIS MACEDO,FEDERAÇÃO PSDB CIDADANIA,,21191,,Válido,Suplente,04/10/2026 - 22:58:07
DEPUTADO ESTADUAL,13777,,CLAUDIO APARECIDO DA SILVA,FEDERAÇÃO BRASIL DA ESPERANÇA - FE BRASIL,,21130,,Válido,Suplente,04/10/2026 - 22:58:07
DEPUTADO ESTADUAL,13713,,JESSY DAYANE SILVA SANTOS,FEDERAÇÃO BRASIL DA ESPERANÇA - FE BRASIL,,21058,,Válido,Suplente,04/10/2026 - 22:58:07
DEPUTADO ESTADUAL,18877,,JANETE ROCHA PIETA,FEDERAÇÃO PSOL REDE,,20576,,Válido,Suplente,04/10/2026 - 22:58:07
DEPUTADO ESTADUAL,14123,,LEONARDO CALICCHIO,PARTIDO MISSÃO,MISSÃO,19844,,Válido,Suplente,04/10/2026 - 22:58:07
DEPUTADO ESTADUAL,20202,,DIEGO BRUNO DE SOUZA SIQUEIRA,PODEMOS,PODEMOS,19755,,Válido,Suplente,04/10/2026 - 22:58:07
DEPUTADO ESTADUAL,50550,,FERNANDA SCHLIC GARCIA,FEDERAÇÃO PSOL REDE,,19696,,Válido,Suplente,04/10/2026 - 22:58:07
DEPUTADO ESTADUAL,55321,,WANDERLEY RODRIGUES DE MORAES JUNIOR,PARTIDO SOCIAL DEMOCRÁTICO,PSD,19561,,Válido,Suplente,04/10/2026 - 22:58:07
DEPUTADO ESTADUAL,55150,,JOSE LAVELLI DE LIMA,PARTIDO SOCIAL DEMOCRÁTICO,PSD,19356,,Válido,Suplente,04/10/2026 - 22:58:07
DEPUTADO ESTADUAL,23529,,MARIO LUCIO DA CONCEICAO,FEDERAÇÃO PSDB CIDADANIA,,19255,,Válido,Suplente,04/10/2026 - 22:58:07
DEPUTADO ESTADUAL,55600,,RITA DE CASSIA TONIELO,PARTIDO SOCIAL DEMOCRÁTICO,PSD,19216,,Válido,Suplente,04/10/2026 - 22:58:07
DEPUTADO ESTADUAL,14190,,ÍTALO GABRIEL MOREIRA,PARTIDO MISSÃO,MISSÃO,19108,,Válido,Suplente,04/10/2026 - 22:58:07
DEPUTADO ESTADUAL,45450,,RAUL VICENTINI,FEDERAÇÃO PSDB CIDADANIA,,19043,,Válido,Suplente,04/10/2026 - 22:58:07
DEPUTADO ESTADUAL,44010,,JOÃO DONIZETI SILVESTRE,FEDERAÇÃO UNIÃO PROGRESSISTA,,19015,,Válido,Suplente,04/10/2026 - 22:58:07
DEPUTADO ESTADUAL,20010,,AMANDA BEATRIZ FOLTRAN GANEM,PODEMOS,PODEMOS,18915,,Válido,Suplente,04/10/2026 - 22:58:07
DEPUTADO ESTADUAL,20234,,EDMILSON MARINHO DA SILVA JUNIOR,PODEMOS,PODEMOS,18749,,Válido,Suplente,04/10/2026 - 22:58:07
DEPUTADO ESTADUAL,20633,,JONEY SASAKI,PODEMOS,PODEMOS,18636,,Válido,Suplente,04/10/2026 - 22:58:07
DEPUTADO ESTADUAL,10122,,FELIPE CARMONA CANTERA,REPUBLICANOS,REPUBLICANOS,18512,,Válido,Suplente,04/10/2026 - 22:58:07
DEPUTADO ESTADUAL,22688,,GILMARA ALMEIDA GONCALVES RIEVRS OLIVEIRA,PARTIDO LIBERAL,PL,18464,,Válido,Suplente,04/10/2026 - 22:58:07
DEPUTADO ESTADUAL,44777,,ELISSANDRO MARCIO SILVA LINDOSO,FEDERAÇÃO UNIÃO PROGRESSISTA,,18421,,Válido,Suplente,04/10/2026 - 22:58:07
DEPUTADO ESTADUAL,25678,,ALAN DOS SANTOS LEAL,FEDERAÇÃO RENOVAÇÃO SOLIDÁRIA,,18212,,Válido,Suplente,04/10/2026 - 22:58:07
DEPUTADO ESTADUAL,22221,,DERMEVAL NEVOEIRO DEMARCHI,PARTIDO LIBERAL,PL,17843,,Válido,Suplente,04/10/2026 - 22:58:07
DEPUTADO ESTADUAL,10002,,DANIELE KARINE DIAS DE OLIVEIRA,REPUBLICANOS,REPUBLICANOS,17705,,Válido,Suplente,04/10/2026 - 22:58:07
DEPUTADO ESTADUAL,40122,,ANTONIO DE SOUSA RAMALHO,PARTIDO SOCIALISTA BRASILEIRO,PSB,17692,,Válido,Suplente,04/10/2026 - 22:58:07
DEPUTADO ESTADUAL,44888,,ANTONIO CARLOS DA SILVA,FEDERAÇÃO UNIÃO PROGRESSISTA,,17547,,Válido,Suplente,04/10/2026 - 22:58:07
DEPUTADO ESTADUAL,22090,,MARINA PEREIRA BRAGA,PARTIDO LIBERAL,PL,17410,,Válido,Suplente,04/10/2026 - 22:58:07
DEPUTADO ESTADUAL,44333,,EDICARLOS VIEIRA,FEDERAÇÃO UNIÃO PROGRESSISTA,,16969,,Válido,Suplente,04/10/2026 - 22:58:07
DEPUTADO ESTADUAL,55789,,JULIA NUNES MACHADO,PARTIDO SOCIAL DEMOCRÁTICO,PSD,16915,,Válido,Suplente,04/10/2026 - 22:58:07
DEPUTADO ESTADUAL,77777,,WALDIR JOSE SCHIAVON JUNIOR,FEDERAÇÃO RENOVAÇÃO SOLIDÁRIA,,16820,,Válido,Suplente,04/10/2026 - 22:58:07
DEPUTADO ESTADUAL,22211,,MARCIA ELIZA DA SILVA,PARTIDO LIBERAL,PL,16684,,Válido,Suplente,04/10/2026 - 22:58:07
DEPUTADO ESTADUAL,40111,,FABIO CESAR FERREIRA,PARTIDO SOCIALISTA BRASILEIRO,PSB,16555,,Válido,Suplente,04/10/2026 - 22:58:07
DEPUTADO ESTADUAL,55001,,LUCIA DE FATIMA SILVA ROSIM,PARTIDO SOCIAL DEMOCRÁTICO,PSD,16400,,Válido,Suplente,04/10/2026 - 22:58:07
DEPUTADO ESTADUAL,55111,,CAIO ARIAS MATHEUS,PARTIDO SOCIAL DEMOCRÁTICO,PSD,16258,,Válido,Suplente,04/10/2026 - 22:58:07
DEPUTADO ESTADUAL,15515,,ELISABETE FERREIRA SATO,MOVIMENTO DEMOCRÁTICO BRASILEIRO,MDB,16230,,Válido,Suplente,04/10/2026 - 22:58:07
DEPUTADO ESTADUAL,55533,,ADRIANA SOARES ARAUJO MACHADO,PARTIDO SOCIAL DEMOCRÁTICO,PSD,16183,,Válido,Suplente,04/10/2026 - 22:58:07
DEPUTADO ESTADUAL,22002,,DEBORA DE ANDRADE PALERMO,PARTIDO LIBERAL,PL,16168,,Válido,Suplente,04/10/2026 - 22:58:07
DEPUTADO ESTADUAL,40500,,GRAZIELA COSTA LEITE,PARTIDO SOCIALISTA BRASILEIRO,PSB,16100,,Válido,Suplente,04/10/2026 - 22:58:07
DEPUTADO ESTADUAL,10234,,PAULO HENRIQUE MIYASIRO DE ABREU,REPUBLICANOS,REPUBLICANOS,15903,,Válido,Suplente,04/10/2026 - 22:58:07
DEPUTADO ESTADUAL,13900,,JULIANA SOARES DO NASCIMENTO,FEDERAÇÃO BRASIL DA ESPERANÇA - FE BRASIL,,15799,,Válido,Suplente,04/10/2026 - 22:58:07
DEPUTADO ESTADUAL,11010,,MÜLLER PASCHOAL DE OLIVEIRA FERREIRA,FEDERAÇÃO UNIÃO PROGRESSISTA,,15616,,Válido,Suplente,04/10/2026 - 22:58:07
DEPUTADO ESTADUAL,55444,,BRUNA FERNANDES PERISSINOTTO,PARTIDO SOCIAL DEMOCRÁTICO,PSD,15497,,Válido,Suplente,04/10/2026 - 22:58:07
DEPUTADO ESTADUAL,50888,,CHIRLEY MARIA DE SOUZA ALMEIDA SANTOS,FEDERAÇÃO PSOL REDE,,15423,,Válido,Suplente,04/10/2026 - 22:58:07
DEPUTADO ESTADUAL,20022,,SONIA REGINA RODRIGUES MODENA,PODEMOS,PODEMOS,15294,,Válido,Suplente,04/10/2026 - 22:58:07
DEPUTADO ESTADUAL,30888,,ANDRÉ ELIAS RODINI LUIZ,PARTIDO NOVO,NOVO,15267,,Válido,Suplente,04/10/2026 - 22:58:07
DEPUTADO ESTADUAL,65123,,PEDRO ANTONIO BIGARDI,FEDERAÇÃO BRASIL DA ESPERANÇA - FE BRASIL,,14920,,Válido,Suplente,04/10/2026 - 22:58:07
DEPUTADO ESTADUAL,15678,,RAFAEL VIRGINELLI,MOVIMENTO DEMOCRÁTICO BRASILEIRO,MDB,14859,,Válido,Suplente,04/10/2026 - 22:58:07
DEPUTADO ESTADUAL,55999,,DIOGO REIS DA COSTA,PARTIDO SOCIAL DEMOCRÁTICO,PSD,14857,,Válido,Suplente,04/10/2026 - 22:58:07
DEPUTADO ESTADUAL,15012,,IZAIAS JOSÉ DE SANTANA,MOVIMENTO DEMOCRÁTICO BRASILEIRO,MDB,14765,,Válido,Suplente,04/10/2026 - 22:58:07
DEPUTADO ESTADUAL,22010,,MARIA LUIZA FERNANDES,PARTIDO LIBERAL,PL,14466,,Válido,Suplente,04/10/2026 - 22:58:07
DEPUTADO ESTADUAL,11123,,SANTIAGO DOS SANTOS ANGELO,FEDERAÇÃO UNIÃO PROGRESSISTA,,14221,,Válido,Suplente,04/10/2026 - 22:58:07
DEPUTADO ESTADUAL,22102,,ROSANA RABELO MONTANINI,PARTIDO LIBERAL,PL,14118,,Válido,Suplente,04/10/2026 - 22:58:07
DEPUTADO ESTADUAL,20800,,MADELEINE ROSE DEA MARIA DE FREITAS LACSKO,PODEMOS,PODEMOS,14071,,Válido,Suplente,04/10/2026 - 22:58:07
DEPUTADO ESTADUAL,23234,,VINÍCIUS DE OLIVEIRA SANDOVAL,FEDERAÇÃO PSDB CIDADANIA,,13967,,Válido,Suplente,04/10/2026 - 22:58:07
DEPUTADO ESTADUAL,55088,,CLOVIS VOLPI,PARTIDO SOCIAL DEMOCRÁTICO,PSD,13942,,Válido,Suplente,04/10/2026 - 22:58:07
DEPUTADO ESTADUAL,22333,,ERISMAR SOARES CLEMENTINO,PARTIDO LIBERAL,PL,13832,,Válido,Suplente,04/10/2026 - 22:58:07
DEPUTADO ESTADUAL,13000,,ALESSANDRO CEZAR ARAUJO AZEVEDO,FEDERAÇÃO BRASIL DA ESPERANÇA - FE BRASIL,,13433,,Válido,Suplente,04/10/2026 - 22:58:07
DEPUTADO ESTADUAL,55022,,NELSON HOSSRI NETO,PARTIDO SOCIAL DEMOCRÁTICO,PSD,13334,,Válido,Suplente,04/10/2026 - 22:58:07
DEPUTADO ESTADUAL,55850,,VALDECIR ALVES PEREIRA,PARTIDO SOCIAL DEMOCRÁTICO,PSD,13249,,Válido,Suplente,04/10/2026 - 22:58:07
DEPUTADO ESTADUAL,20147,,ANISTALDO LUIZ LOPES DA SILVA,PODEMOS,PODEMOS,13243,,Válido,Suplente,04/10/2026 - 22:58:07
DEPUTADO ESTADUAL,22200,,HUGO PEREIRA DE CASTRO,PARTIDO LIBERAL,PL,13197,,Válido,Suplente,04/10/2026 - 22:58:07
DEPUTADO ESTADUAL,20321,,FABRICIO CARDOSO DE OLIVEIRA,PODEMOS,PODEMOS,13193,,Válido,Suplente,04/10/2026 - 22:58:07
DEPUTADO ESTADUAL,55545,,FERNANDO JOSE PIFFER,PARTIDO SOCIAL DEMOCRÁTICO,PSD,13188,,Válido,Suplente,04/10/2026 - 22:58:07
DEPUTADO ESTADUAL,22088,,JOSE NILTON SANTOS,PARTIDO LIBERAL,PL,13174,,Válido,Suplente,04/10/2026 - 22:58:07
DEPUTADO ESTADUAL,55222,,VLADEMIR JOAO CARLOS GALDINO,PARTIDO SOCIAL DEMOCRÁTICO,PSD,13069,,Válido,Suplente,04/10/2026 - 22:58:07
DEPUTADO ESTADUAL,44004,,MARIA APARECIDA REZENDE CORSATO,FEDERAÇÃO UNIÃO PROGRESSISTA,,12713,,Válido,Suplente,04/10/2026 - 22:58:07
DEPUTADO ESTADUAL,20206,,LUIZ ZACARIAS DE ARAUJO FILHO,PODEMOS,PODEMOS,12570,,Válido,Suplente,04/10/2026 - 22:58:07
DEPUTADO ESTADUAL,12500,,FERNANDO PEREIRA SIRCHIA JUNIOR,PARTIDO DEMOCRÁTICO TRABALHISTA,PDT,12553,,Válido,Não eleito,04/10/2026 - 22:58:07
DEPUTADO ESTADUAL,13013,,ISABELLY MARIA DE CARVALHO,FEDERAÇÃO BRASIL DA ESPERANÇA - FE BRASIL,,12513,,Válido,Suplente,04/10/2026 - 22:58:07
DEPUTADO ESTADUAL,55033,,SAMUEL VITOR PEREIRA BERNARDI,PARTIDO SOCIAL DEMOCRÁTICO,PSD,12338,,Válido,Suplente,04/10/2026 - 22:58:07
DEPUTADO ESTADUAL,55100,,SILVIO ROBERTO DE OLIVEIRA,PARTIDO SOCIAL DEMOCRÁTICO,PSD,12333,,Válido,Suplente,04/10/2026 - 22:58:07
DEPUTADO ESTADUAL,55558,,FERNANDO AUGUSTO CUNHA,PARTIDO SOCIAL DEMOCRÁTICO,PSD,12196,,Válido,Suplente,04/10/2026 - 22:58:07
DEPUTADO ESTADUAL,55011,,FAOUAZ TAHA,PARTIDO SOCIAL DEMOCRÁTICO,PSD,12035,,Válido,Suplente,04/10/2026 - 22:58:07
DEPUTADO ESTADUAL,40300,,CARMEN DA SILVA FERREIRA,PARTIDO SOCIALISTA BRASILEIRO,PSB,11991,,Válido,Suplente,04/10/2026 - 22:58:07
DEPUTADO ESTADUAL,13580,,ALTAIR NERI BEZERRA,FEDERAÇÃO BRASIL DA ESPERANÇA - FE BRASIL,,11966,,Válido,Suplente,04/10/2026 - 22:58:07
DEPUTADO ESTADUAL,50180,,CAROLINA RUSSO SIMON,FEDERAÇÃO PSOL REDE,,11919,,Válido,Suplente,04/10/2026 - 22:58:07
DEPUTADO ESTADUAL,65180,,NAJARA LIMA COSTA,FEDERAÇÃO BRASIL DA ESPERANÇA - FE BRASIL,,11825,,Válido,Suplente,04/10/2026 - 22:58:07
DEPUTADO ESTADUAL,22678,,ANDREA PEREIRA SILVA SOUZA,PARTIDO LIBERAL,PL,11813,,Válido,Suplente,04/10/2026 - 22:58:07
DEPUTADO ESTADUAL,10500,,JOHNY DA SILVA SANTOS,REPUBLICANOS,REPUBLICANOS,11805,,Válido,Suplente,04/10/2026 - 22:58:07
DEPUTADO ESTADUAL,23022,,RODOLFO SILVA DONETTI,FEDERAÇÃO PSDB CIDADANIA,,11793,,Válido,Suplente,04/10/2026 - 22:58:07
DEPUTADO ESTADUAL,10377,,RAFAEL BELLINATTI DE ANGELI,REPUBLICANOS,REPUBLICANOS,11691,,Válido,Suplente,04/10/2026 - 22:58:07
DEPUTADO ESTADUAL,13500,,PRISCILA CINTRA NEVES GOMIDE,FEDERAÇÃO BRASIL DA ESPERANÇA - FE BRASIL,,11508,,Válido,Suplente,04/10/2026 - 22:58:07
DEPUTADO ESTADUAL,22055,,THIAGO DA SILVA SANTOS,PARTIDO LIBERAL,PL,11501,,Válido,Suplente,04/10/2026 - 22:58:07
DEPUTADO ESTADUAL,13333,,MICHEL OLIVEIRA RODRIGUES DA SILVA,FEDERAÇÃO BRASIL DA ESPERANÇA - FE BRASIL,,11479,,Válido,Suplente,04/10/2026 - 22:58:07
DEPUTADO ESTADUAL,40400,,RODRIGO DORADO STARCK,PARTIDO SOCIALISTA BRASILEIRO,PSB,11468,,Válido,Suplente,04/10/2026 - 22:58:07
DEPUTADO ESTADUAL,11011,,ALBERTO DE HOLLANDA HADDAD,FEDERAÇÃO UNIÃO PROGRESSISTA,,11451,,Válido,Suplente,04/10/2026 - 22:58:07
DEPUTADO ESTADUAL,20020,,LUIZ HENRIQUE CIRILO,PODEMOS,PODEMOS,11358,,Válido,Suplente,04/10/2026 - 22:58:07
DEPUTADO ESTADUAL,13026,,PERLA CAROLINA LEAL SILVA MULLER,FEDERAÇÃO BRASIL DA ESPERANÇA - FE BRASIL,,11266,,Válido,Suplente,04/10/2026 - 22:58:07
DEPUTADO ESTADUAL,65000,,GUILHERME SPADARI BIANCO,FEDERAÇÃO BRASIL DA ESPERANÇA - FE BRASIL,,11111,,Válido,Suplente,04/10/2026 - 22:58:07
DEPUTADO ESTADUAL,15111,,PAULO EDUARDO ANDRADE ORTIZ,MOVIMENTO DEMOCRÁTICO BRASILEIRO,MDB,11010,,Válido,Suplente,04/10/2026 - 22:58:07
DEPUTADO ESTADUAL,20190,,FERNANDO HENRIQUE DA SILVA,PODEMOS,PODEMOS,10945,,Válido,Suplente,04/10/2026 - 22:58:07
DEPUTADO ESTADUAL,44500,,ALESSANDRO FAUSTINO MARTINS,FEDERAÇÃO UNIÃO PROGRESSISTA,,10739,,Válido,Suplente,04/10/2026 - 22:58:07
DEPUTADO ESTADUAL,80000,,JULIA CRISTINA RODRIGUES DA SILVA,UNIDADE POPULAR,UP,10668,,Válido,Não eleito,04/10/2026 - 22:58:07
DEPUTADO ESTADUAL,22018,,ADOLFO PADILHA,PARTIDO LIBERAL,PL,10638,,Válido,Suplente,04/10/2026 - 22:58:07
DEPUTADO ESTADUAL,22580,,HELIO BRESSAN,PARTIDO LIBERAL,PL,10634,,Válido,Suplente,04/10/2026 - 22:58:07
DEPUTADO ESTADUAL,77277,,ORLANDO MAURICIO JUNIOR,FEDERAÇÃO RENOVAÇÃO SOLIDÁRIA,,10413,,Anulado sub judice,Não eleito,04/10/2026 - 22:58:07
DEPUTADO ESTADUAL,55190,,HELENA DOS SANTOS REIS,PARTIDO SOCIAL DEMOCRÁTICO,PSD,10390,,Válido,Suplente,04/10/2026 - 22:58:07
DEPUTADO ESTADUAL,20400,,MOISES LUCIANO PEREIRA DOS SANTOS,PODEMOS,PODEMOS,10350,,Válido,Suplente,04/10/2026 - 22:58:07
DEPUTADO ESTADUAL,25777,,LEONARDO RODRIGUES PEREIRA DE OLIVEIRA,FEDERAÇÃO RENOVAÇÃO SOLIDÁRIA,,10339,,Válido,Suplente,04/10/2026 - 22:58:07
DEPUTADO ESTADUAL,22232,,DEBORA CAMARA ROMANI,PARTIDO LIBERAL,PL,10281,,Válido,Suplente,04/10/2026 - 22:58:07
DEPUTADO ESTADUAL,50005,,PAULO ROGERIO NOGGERINI JUNIOR,FEDERAÇÃO PSOL REDE,,9995,,Válido,Suplente,04/10/2026 - 22:58:07
DEPUTADO ESTADUAL,20456,,ADRIANO SANTANA DOS SANTOS,PODEMOS,PODEMOS,9956,,Válido,Suplente,04/10/2026 - 22:58:07
DEPUTADO ESTADUAL,22181,,JULIO CESAR CACCIARI DE MOURA,PARTIDO LIBERAL,PL,9948,,Válido,Suplente,04/10/2026 - 22:58:07
DEPUTADO ESTADUAL,55675,,GERVINO CLÁUDIO GONÇALVES,PARTIDO SOCIAL DEMOCRÁTICO,PSD,9874,,Válido,Suplente,04/10/2026 - 22:58:07
DEPUTADO ESTADUAL,11555,,EVERSON LEONARDI DE PAULA,FEDERAÇÃO UNIÃO PROGRESSISTA,,9827,,Válido,Suplente,04/10/2026 - 22:58:07
DEPUTADO ESTADUAL,13678,,FRANCISCO JOSE NOGUEIRA DA SILVA,FEDERAÇÃO BRASIL DA ESPERANÇA - FE BRASIL,,9639,,Válido,Suplente,04/10/2026 - 22:58:07
DEPUTADO ESTADUAL,22722,,THIAGO JOSE COLPANI,PARTIDO LIBERAL,PL,9594,,Válido,Suplente,04/10/2026 - 22:58:07
DEPUTADO ESTADUAL,10789,,FILIPE AUGUSTO FORNARI MONTANHOLI,REPUBLICANOS,REPUBLICANOS,9591,,Válido,Suplente,04/10/2026 - 22:58:07
DEPUTADO ESTADUAL,15440,,JUAREZ PEREIRA DA SILVA,MOVIMENTO DEMOCRÁTICO BRASILEIRO,MDB,9588,,Válido,Suplente,04/10/2026 - 22:58:07
DEPUTADO ESTADUAL,22025,,AMÉRICO MASSAKI HIGUTI,PARTIDO LIBERAL,PL,9584,,Válido,Suplente,04/10/2026 - 22:58:07
DEPUTADO ESTADUAL,77012,,SERGIO LUIZ DE ARAUJO,FEDERAÇÃO RENOVAÇÃO SOLIDÁRIA,,9565,,Válido,Suplente,04/10/2026 - 22:58:07
DEPUTADO ESTADUAL,40004,,FERNANDO CAMPOS GOMES PINTO,PARTIDO SOCIALISTA BRASILEIRO,PSB,9482,,Válido,Suplente,04/10/2026 - 22:58:07
DEPUTADO ESTADUAL,77800,,FRANCISCO BRUNO MARIANO DE MORAES RABELLO,FEDERAÇÃO RENOVAÇÃO SOLIDÁRIA,,9464,,Válido,Suplente,04/10/2026 - 22:58:07
DEPUTADO ESTADUAL,20033,,CLODOALDO SANTOS DA SILVA,PODEMOS,PODEMOS,9223,,Válido,Suplente,04/10/2026 - 22:58:07
DEPUTADO ESTADUAL,22077,,DANILO MARCO MORGADO SILVA,PARTIDO LIBERAL,PL,9145,,Válido,Suplente,04/10/2026 - 22:58:07
DEPUTADO ESTADUAL,30001,,WAGNER TADEU SILVA PRADO,PARTIDO NOVO,NOVO,9133,,Válido,Suplente,04/10/2026 - 22:58:07
DEPUTADO ESTADUAL,10600,,LUIZ CARLOS GONDIM TEIXEIRA,REPUBLICANOS,REPUBLICANOS,9076,,Válido,Suplente,04/10/2026 - 22:58:07
DEPUTADO ESTADUAL,22823,,EDEMILSON ROGERIO GIROTO,PARTIDO LIBERAL,PL,9075,,Válido,Suplente,04/10/2026 - 22:58:07
DEPUTADO ESTADUAL,15002,,MARCELO ALVES GERALDES,MOVIMENTO DEMOCRÁTICO BRASILEIRO,MDB,9067,,Válido,Suplente,04/10/2026 - 22:58:07
DEPUTADO ESTADUAL,10300,,RODRIGO FERNANDO NOVELLI,REPUBLICANOS,REPUBLICANOS,9059,,Válido,Suplente,04/10/2026 - 22:58:07
DEPUTADO ESTADUAL,10012,,GLAUCIA BERENICE SANTOS DA SILVA,REPUBLICANOS,REPUBLICANOS,8985,,Válido,Suplente,04/10/2026 - 22:58:07
DEPUTADO ESTADUAL,50024,,RAFAEL GONZAGA DE OLIVEIRA SANTANA,FEDERAÇÃO PSOL REDE,,8915,,Válido,Suplente,04/10/2026 - 22:58:07
DEPUTADO ESTADUAL,30190,,AURÉLIO ALVES HILA GIMENES,PARTIDO NOVO,NOVO,8914,,Válido,Suplente,04/10/2026 - 22:58:07
DEPUTADO ESTADUAL,22202,,MARCELO BOLSONARO,PARTIDO LIBERAL,PL,8904,,Válido,Suplente,04/10/2026 - 22:58:07
DEPUTADO ESTADUAL,22357,,JOÃO ARRAIS SERODIO NETO,PARTIDO LIBERAL,PL,8763,,Válido,Suplente,04/10/2026 - 22:58:07
DEPUTADO ESTADUAL,13111,,JACQUELINE DE CAMPOS MEDEIROS,FEDERAÇÃO BRASIL DA ESPERANÇA - FE BRASIL,,8757,,Válido,Suplente,04/10/2026 - 22:58:07
DEPUTADO ESTADUAL,18999,,ALINE DOURADOR LUCHETTA,FEDERAÇÃO PSOL REDE,,8676,,Válido,Suplente,04/10/2026 - 22:58:07
DEPUTADO ESTADUAL,27027,,EDUARDO ANTONIO DA SILVA PIRES,DEMOCRACIA CRISTÃ,DC,8456,,Válido,Não eleito,04/10/2026 - 22:58:07
DEPUTADO ESTADUAL,70123,,CAIO HENRIQUE CURI DE MOURA,AVANTE,AVANTE,8420,,Válido,Não eleito,04/10/2026 - 22:58:07
DEPUTADO ESTADUAL,22456,,ANTONIA DE JESUS BARBOSA FERNANDES,PARTIDO LIBERAL,PL,8416,,Válido,Suplente,04/10/2026 - 22:58:07
DEPUTADO ESTADUAL,55599,,LUIS FELIPE RODOMONTE DE SOUZA,PARTIDO SOCIAL DEMOCRÁTICO,PSD,8333,,Válido,Suplente,04/10/2026 - 22:58:07
DEPUTADO ESTADUAL,22567,,IZAQUE JOSÉ DA SILVA,PARTIDO LIBERAL,PL,8283,,Válido,Suplente,04/10/2026 - 22:58:07
DEPUTADO ESTADUAL,20011,,FABIO JORGE RODRIGUES,PODEMOS,PODEMOS,8227,,Válido,Suplente,04/10/2026 - 22:58:07
DEPUTADO ESTADUAL,11500,,DEBORA MARCONDES SILVA FERRARESI,FEDERAÇÃO UNIÃO PROGRESSISTA,,8175,,Válido,Suplente,04/10/2026 - 22:58:07
DEPUTADO ESTADUAL,40910,,RODRIGO GONZALES TAPIA,PARTIDO SOCIALISTA BRASILEIRO,PSB,8107,,Válido,Suplente,04/10/2026 - 22:58:07
DEPUTADO ESTADUAL,55588,,PAULA OLIVEIRA LEMOS,PARTIDO SOCIAL DEMOCRÁTICO,PSD,8076,,Válido,Suplente,04/10/2026 - 22:58:07
DEPUTADO ESTADUAL,10193,,FLAVIO HENRIQUE PINTO DOS SANTOS,REPUBLICANOS,REPUBLICANOS,7992,,Válido,Suplente,04/10/2026 - 22:58:07
DEPUTADO ESTADUAL,15580,,MARCELO ROSSI,MOVIMENTO DEMOCRÁTICO BRASILEIRO,MDB,7949,,Válido,Suplente,04/10/2026 - 22:58:07
DEPUTADO ESTADUAL,15180,,OLÍVIA DOS SANTOS FONSECA,MOVIMENTO DEMOCRÁTICO BRASILEIRO,MDB,7917,,Válido,Suplente,04/10/2026 - 22:58:07
DEPUTADO ESTADUAL,14144,,NICOLY SANTOS BEZERRA,PARTIDO MISSÃO,MISSÃO,7873,,Válido,Suplente,04/10/2026 - 22:58:07
DEPUTADO ESTADUAL,15011,,ANDRE LUIZ NASCIMENTO DA SILVA,MOVIMENTO DEMOCRÁTICO BRASILEIRO,MDB,7808,,Válido,Suplente,04/10/2026 - 22:58:07
DEPUTADO ESTADUAL,44056,,DIOGO MOURA DOS SANTOS,FEDERAÇÃO UNIÃO PROGRESSISTA,,7802,,Válido,Suplente,04/10/2026 - 22:58:07
DEPUTADO ESTADUAL,25123,,EDSON TOMAZINI,FEDERAÇÃO RENOVAÇÃO SOLIDÁRIA,,7801,,Válido,Suplente,04/10/2026 - 22:58:07
DEPUTADO ESTADUAL,55018,,MONICA ROSENBERG BRAIZAT,PARTIDO SOCIAL DEMOCRÁTICO,PSD,7789,,Válido,Suplente,04/10/2026 - 22:58:07
DEPUTADO ESTADUAL,70700,,SAMIR SUBHI SALOUS,AVANTE,AVANTE,7786,,Válido,Não eleito,04/10/2026 - 22:58:07
DEPUTADO ESTADUAL,40555,,AILTON FERNANDES SARMENTO,PARTIDO SOCIALISTA BRASILEIRO,PSB,7770,,Válido,Suplente,04/10/2026 - 22:58:07
DEPUTADO ESTADUAL,25255,,FLAVIA CRISTIANE GONÇALVES RESENDE,FEDERAÇÃO RENOVAÇÃO SOLIDÁRIA,,7719,,Válido,Suplente,04/10/2026 - 22:58:07
DEPUTADO ESTADUAL,11193,,MAURO MARQUES DAS NEVES,FEDERAÇÃO UNIÃO PROGRESSISTA,,7647,,Válido,Suplente,04/10/2026 - 22:58:07
DEPUTADO ESTADUAL,27777,,RAMIRO MEVES,DEMOCRACIA CRISTÃ,DC,7373,,Válido,Não eleito,04/10/2026 - 22:58:07
DEPUTADO ESTADUAL,22044,,BRUNO HENRIQUE MARQUES MOURA,PARTIDO LIBERAL,PL,7363,,Válido,Suplente,04/10/2026 - 22:58:07
DEPUTADO ESTADUAL,22042,,GUERLI JOSIELI HERZOG FERREIRA,PARTIDO LIBERAL,PL,7352,,Válido,Suplente,04/10/2026 - 22:58:07
DEPUTADO ESTADUAL,55151,,SILVIO SANZONE,PARTIDO SOCIAL DEMOCRÁTICO,PSD,7300,,Válido,Suplente,04/10/2026 - 22:58:07
DEPUTADO ESTADUAL,55333,,ADRIANO DOS SANTOS,PARTIDO SOCIAL DEMOCRÁTICO,PSD,7243,,Válido,Suplente,04/10/2026 - 22:58:07
DEPUTADO ESTADUAL,40433,,JARKSON VILAR DA SILVA,PARTIDO SOCIALISTA BRASILEIRO,PSB,7177,,Válido,Suplente,04/10/2026 - 22:58:07
DEPUTADO ESTADUAL,65777,,EMERSON MARCIO VITALINO,FEDERAÇÃO BRASIL DA ESPERANÇA - FE BRASIL,,7069,,Válido,Suplente,04/10/2026 - 22:58:07
DEPUTADO ESTADUAL,55355,,DAZIO VASCONCELOS,PARTIDO SOCIAL DEMOCRÁTICO,PSD,7008,,Válido,Suplente,04/10/2026 - 22:58:07
DEPUTADO ESTADUAL,10678,,MARCIO MELO GOMES,REPUBLICANOS,REPUBLICANOS,6990,,Válido,Suplente,04/10/2026 - 22:58:07
DEPUTADO ESTADUAL,12000,,HENRIQUE BARROS DA SILVA,PARTIDO DEMOCRÁTICO TRABALHISTA,PDT,6904,,Válido,Não eleito,04/10/2026 - 22:58:07
DEPUTADO ESTADUAL,40888,,CICERO JOÃO DA SILVA,PARTIDO SOCIALISTA BRASILEIRO,PSB,6888,,Válido,Suplente,04/10/2026 - 22:58:07
DEPUTADO ESTADUAL,13200,,CLAUDIO BISPO,FEDERAÇÃO BRASIL DA ESPERANÇA - FE BRASIL,,6812,,Válido,Suplente,04/10/2026 - 22:58:07
DEPUTADO ESTADUAL,15321,,JULIO CESAR MENDES,MOVIMENTO DEMOCRÁTICO BRASILEIRO,MDB,6800,,Válido,Suplente,04/10/2026 - 22:58:07
DEPUTADO ESTADUAL,30777,,CATHARINA CECHINATTO DE DONATO,PARTIDO NOVO,NOVO,6785,,Válido,Suplente,04/10/2026 - 22:58:07
DEPUTADO ESTADUAL,13147,,MARIANA ROSSETO SANTOS,FEDERAÇÃO BRASIL DA ESPERANÇA - FE BRASIL,,6774,,Válido,Suplente,04/10/2026 - 22:58:07
DEPUTADO ESTADUAL,45663,,NATALINO ANTONIO DA SILVA,FEDERAÇÃO PSDB CIDADANIA,,6711,,Válido,Suplente,04/10/2026 - 22:58:07
DEPUTADO ESTADUAL,23000,,JOSE OSVALDO CAVALCANTE BELONI,FEDERAÇÃO PSDB CIDADANIA,,6698,,Válido,Suplente,04/10/2026 - 22:58:07
DEPUTADO ESTADUAL,10101,,VANESSA VALÉRIO DE ALMEIDA SILVA,REPUBLICANOS,REPUBLICANOS,6612,,Válido,Suplente,04/10/2026 - 22:58:07
DEPUTADO ESTADUAL,10102,,PETALA GONÇALVES LACERDA,REPUBLICANOS,REPUBLICANOS,6566,,Válido,Suplente,04/10/2026 - 22:58:07
DEPUTADO ESTADUAL,25555,,SONIA MARIA FERRAZ DE MOURA,FEDERAÇÃO RENOVAÇÃO SOLIDÁRIA,,6404,,Válido,Suplente,04/10/2026 - 22:58:07
DEPUTADO ESTADUAL,70999,,CLAUDINEI ALEXANDRE PIRES,AVANTE,AVANTE,6338,,Válido,Não eleito,04/10/2026 - 22:58:07
DEPUTADO ESTADUAL,13100,,RICARDO ALESSANDRO CAMARGO,FEDERAÇÃO BRASIL DA ESPERANÇA - FE BRASIL,,6327,,Válido,Suplente,04/10/2026 - 22:58:07
DEPUTADO ESTADUAL,22030,,JOAO CESAR DE MORAES,PARTIDO LIBERAL,PL,6325,,Válido,Suplente,04/10/2026 - 22:58:07
DEPUTADO ESTADUAL,45333,,MARIA AMELIA MACHADO MARCONDES DE OLIVEIRA,FEDERAÇÃO PSDB CIDADANIA,,6309,,Válido,Suplente,04/10/2026 - 22:58:07
DEPUTADO ESTADUAL,15333,,ALLINY FERNANDA SARTORI PADALINO ROGERIO,MOVIMENTO DEMOCRÁTICO BRASILEIRO,MDB,6230,,Válido,Suplente,04/10/2026 - 22:58:07
DEPUTADO ESTADUAL,45401,,NOEMI PEREIRA NONATO,FEDERAÇÃO PSDB CIDADANIA,,6218,,Válido,Suplente,04/10/2026 - 22:58:07
DEPUTADO ESTADUAL,10258,,ANA MARIA FREIRE DA SILVA MONDINI,REPUBLICANOS,REPUBLICANOS,6214,,Válido,Suplente,04/10/2026 - 22:58:07
DEPUTADO ESTADUAL,44033,,MILTON VIEIRA,FEDERAÇÃO UNIÃO PROGRESSISTA,,6136,,Válido,Suplente,04/10/2026 - 22:58:07
DEPUTADO ESTADUAL,40777,,MARIANA SILVA CALSA,PARTIDO SOCIALISTA BRASILEIRO,PSB,6098,,Válido,Suplente,04/10/2026 - 22:58:07
DEPUTADO ESTADUAL,15555,,EDSON APARECIDO FERRAZ,MOVIMENTO DEMOCRÁTICO BRASILEIRO,MDB,6036,,Válido,Suplente,04/10/2026 - 22:58:07
DEPUTADO ESTADUAL,30030,,MONICA RAMIRES FERRAZ CURY,PARTIDO NOVO,NOVO,6032,,Válido,Suplente,04/10/2026 - 22:58:07
DEPUTADO ESTADUAL,65400,,KEILA PEREIRA FRANCISCO,FEDERAÇÃO BRASIL DA ESPERANÇA - FE BRASIL,,6018,,Válido,Suplente,04/10/2026 - 22:58:07
DEPUTADO ESTADUAL,70222,,HERY WALDIR KATTWINKEL JUNIOR,AVANTE,AVANTE,6010,,Válido,Não eleito,04/10/2026 - 22:58:07
DEPUTADO ESTADUAL,77513,,JOSE ALVIM FILHO,FEDERAÇÃO RENOVAÇÃO SOLIDÁRIA,,5962,,Válido,Suplente,04/10/2026 - 22:58:07
DEPUTADO ESTADUAL,40103,,FABIANO JUNIOR LEITE DE SOUZA,PARTIDO SOCIALISTA BRASILEIRO,PSB,5945,,Válido,Suplente,04/10/2026 - 22:58:07
DEPUTADO ESTADUAL,55900,,ALINE NASCIMENTO BARROZO TORRES,PARTIDO SOCIAL DEMOCRÁTICO,PSD,5915,,Válido,Suplente,04/10/2026 - 22:58:07
DEPUTADO ESTADUAL,50050,,MARLY GOMES CALDAS,FEDERAÇÃO PSOL REDE,,5914,,Válido,Suplente,04/10/2026 - 22:58:07
DEPUTADO ESTADUAL,55548,,ALESSANDRO SOARES COSTA,PARTIDO SOCIAL DEMOCRÁTICO,PSD,5840,,Válido,Suplente,04/10/2026 - 22:58:07
DEPUTADO ESTADUAL,13019,,MARCELO SUSSUMU YANACHI YOSHIDA,FEDERAÇÃO BRASIL DA ESPERANÇA - FE BRASIL,,5704,,Válido,Suplente,04/10/2026 - 22:58:07
DEPUTADO ESTADUAL,20005,,RODRIGO DE CAMARGOS VAZ DE ALMEIDA,PODEMOS,PODEMOS,5663,,Válido,Suplente,04/10/2026 - 22:58:07
DEPUTADO ESTADUAL,12612,,IGOR HUNGARO,PARTIDO DEMOCRÁTICO TRABALHISTA,PDT,5659,,Válido,Não eleito,04/10/2026 - 22:58:07
DEPUTADO ESTADUAL,10192,,ELTON CARVALHO PORTO,REPUBLICANOS,REPUBLICANOS,5619,,Válido,Suplente,04/10/2026 - 22:58:07
DEPUTADO ESTADUAL,25014,,MAURO PAULINO MENDES,FEDERAÇÃO RENOVAÇÃO SOLIDÁRIA,,5581,,Válido,Suplente,04/10/2026 - 22:58:07
DEPUTADO ESTADUAL,20222,,MARCO ANTONIO BITTENCOURT NOGUEIRA COBRA,PODEMOS,PODEMOS,5544,,Válido,Suplente,04/10/2026 - 22:58:07
DEPUTADO ESTADUAL,20002,,VALDEMIR BATISTA SANTANA,PODEMOS,PODEMOS,5532,,Válido,Suplente,04/10/2026 - 22:58:07
DEPUTADO ESTADUAL,40340,,REBECA CRISTINA DE SOUZA,PARTIDO SOCIALISTA BRASILEIRO,PSB,5497,,Válido,Suplente,04/10/2026 - 22:58:07
DEPUTADO ESTADUAL,25900,,RAFAEL RODRIGUEZ MIRANDA,FEDERAÇÃO RENOVAÇÃO SOLIDÁRIA,,5461,,Válido,Suplente,04/10/2026 - 22:58:07
DEPUTADO ESTADUAL,15215,,MUSSA CALIL NETO,MOVIMENTO DEMOCRÁTICO BRASILEIRO,MDB,5460,,Válido,Suplente,04/10/2026 - 22:58:07
DEPUTADO ESTADUAL,44012,,LEANDRO HENRIQUE GONCALVES CESAR,FEDERAÇÃO UNIÃO PROGRESSISTA,,5420,,Válido,Suplente,04/10/2026 - 22:58:07
DEPUTADO ESTADUAL,16000,,FLAVIA BISCHAIN ROSA,PARTIDO SOCIALISTA DOS TRABALHADORES,PSTU,5415,,Válido,Não eleito,04/10/2026 - 22:58:07
DEPUTADO ESTADUAL,14400,,JOEFERSON DA SILVA MACIEL,PARTIDO MISSÃO,MISSÃO,5407,,Válido,Suplente,04/10/2026 - 22:58:07
DEPUTADO ESTADUAL,12001,,CELSO RODRIGO DOS SANTOS,PARTIDO DEMOCRÁTICO TRABALHISTA,PDT,5372,,Válido,Não eleito,04/10/2026 - 22:58:07
DEPUTADO ESTADUAL,55700,,ANDRE SANTOS PEREIRA,PARTIDO SOCIAL DEMOCRÁTICO,PSD,5372,,Válido,Suplente,04/10/2026 - 22:58:07
DEPUTADO ESTADUAL,22622,,EDUARDO VIANA TEDESCHI,PARTIDO LIBERAL,PL,5356,,Válido,Suplente,04/10/2026 - 22:58:07
DEPUTADO ESTADUAL,45145,,VANESSA OLIVEIRA SANTOS MAIA,FEDERAÇÃO PSDB CIDADANIA,,5337,,Válido,Suplente,04/10/2026 - 22:58:07
DEPUTADO ESTADUAL,15444,,ROGERIO PEREIRA MARQUES,MOVIMENTO DEMOCRÁTICO BRASILEIRO,MDB,5320,,Válido,Suplente,04/10/2026 - 22:58:07
DEPUTADO ESTADUAL,10700,,GILBERTO OLIVEIRA DA SILVA,REPUBLICANOS,REPUBLICANOS,5298,,Válido,Suplente,04/10/2026 - 22:58:07
DEPUTADO ESTADUAL,55880,,ALESSANDRO RUIZ MARTINEZ,PARTIDO SOCIAL DEMOCRÁTICO,PSD,5291,,Válido,Suplente,04/10/2026 - 22:58:07
DEPUTADO ESTADUAL,22266,,ELIAS BONFIM AGUIAR DE SOUZA,PARTIDO LIBERAL,PL,5279,,Válido,Suplente,04/10/2026 - 22:58:07
DEPUTADO ESTADUAL,15815,,PAULO ELIAS VICENTE,MOVIMENTO DEMOCRÁTICO BRASILEIRO,MDB,5236,,Válido,Suplente,04/10/2026 - 22:58:07
DEPUTADO ESTADUAL,44023,,ALTOBELI SANTOS DA SILVA,FEDERAÇÃO UNIÃO PROGRESSISTA,,5192,,Válido,Suplente,04/10/2026 - 22:58:07
DEPUTADO ESTADUAL,25800,,CARLOS EDUARDO VENTURINI,FEDERAÇÃO RENOVAÇÃO SOLIDÁRIA,,5189,,Válido,Suplente,04/10/2026 - 22:58:07
DEPUTADO ESTADUAL,11012,,MANOEL MARCOS DE JESUS FERREIRA,FEDERAÇÃO UNIÃO PROGRESSISTA,,5168,,Válido,Suplente,04/10/2026 - 22:58:07
DEPUTADO ESTADUAL,10255,,MARIA DAS GRACAS GONÇALVES OLIVEIRA,REPUBLICANOS,REPUBLICANOS,5135,,Válido,Suplente,04/10/2026 - 22:58:07
DEPUTADO ESTADUAL,44222,,MALCON ROBERT MAZZUCATTO,FEDERAÇÃO UNIÃO PROGRESSISTA,,5058,,Válido,Suplente,04/10/2026 - 22:58:07
DEPUTADO ESTADUAL,40016,,MARCOS ANDRÉ PAPA,PARTIDO SOCIALISTA BRASILEIRO,PSB,5049,,Válido,Suplente,04/10/2026 - 22:58:07
DEPUTADO ESTADUAL,55888,,RENATO ARCHANJO DE CASTRO,PARTIDO SOCIAL DEMOCRÁTICO,PSD,5046,,Válido,Suplente,04/10/2026 - 22:58:07
DEPUTADO ESTADUAL,11234,,LUCIANO DA SILVA,FEDERAÇÃO UNIÃO PROGRESSISTA,,5043,,Válido,Suplente,04/10/2026 - 22:58:07
DEPUTADO ESTADUAL,25444,,GERSON MAGDALENO,FEDERAÇÃO RENOVAÇÃO SOLIDÁRIA,,4956,,Válido,Suplente,04/10/2026 - 22:58:07
DEPUTADO ESTADUAL,40321,,LARISSA AGOSTINI DE SOUZA,PARTIDO SOCIALISTA BRASILEIRO,PSB,4955,,Válido,Suplente,04/10/2026 - 22:58:07
DEPUTADO ESTADUAL,44300,,LUCIANA LUCINIO LIPPI,FEDERAÇÃO UNIÃO PROGRESSISTA,,4847,,Válido,Suplente,04/10/2026 - 22:58:07
DEPUTADO ESTADUAL,22120,,LUCAS RANIELLE DE FRANCA AMARAL,PARTIDO LIBERAL,PL,4844,,Válido,Suplente,04/10/2026 - 22:58:07
DEPUTADO ESTADUAL,10741,,FABIO SOARES DE OLIVEIRA,REPUBLICANOS,REPUBLICANOS,4838,,Válido,Suplente,04/10/2026 - 22:58:07
DEPUTADO ESTADUAL,45637,,CARLOS TEIXEIRA FILHO,FEDERAÇÃO PSDB CIDADANIA,,4797,,Válido,Suplente,04/10/2026 - 22:58:07
DEPUTADO ESTADUAL,12012,,MATEUS HENRIQUE TURINI,PARTIDO DEMOCRÁTICO TRABALHISTA,PDT,4794,,Válido,Não eleito,04/10/2026 - 22:58:07
DEPUTADO ESTADUAL,50777,,POLIANA CAROLINE QUIRINO LIMA,FEDERAÇÃO PSOL REDE,,4766,,Válido,Suplente,04/10/2026 - 22:58:07
DEPUTADO ESTADUAL,55645,,CHARLES ALVES MEDEIROS,PARTIDO SOCIAL DEMOCRÁTICO,PSD,4731,,Válido,Suplente,04/10/2026 - 22:58:07
DEPUTADO ESTADUAL,20111,,EDISON ROBERTO PARRA,PODEMOS,PODEMOS,4727,,Válido,Suplente,04/10/2026 - 22:58:07
DEPUTADO ESTADUAL,10900,,ABELARDO WANDERLINO DA COSTA NETO,REPUBLICANOS,REPUBLICANOS,4702,,Válido,Suplente,04/10/2026 - 22:58:07
DEPUTADO ESTADUAL,20600,,PAULO FERREIRA DA SILVA,PODEMOS,PODEMOS,4655,,Válido,Suplente,04/10/2026 - 22:58:07
DEPUTADO ESTADUAL,77888,,EVERTON DE OLIVEIRA ADORNO,FEDERAÇÃO RENOVAÇÃO SOLIDÁRIA,,4648,,Válido,Suplente,04/10/2026 - 22:58:07
DEPUTADO ESTADUAL,22020,,ANA PAULA KUZNIER CARNEIRO,PARTIDO LIBERAL,PL,4641,,Válido,Suplente,04/10/2026 - 22:58:07
DEPUTADO ESTADUAL,55250,,WAGNER ALEXANDRE DE OLIVEIRA,PARTIDO SOCIAL DEMOCRÁTICO,PSD,4578,,Válido,Suplente,04/10/2026 - 22:58:07
DEPUTADO ESTADUAL,77700,,CELSO LUIS DE AVILA BUENO,FEDERAÇÃO RENOVAÇÃO SOLIDÁRIA,,4570,,Válido,Suplente,04/10/2026 - 22:58:07
DEPUTADO ESTADUAL,45555,,LUIZ FERNANDO SALMERON MOMESSO,FEDERAÇÃO PSDB CIDADANIA,,4562,,Válido,Suplente,04/10/2026 - 22:58:07
DEPUTADO ESTADUAL,14444,,MARCOS PINHEIRO DE SOUZA,PARTIDO MISSÃO,MISSÃO,4513,,Válido,Suplente,04/10/2026 - 22:58:07
DEPUTADO ESTADUAL,15615,,ORLANDO CEZAR PESOTI JUNIOR,MOVIMENTO DEMOCRÁTICO BRASILEIRO,MDB,4483,,Válido,Suplente,04/10/2026 - 22:58:07
DEPUTADO ESTADUAL,44220,,MÔNICA FRANCIELI CURY SANCHES JARILLO,FEDERAÇÃO UNIÃO PROGRESSISTA,,4450,,Válido,Suplente,04/10/2026 - 22:58:07
DEPUTADO ESTADUAL,15152,,ANDERSON HENRIQUE DA SILVA,MOVIMENTO DEMOCRÁTICO BRASILEIRO,MDB,4402,,Válido,Suplente,04/10/2026 - 22:58:07
DEPUTADO ESTADUAL,18000,,FERNANDO DA SILVA OLIVEIRA,FEDERAÇÃO PSOL REDE,,4370,,Válido,Suplente,04/10/2026 - 22:58:07
DEPUTADO ESTADUAL,10180,,ANDRÉA CRISTINA DOS SANTOS SILVA,REPUBLICANOS,REPUBLICANOS,4355,,Válido,Suplente,04/10/2026 - 22:58:07
DEPUTADO ESTADUAL,77555,,LUIS HENRIQUE GONCALVES MACHADO BOATTO,FEDERAÇÃO RENOVAÇÃO SOLIDÁRIA,,4336,,Válido,Suplente,04/10/2026 - 22:58:07
DEPUTADO ESTADUAL,55551,,ROSSANA RODRIGUES ROSSINI CAMACHO,PARTIDO SOCIAL DEMOCRÁTICO,PSD,4335,,Válido,Suplente,04/10/2026 - 22:58:07
DEPUTADO ESTADUAL,40018,,THAIS BOONEN VIOTTO FERREIRA,PARTIDO SOCIALISTA BRASILEIRO,PSB,4298,,Válido,Suplente,04/10/2026 - 22:58:07
DEPUTADO ESTADUAL,33011,,ADRIANO DE OLIVEIRA,MOBILIZAÇÃO NACIONAL,MOBILIZA,4292,,Válido,Não eleito,04/10/2026 - 22:58:07
DEPUTADO ESTADUAL,15017,,CAIO FIORI DIAS,MOVIMENTO DEMOCRÁTICO BRASILEIRO,MDB,4236,,Válido,Suplente,04/10/2026 - 22:58:07
DEPUTADO ESTADUAL,44466,,EDILENE MARTINS LURA,FEDERAÇÃO UNIÃO PROGRESSISTA,,4198,,Válido,Suplente,04/10/2026 - 22:58:07
DEPUTADO ESTADUAL,44100,,GUILHERME MARQUES PUGLIESE,FEDERAÇÃO UNIÃO PROGRESSISTA,,4180,,Válido,Suplente,04/10/2026 - 22:58:07
DEPUTADO ESTADUAL,22911,,TIAGO DE PAULA PEREIRA,PARTIDO LIBERAL,PL,4178,,Válido,Suplente,04/10/2026 - 22:58:07
DEPUTADO ESTADUAL,25333,,VANDERLEI FRANCISCO DA GRACA,FEDERAÇÃO RENOVAÇÃO SOLIDÁRIA,,4171,,Válido,Suplente,04/10/2026 - 22:58:07
DEPUTADO ESTADUAL,15999,,JOSE EDUARDO VIANA DOS ANJOS,MOVIMENTO DEMOCRÁTICO BRASILEIRO,MDB,4155,,Válido,Suplente,04/10/2026 - 22:58:07
DEPUTADO ESTADUAL,13680,,THÁLITHA MICHELLE DOS SANTOS ESTEVAM BARBOZA,FEDERAÇÃO BRASIL DA ESPERANÇA - FE BRASIL,,4099,,Válido,Suplente,04/10/2026 - 22:58:07
DEPUTADO ESTADUAL,11333,,MATHEUS SERAFIM,FEDERAÇÃO UNIÃO PROGRESSISTA,,4081,,Válido,Suplente,04/10/2026 - 22:58:07
DEPUTADO ESTADUAL,20122,,RODRIGO CHIACCHIO ORTUNHO,PODEMOS,PODEMOS,4058,,Válido,Suplente,04/10/2026 - 22:58:07
DEPUTADO ESTADUAL,40001,,CAROLINE QUATRINI DA SILVA,PARTIDO SOCIALISTA BRASILEIRO,PSB,4028,,Válido,Suplente,04/10/2026 - 22:58:07
DEPUTADO ESTADUAL,10021,,JONATHAN FERREIRA DOS SANTOS JUNIOR,REPUBLICANOS,REPUBLICANOS,3981,,Válido,Suplente,04/10/2026 - 22:58:07
DEPUTADO ESTADUAL,44016,,ANDRE RUBENS TRINDADE,FEDERAÇÃO UNIÃO PROGRESSISTA,,3971,,Válido,Suplente,04/10/2026 - 22:58:07
DEPUTADO ESTADUAL,25007,,FABIO COELHO DE OLIVEIRA,FEDERAÇÃO RENOVAÇÃO SOLIDÁRIA,,3955,,Válido,Suplente,04/10/2026 - 22:58:07
DEPUTADO ESTADUAL,55099,,MARCOS ROBERTO SOARES ANDRADE,PARTIDO SOCIAL DEMOCRÁTICO,PSD,3847,,Válido,Suplente,04/10/2026 - 22:58:07
DEPUTADO ESTADUAL,44447,,LUIZ ANTONIO TOZI,FEDERAÇÃO UNIÃO PROGRESSISTA,,3840,,Válido,Suplente,04/10/2026 - 22:58:07
DEPUTADO ESTADUAL,25111,,CAROLINA MAZONI BIOTO,FEDERAÇÃO RENOVAÇÃO SOLIDÁRIA,,3750,,Válido,Suplente,04/10/2026 - 22:58:07
DEPUTADO ESTADUAL,20999,,ANA PAULA ESPINA DE SOUZA MUNIZ,PODEMOS,PODEMOS,3728,,Válido,Suplente,04/10/2026 - 22:58:07
DEPUTADO ESTADUAL,15010,,KAUE CESAR SILVA,MOVIMENTO DEMOCRÁTICO BRASILEIRO,MDB,3699,,Válido,Suplente,04/10/2026 - 22:58:07
DEPUTADO ESTADUAL,22210,,JOSÉ ADALTO BORINI,PARTIDO LIBERAL,PL,3675,,Válido,Suplente,04/10/2026 - 22:58:07
DEPUTADO ESTADUAL,14714,,PALOMA KAREN LUCIANO BALBINO,PARTIDO MISSÃO,MISSÃO,3623,,Válido,Suplente,04/10/2026 - 22:58:07
DEPUTADO ESTADUAL,80123,,LUCAS SANTOS DO NASCIMENTO,UNIDADE POPULAR,UP,3621,,Válido,Não eleito,04/10/2026 - 22:58:07
DEPUTADO ESTADUAL,20888,,ALESSANDRO RODRIGO SCARAFICCI CASTRO,PODEMOS,PODEMOS,3609,,Válido,Suplente,04/10/2026 - 22:58:07
DEPUTADO ESTADUAL,40757,,ANDREIA DE SANT ANNA PONCIANO PRATES,PARTIDO SOCIALISTA BRASILEIRO,PSB,3579,,Válido,Suplente,04/10/2026 - 22:58:07
DEPUTADO ESTADUAL,77678,,MARCELA FREITAS AFONSO,FEDERAÇÃO RENOVAÇÃO SOLIDÁRIA,,3565,,Válido,Suplente,04/10/2026 - 22:58:07
DEPUTADO ESTADUAL,40011,,ISABEL CRISTINA RODRIGUES,PARTIDO SOCIALISTA BRASILEIRO,PSB,3558,,Válido,Suplente,04/10/2026 - 22:58:07
DEPUTADO ESTADUAL,18180,,ADRIANA REBOUÇAS WANDERLEY,FEDERAÇÃO PSOL REDE,,3521,,Válido,Suplente,04/10/2026 - 22:58:07
DEPUTADO ESTADUAL,14019,,MATHEUS NASCIMENTO PEREIRA,PARTIDO MISSÃO,MISSÃO,3519,,Válido,Suplente,04/10/2026 - 22:58:07
DEPUTADO ESTADUAL,22212,,ANNA CAROLINA GONCALVES AMARO,PARTIDO LIBERAL,PL,3497,,Válido,Suplente,04/10/2026 - 22:58:07
DEPUTADO ESTADUAL,30300,,ERIVELTON MARCOS PROÊNCIO,PARTIDO NOVO,NOVO,3493,,Válido,Suplente,04/10/2026 - 22:58:07
DEPUTADO ESTADUAL,15100,,EDIMAR RIBEIRO DA SILVA,MOVIMENTO DEMOCRÁTICO BRASILEIRO,MDB,3455,,Válido,Suplente,04/10/2026 - 22:58:07
DEPUTADO ESTADUAL,77656,,REINALDO ANTONIO MEIRA,FEDERAÇÃO RENOVAÇÃO SOLIDÁRIA,,3394,,Válido,Suplente,04/10/2026 - 22:58:07
DEPUTADO ESTADUAL,25321,,JOSE ALBERTO BARRETO DA COSTA,FEDERAÇÃO RENOVAÇÃO SOLIDÁRIA,,3365,,Válido,Suplente,04/10/2026 - 22:58:07
DEPUTADO ESTADUAL,20677,,SEBASTIANA MARIA RIBEIRO TAVARES,PODEMOS,PODEMOS,3345,,Válido,Suplente,04/10/2026 - 22:58:07
DEPUTADO ESTADUAL,23230,,ANA PAULA HAUSSAUER,FEDERAÇÃO PSDB CIDADANIA,,3339,,Válido,Suplente,04/10/2026 - 22:58:07
DEPUTADO ESTADUAL,77988,,RODRIGO CARLOS DE MORAIS,FEDERAÇÃO RENOVAÇÃO SOLIDÁRIA,,3316,,Válido,Suplente,04/10/2026 - 22:58:07
DEPUTADO ESTADUAL,25999,,BERNARDO CASTRO JUNIOR,FEDERAÇÃO RENOVAÇÃO SOLIDÁRIA,,3307,,Válido,Suplente,04/10/2026 - 22:58:07
DEPUTADO ESTADUAL,10190,,WESLEY CASA FORTE MARIANO,REPUBLICANOS,REPUBLICANOS,3257,,Válido,Suplente,04/10/2026 - 22:58:07
DEPUTADO ESTADUAL,20900,,RENAN RODRIGUES DE OLIVEIRA,PODEMOS,PODEMOS,3236,,Válido,Suplente,04/10/2026 - 22:58:07
DEPUTADO ESTADUAL,14044,,FERNANDA DE PAULA SCHMITT,PARTIDO MISSÃO,MISSÃO,3209,,Válido,Suplente,04/10/2026 - 22:58:07
DEPUTADO ESTADUAL,30789,,WARLEI DE FARIA,PARTIDO NOVO,NOVO,3206,,Válido,Suplente,04/10/2026 - 22:58:07
DEPUTADO ESTADUAL,20001,,CRISTIANO MACEDO ENGEL,PODEMOS,PODEMOS,3132,,Válido,Suplente,04/10/2026 - 22:58:07
DEPUTADO ESTADUAL,40678,,FRANCISCO DE PAULA DE OLIVEIRA LEITE,PARTIDO SOCIALISTA BRASILEIRO,PSB,3126,,Válido,Suplente,04/10/2026 - 22:58:07
DEPUTADO ESTADUAL,44789,,VANDERLEI CESAR DE ASSIS,FEDERAÇÃO UNIÃO PROGRESSISTA,,3122,,Válido,Suplente,04/10/2026 - 22:58:07
DEPUTADO ESTADUAL,30022,,ALEXANDRE HOIO DE SOUZA,PARTIDO NOVO,NOVO,3116,,Válido,Suplente,04/10/2026 - 22:58:07
DEPUTADO ESTADUAL,10567,,THIAGO SOUZA SANTOS,REPUBLICANOS,REPUBLICANOS,3113,,Válido,Suplente,04/10/2026 - 22:58:07
DEPUTADO ESTADUAL,22121,,STELLA BRAGA TESTI,PARTIDO LIBERAL,PL,3110,,Válido,Suplente,04/10/2026 - 22:58:07
DEPUTADO ESTADUAL,30633,,AUGUSTO DUARTE MOREIRA NETO,PARTIDO NOVO,NOVO,3100,,Válido,Suplente,04/10/2026 - 22:58:07
DEPUTADO ESTADUAL,30153,,PEDRO HENRIQUE DE SOUZA LIMA,PARTIDO NOVO,NOVO,3086,,Válido,Suplente,04/10/2026 - 22:58:07
DEPUTADO ESTADUAL,55858,,JORGE DOS SANTOS MONTANARI,PARTIDO SOCIAL DEMOCRÁTICO,PSD,3067,,Válido,Suplente,04/10/2026 - 22:58:07
DEPUTADO ESTADUAL,55566,,DARTANHAN ARAMIS DE CAMPOS,PARTIDO SOCIAL DEMOCRÁTICO,PSD,3066,,Válido,Suplente,04/10/2026 - 22:58:07
DEPUTADO ESTADUAL,44678,,DÉCIO MARMIROLLI,FEDERAÇÃO UNIÃO PROGRESSISTA,,3062,,Válido,Suplente,04/10/2026 - 22:58:07
DEPUTADO ESTADUAL,20259,,PAULO EDUARDO SEADE SERRA,PODEMOS,PODEMOS,3050,,Válido,Suplente,04/10/2026 - 22:58:07
DEPUTADO ESTADUAL,44566,,LILIANE LOPES DORETTO,FEDERAÇÃO UNIÃO PROGRESSISTA,,3039,,Válido,Suplente,04/10/2026 - 22:58:07
DEPUTADO ESTADUAL,22400,,JOAO VANE CAVALCANTI REIS,PARTIDO LIBERAL,PL,3009,,Válido,Suplente,04/10/2026 - 22:58:07
DEPUTADO ESTADUAL,22112,,DANILA CINTIA AZEVEDO DE OLIVEIRA,PARTIDO LIBERAL,PL,2998,,Válido,Suplente,04/10/2026 - 22:58:07
DEPUTADO ESTADUAL,15153,,JOSELITO DE SOUSA LIMA,MOVIMENTO DEMOCRÁTICO BRASILEIRO,MDB,2961,,Válido,Suplente,04/10/2026 - 22:58:07
DEPUTADO ESTADUAL,40120,,JULIANA KARINE MACHADO RODRIGUES,PARTIDO SOCIALISTA BRASILEIRO,PSB,2926,,Válido,Suplente,04/10/2026 - 22:58:07
DEPUTADO ESTADUAL,77001,,WALMIR JOSE PEREIRA JUNIOR,FEDERAÇÃO RENOVAÇÃO SOLIDÁRIA,,2912,,Válido,Suplente,04/10/2026 - 22:58:07
DEPUTADO ESTADUAL,15015,,RICARDO DE BRITO FERREIRA,MOVIMENTO DEMOCRÁTICO BRASILEIRO,MDB,2857,,Válido,Suplente,04/10/2026 - 22:58:07
DEPUTADO ESTADUAL,50192,,MARIA APARECIDA AIRES DA SILVA,FEDERAÇÃO PSOL REDE,,2850,,Válido,Suplente,04/10/2026 - 22:58:07
DEPUTADO ESTADUAL,15190,,ELIAS ASSIS NETO,MOVIMENTO DEMOCRÁTICO BRASILEIRO,MDB,2838,,Válido,Suplente,04/10/2026 - 22:58:07
DEPUTADO ESTADUAL,30012,,ELISA DE OLIVEIRA COELHO MANOEL,PARTIDO NOVO,NOVO,2825,,Válido,Suplente,04/10/2026 - 22:58:07
DEPUTADO ESTADUAL,44523,,LIBERATO ROCHA CALDEIRA,FEDERAÇÃO UNIÃO PROGRESSISTA,,2806,,Válido,Suplente,04/10/2026 - 22:58:07
DEPUTADO ESTADUAL,11678,,VICENTE DE PAULA MARTINS DA SILVA FILHO,FEDERAÇÃO UNIÃO PROGRESSISTA,,2787,,Válido,Suplente,04/10/2026 - 22:58:07
DEPUTADO ESTADUAL,20209,,RENATA LUCIANA CONEGLIAN,PODEMOS,PODEMOS,2773,,Válido,Suplente,04/10/2026 - 22:58:07
DEPUTADO ESTADUAL,22242,,FERNANDO LUIS COUTINHO NEVES,PARTIDO LIBERAL,PL,2743,,Válido,Suplente,04/10/2026 - 22:58:07
DEPUTADO ESTADUAL,22225,,SALOMÃO CONCEIÇÃO AUGUSTO DA SILVA,PARTIDO LIBERAL,PL,2737,,Válido,Suplente,04/10/2026 - 22:58:07
DEPUTADO ESTADUAL,55120,,ORLANDO SILVA JUNIOR,PARTIDO SOCIAL DEMOCRÁTICO,PSD,2700,,Válido,Suplente,04/10/2026 - 22:58:07
DEPUTADO ESTADUAL,22789,,FRANCIELE CRISTINA VILLA MATOS,PARTIDO LIBERAL,PL,2689,,Válido,Suplente,04/10/2026 - 22:58:07
DEPUTADO ESTADUAL,77000,,MARCOS ADVINCULA JOAZEIRO,FEDERAÇÃO RENOVAÇÃO SOLIDÁRIA,,2649,,Válido,Suplente,04/10/2026 - 22:58:07
DEPUTADO ESTADUAL,15007,,WALLACE ANANIAS DE FREITAS BRUNO,MOVIMENTO DEMOCRÁTICO BRASILEIRO,MDB,2642,,Válido,Suplente,04/10/2026 - 22:58:07
DEPUTADO ESTADUAL,45005,,CLAUDIA REGINA MARTINS CORREIA ALVES,FEDERAÇÃO PSDB CIDADANIA,,2621,,Válido,Suplente,04/10/2026 - 22:58:07
DEPUTADO ESTADUAL,13300,,PATRICIA CLAUDIA AGUIAR,FEDERAÇÃO BRASIL DA ESPERANÇA - FE BRASIL,,2616,,Válido,Suplente,04/10/2026 - 22:58:07
DEPUTADO ESTADUAL,14141,,ALEXANDRE MITSUO MIZOBE DE RIBEIRO,PARTIDO MISSÃO,MISSÃO,2597,,Válido,Suplente,04/10/2026 - 22:58:07
DEPUTADO ESTADUAL,22695,,FLAVIO DO AMARAL,PARTIDO LIBERAL,PL,2594,,Válido,Suplente,04/10/2026 - 22:58:07
DEPUTADO ESTADUAL,10099,,HENRIQUE FERNANDES DE OLIVEIRA,REPUBLICANOS,REPUBLICANOS,2527,,Válido,Suplente,04/10/2026 - 22:58:07
DEPUTADO ESTADUAL,50678,,JOSE AGRIPINO DA SILVA,FEDERAÇÃO PSOL REDE,,2524,,Válido,Suplente,04/10/2026 - 22:58:07
DEPUTADO ESTADUAL,14140,,MARCOS AURÉLIO DO NASCIMENTO GONÇALVES,PARTIDO MISSÃO,MISSÃO,2513,,Válido,Suplente,04/10/2026 - 22:58:07
DEPUTADO ESTADUAL,20645,,PAULO HENRIQUE DO NASCIMENTO,PODEMOS,PODEMOS,2482,,Válido,Suplente,04/10/2026 - 22:58:07
DEPUTADO ESTADUAL,15222,,ISAIAS LEÃO MACHADO FELIX,MOVIMENTO DEMOCRÁTICO BRASILEIRO,MDB,2437,,Válido,Suplente,04/10/2026 - 22:58:07
DEPUTADO ESTADUAL,45155,,ALESSANDRO HIRATA,FEDERAÇÃO PSDB CIDADANIA,,2415,,Válido,Suplente,04/10/2026 - 22:58:07
DEPUTADO ESTADUAL,40100,,REGINALDO ROBERTO RODRIGUES DA COSTA,PARTIDO SOCIALISTA BRASILEIRO,PSB,2403,,Válido,Suplente,04/10/2026 - 22:58:07
DEPUTADO ESTADUAL,11180,,MARIA LETÍCIA DE FREITAS ASSIS,FEDERAÇÃO UNIÃO PROGRESSISTA,,2389,,Válido,Suplente,04/10/2026 - 22:58:07
DEPUTADO ESTADUAL,30222,,HIGMAR DA SILVA LOPES,PARTIDO NOVO,NOVO,2359,,Válido,Suplente,04/10/2026 - 22:58:07
DEPUTADO ESTADUAL,12888,,MIRELLE CRISTINA DE ARAUJO BUENO,PARTIDO DEMOCRÁTICO TRABALHISTA,PDT,2345,,Válido,Não eleito,04/10/2026 - 22:58:07
DEPUTADO ESTADUAL,36111,,JEFFERSON ELOY,AGIR,AGIR,2341,,Anulado sub judice,Não eleito,04/10/2026 - 22:58:07
DEPUTADO ESTADUAL,20157,,CLAUDIO ROBERTO BARBOSA DE SOUZA,PODEMOS,PODEMOS,2340,,Válido,Suplente,04/10/2026 - 22:58:07
DEPUTADO ESTADUAL,40222,,LEILANE SABATINI,PARTIDO SOCIALISTA BRASILEIRO,PSB,2331,,Válido,Suplente,04/10/2026 - 22:58:07
DEPUTADO ESTADUAL,20014,,JORGE MOTA DE OLIVEIRA JUNIOR,PODEMOS,PODEMOS,2331,,Válido,Suplente,04/10/2026 - 22:58:07
DEPUTADO ESTADUAL,77600,,VALDIR DE ALVARENGA,FEDERAÇÃO RENOVAÇÃO SOLIDÁRIA,,2321,,Válido,Suplente,04/10/2026 - 22:58:07
DEPUTADO ESTADUAL,12122,,ANDREIA ROLIM RIOS,PARTIDO DEMOCRÁTICO TRABALHISTA,PDT,2314,,Válido,Não eleito,04/10/2026 - 22:58:07
DEPUTADO ESTADUAL,11100,,PAULO MARCELO VENCESLAU,FEDERAÇÃO UNIÃO PROGRESSISTA,,2299,,Válido,Suplente,04/10/2026 - 22:58:07
DEPUTADO ESTADUAL,30501,,CELINA MARTINS RAMALHO,PARTIDO NOVO,NOVO,2289,,Válido,Suplente,04/10/2026 - 22:58:07
DEPUTADO ESTADUAL,55005,,ANDRE BRAZOLIN,PARTIDO SOCIAL DEMOCRÁTICO,PSD,2274,,Válido,Suplente,04/10/2026 - 22:58:07
DEPUTADO ESTADUAL,45500,,IVANI ALMEIDA DA SILVA,FEDERAÇÃO PSDB CIDADANIA,,2248,,Válido,Suplente,04/10/2026 - 22:58:07
DEPUTADO ESTADUAL,20030,,ANTONIO CARLOS PEREIRA SILVA,PODEMOS,PODEMOS,2246,,Válido,Suplente,04/10/2026 - 22:58:07
DEPUTADO ESTADUAL,12222,,WILSON MARÇAL VIEIRA JUNIOR,PARTIDO DEMOCRÁTICO TRABALHISTA,PDT,2231,,Válido,Não eleito,04/10/2026 - 22:58:07
DEPUTADO ESTADUAL,22180,,SAMANTA SALERNO DE ALMEIDA,PARTIDO LIBERAL,PL,2209,,Válido,Suplente,04/10/2026 - 22:58:07
DEPUTADO ESTADUAL,13988,,SILVANO PORTO RODRIGUES,FEDERAÇÃO BRASIL DA ESPERANÇA - FE BRASIL,,2199,,Válido,Suplente,04/10/2026 - 22:58:07
DEPUTADO ESTADUAL,44445,,SAULO TEIXEIRA ALBERTO DA COSTA,FEDERAÇÃO UNIÃO PROGRESSISTA,,2187,,Válido,Suplente,04/10/2026 - 22:58:07
DEPUTADO ESTADUAL,25222,,ROSIANE IZIDIO DE OLIVEIRA MAKIYAMA,FEDERAÇÃO RENOVAÇÃO SOLIDÁRIA,,2167,,Válido,Suplente,04/10/2026 - 22:58:07
DEPUTADO ESTADUAL,18888,,PAULO HENRIQUE RIBEIRO FLORIANO,FEDERAÇÃO PSOL REDE,,2147,,Válido,Suplente,04/10/2026 - 22:58:07
DEPUTADO ESTADUAL,20220,,ROBERTO BALDOCHI DE ALMEIDA,PODEMOS,PODEMOS,2142,,Válido,Suplente,04/10/2026 - 22:58:07
DEPUTADO ESTADUAL,10110,,SERGIO ZAGARINO JUNIOR,REPUBLICANOS,REPUBLICANOS,2116,,Válido,Suplente,04/10/2026 - 22:58:07
DEPUTADO ESTADUAL,45002,,FELIPE AFFONSO LLATAS PONCE,FEDERAÇÃO PSDB CIDADANIA,,2115,,Válido,Suplente,04/10/2026 - 22:58:07
DEPUTADO ESTADUAL,22256,,SANDRA REGINA SANT'ANNA PETITTO,PARTIDO LIBERAL,PL,2114,,Válido,Suplente,04/10/2026 - 22:58:07
DEPUTADO ESTADUAL,20009,,RICARDO NICOTARI,PODEMOS,PODEMOS,2092,,Válido,Suplente,04/10/2026 - 22:58:07
DEPUTADO ESTADUAL,20026,,KARIN AGARI JORGENSEN DE CAMARGO,PODEMOS,PODEMOS,2091,,Válido,Suplente,04/10/2026 - 22:58:07
DEPUTADO ESTADUAL,30121,,FRANCISCO CARLOS AGUIAR DEL POENTE,PARTIDO NOVO,NOVO,2088,,Válido,Suplente,04/10/2026 - 22:58:07
DEPUTADO ESTADUAL,22150,,LEONEL AUGUSTO DE NOVAIS FILHO,PARTIDO LIBERAL,PL,2081,,Válido,Suplente,04/10/2026 - 22:58:07
DEPUTADO ESTADUAL,14441,,TAMIRIS SILVA DE GODOY,PARTIDO MISSÃO,MISSÃO,2081,,Válido,Suplente,04/10/2026 - 22:58:07
DEPUTADO ESTADUAL,50796,,NIDIA LIMA QUEIROZ DOS SANTOS,FEDERAÇÃO PSOL REDE,,2052,,Válido,Suplente,04/10/2026 - 22:58:07
DEPUTADO ESTADUAL,23239,,IVO LEITE DE SOUSA,FEDERAÇÃO PSDB CIDADANIA,,2051,,Válido,Suplente,04/10/2026 - 22:58:07
DEPUTADO ESTADUAL,13601,,AGNERIO NERI FERREIRA,FEDERAÇÃO BRASIL DA ESPERANÇA - FE BRASIL,,2039,,Válido,Suplente,04/10/2026 - 22:58:07
DEPUTADO ESTADUAL,11002,,PAULO SUSSUMU KOBAYASHI,FEDERAÇÃO UNIÃO PROGRESSISTA,,2028,,Válido,Suplente,04/10/2026 - 22:58:07
DEPUTADO ESTADUAL,20252,,ATAIDE TERUEL PEREZ,PODEMOS,PODEMOS,2024,,Válido,Suplente,04/10/2026 - 22:58:07
DEPUTADO ESTADUAL,11221,,ELIANE PACHECO CONCEIÇÃO,FEDERAÇÃO UNIÃO PROGRESSISTA,,2018,,Válido,Suplente,04/10/2026 - 22:58:07
DEPUTADO ESTADUAL,40007,,SILAS PEDRO DA SILVA,PARTIDO SOCIALISTA BRASILEIRO,PSB,2013,,Válido,Suplente,04/10/2026 - 22:58:07
DEPUTADO ESTADUAL,45222,,MATHEUS VALENTIM DE CARVALHO,FEDERAÇÃO PSDB CIDADANIA,,2012,,Válido,Suplente,04/10/2026 - 22:58:07
DEPUTADO ESTADUAL,77037,,MATHEUS MAROLLA RIBEIRO,FEDERAÇÃO RENOVAÇÃO SOLIDÁRIA,,1980,,Válido,Suplente,04/10/2026 - 22:58:07
DEPUTADO ESTADUAL,44190,,MARCIA REBESCHINI PATELLA DA SILVA,FEDERAÇÃO UNIÃO PROGRESSISTA,,1964,,Válido,Suplente,04/10/2026 - 22:58:07
DEPUTADO ESTADUAL,30900,,GIOVANNI NICOLETTI,PARTIDO NOVO,NOVO,1961,,Válido,Suplente,04/10/2026 - 22:58:07
DEPUTADO ESTADUAL,22023,,PATRICIA LONGO RIBEIRO DELAI,PARTIDO LIBERAL,PL,1952,,Válido,Suplente,04/10/2026 - 22:58:07
DEPUTADO ESTADUAL,40140,,RENATO MORENI AIRES DA SILVA,PARTIDO SOCIALISTA BRASILEIRO,PSB,1943,,Válido,Suplente,04/10/2026 - 22:58:07
DEPUTADO ESTADUAL,13888,,MAURO SERGIO NERI DA SILVA,FEDERAÇÃO BRASIL DA ESPERANÇA - FE BRASIL,,1938,,Válido,Suplente,04/10/2026 - 22:58:07
DEPUTADO ESTADUAL,30555,,AMILTON AIRES DE ALENCAR,PARTIDO NOVO,NOVO,1926,,Válido,Suplente,04/10/2026 - 22:58:07
DEPUTADO ESTADUAL,30230,,MÁRCIO FRANCISCO CAVUTO,PARTIDO NOVO,NOVO,1913,,Válido,Suplente,04/10/2026 - 22:58:07
DEPUTADO ESTADUAL,40999,,ABDULBASET JAROUR,PARTIDO SOCIALISTA BRASILEIRO,PSB,1898,,Válido,Suplente,04/10/2026 - 22:58:07
DEPUTADO ESTADUAL,10520,,ELIZANGELA SOUSA DA SILVA,REPUBLICANOS,REPUBLICANOS,1889,,Válido,Suplente,04/10/2026 - 22:58:07
DEPUTADO ESTADUAL,20258,,CARLOS ALBERTO FERREIRA DE SOUZA,PODEMOS,PODEMOS,1885,,Válido,Suplente,04/10/2026 - 22:58:07
DEPUTADO ESTADUAL,77775,,RUBENS FERNANDES DA SILVA,FEDERAÇÃO RENOVAÇÃO SOLIDÁRIA,,1872,,Válido,Suplente,04/10/2026 - 22:58:07
DEPUTADO ESTADUAL,45800,,EDGAR DOURADOS MATOS,FEDERAÇÃO PSDB CIDADANIA,,1871,,Válido,Suplente,04/10/2026 - 22:58:07
DEPUTADO ESTADUAL,55040,,ANDRE LUIS DE SIQUEIRA BELARMINO,PARTIDO SOCIAL DEMOCRÁTICO,PSD,1870,,Válido,Suplente,04/10/2026 - 22:58:07
DEPUTADO ESTADUAL,12033,,ANDRÉ LUIZ BARBOSA,PARTIDO DEMOCRÁTICO TRABALHISTA,PDT,1861,,Válido,Não eleito,04/10/2026 - 22:58:07
DEPUTADO ESTADUAL,77191,,VANESSA MADALENA DA COSTA FORTES,FEDERAÇÃO RENOVAÇÃO SOLIDÁRIA,,1858,,Válido,Suplente,04/10/2026 - 22:58:07
DEPUTADO ESTADUAL,30212,,RONALDO SANTOS ESTIMA JÚNIOR,PARTIDO NOVO,NOVO,1857,,Válido,Suplente,04/10/2026 - 22:58:07
DEPUTADO ESTADUAL,33033,,AILTON CAZUMBA DE SOUSA,MOBILIZAÇÃO NACIONAL,MOBILIZA,1853,,Válido,Não eleito,04/10/2026 - 22:58:07
DEPUTADO ESTADUAL,44156,,CASSIANO PELEGRINI DE SOUZA,FEDERAÇÃO UNIÃO PROGRESSISTA,,1851,,Válido,Suplente,04/10/2026 - 22:58:07
DEPUTADO ESTADUAL,40813,,ALEXANDRE SIMOES PIMENTEL,PARTIDO SOCIALISTA BRASILEIRO,PSB,1830,,Válido,Suplente,04/10/2026 - 22:58:07
DEPUTADO ESTADUAL,12123,,ROBSON ALEXANDRE DE OLIVEIRA,PARTIDO DEMOCRÁTICO TRABALHISTA,PDT,1822,,Válido,Não eleito,04/10/2026 - 22:58:07
DEPUTADO ESTADUAL,15400,,GERALDO NUNES REIS,MOVIMENTO DEMOCRÁTICO BRASILEIRO,MDB,1820,,Válido,Suplente,04/10/2026 - 22:58:07
DEPUTADO ESTADUAL,55511,,RICARDO DA SILVA ARAUJO,PARTIDO SOCIAL DEMOCRÁTICO,PSD,1816,,Válido,Suplente,04/10/2026 - 22:58:07
DEPUTADO ESTADUAL,33055,,LUIZ CARLOS GUEDES DE SOUSA,MOBILIZAÇÃO NACIONAL,MOBILIZA,1813,,Válido,Não eleito,04/10/2026 - 22:58:07
DEPUTADO ESTADUAL,50027,,DENIS APARECIDO MENDES DE OLIVEIRA,FEDERAÇÃO PSOL REDE,,1809,,Válido,Suplente,04/10/2026 - 22:58:07
DEPUTADO ESTADUAL,33123,,EDSON DA SILVA,MOBILIZAÇÃO NACIONAL,MOBILIZA,1799,,Anulado sub judice,Não eleito,04/10/2026 - 22:58:07
DEPUTADO ESTADUAL,45180,,PRISCILA FRANCIELE MAGRIN,FEDERAÇÃO PSDB CIDADANIA,,1798,,Válido,Suplente,04/10/2026 - 22:58:07
DEPUTADO ESTADUAL,30700,,ALEXANDRA DE ABREU,PARTIDO NOVO,NOVO,1796,,Válido,Suplente,04/10/2026 - 22:58:07
DEPUTADO ESTADUAL,15177,,VERUSKA GHENDOV,MOVIMENTO DEMOCRÁTICO BRASILEIRO,MDB,1791,,Válido,Suplente,04/10/2026 - 22:58:07
DEPUTADO ESTADUAL,30133,,LINCOLN VIEIRA BAILHÃO,PARTIDO NOVO,NOVO,1788,,Válido,Suplente,04/10/2026 - 22:58:07
DEPUTADO ESTADUAL,13132,,ZILDENE CARVALHO DE OLIVEIRA FERNANDES,FEDERAÇÃO BRASIL DA ESPERANÇA - FE BRASIL,,1786,,Válido,Suplente,04/10/2026 - 22:58:07
DEPUTADO ESTADUAL,15415,,VICTOR HUGO DESIDERIO NOGUEIRA,MOVIMENTO DEMOCRÁTICO BRASILEIRO,MDB,1751,,Válido,Suplente,04/10/2026 - 22:58:07
DEPUTADO ESTADUAL,77077,,ALEXANDRE SANT ANNA,FEDERAÇÃO RENOVAÇÃO SOLIDÁRIA,,1745,,Válido,Suplente,04/10/2026 - 22:58:07
DEPUTADO ESTADUAL,40800,,PAULO SERGIO CAMOLESI,PARTIDO SOCIALISTA BRASILEIRO,PSB,1744,,Válido,Suplente,04/10/2026 - 22:58:07
DEPUTADO ESTADUAL,27000,,PAULO NISHIKAWA,DEMOCRACIA CRISTÃ,DC,1740,,Válido,Não eleito,04/10/2026 - 22:58:07
DEPUTADO ESTADUAL,15327,,SORAIA IRENE MARTINS MANZANO,MOVIMENTO DEMOCRÁTICO BRASILEIRO,MDB,1717,,Válido,Suplente,04/10/2026 - 22:58:07
DEPUTADO ESTADUAL,70029,,ICARO MACEDO,AVANTE,AVANTE,1696,,Válido,Não eleito,04/10/2026 - 22:58:07
DEPUTADO ESTADUAL,36100,,ERIVALDO SIQUEIRA SANTOS,AGIR,AGIR,1687,,Válido,Não eleito,04/10/2026 - 22:58:07
DEPUTADO ESTADUAL,40411,,GARCIA RODRIGUES DA SILVA,PARTIDO SOCIALISTA BRASILEIRO,PSB,1687,,Válido,Suplente,04/10/2026 - 22:58:07
DEPUTADO ESTADUAL,13135,,MARIA DAS NEVES FERREIRA MOURA,FEDERAÇÃO BRASIL DA ESPERANÇA - FE BRASIL,,1684,,Válido,Suplente,04/10/2026 - 22:58:07
DEPUTADO ESTADUAL,20017,,ROBSON NILSON VICENTE,PODEMOS,PODEMOS,1681,,Válido,Suplente,04/10/2026 - 22:58:07
DEPUTADO ESTADUAL,40567,,HELEN PATRICIA MERIM,PARTIDO SOCIALISTA BRASILEIRO,PSB,1665,,Válido,Suplente,04/10/2026 - 22:58:07
DEPUTADO ESTADUAL,45010,,APARECIDO FELICIO,FEDERAÇÃO PSDB CIDADANIA,,1663,,Válido,Suplente,04/10/2026 - 22:58:07
DEPUTADO ESTADUAL,33200,,RUBERVAL RODRIGUES DE OLIVEIRA,MOBILIZAÇÃO NACIONAL,MOBILIZA,1661,,Anulado sub judice,Não eleito,04/10/2026 - 22:58:07
DEPUTADO ESTADUAL,10777,,AMILTON AUGUSTO DA SILVA JUNIOR,REPUBLICANOS,REPUBLICANOS,1658,,Válido,Suplente,04/10/2026 - 22:58:07
DEPUTADO ESTADUAL,10654,,FERNANDA TORRES ARAUJO,REPUBLICANOS,REPUBLICANOS,1656,,Válido,Suplente,04/10/2026 - 22:58:07
DEPUTADO ESTADUAL,11199,,CARLA GRACIELE BARONI,FEDERAÇÃO UNIÃO PROGRESSISTA,,1653,,Válido,Suplente,04/10/2026 - 22:58:07
DEPUTADO ESTADUAL,22017,,TACIANE TEJO DE AZEVEDO,PARTIDO LIBERAL,PL,1652,,Válido,Suplente,04/10/2026 - 22:58:07
DEPUTADO ESTADUAL,40022,,MARIO SERGIO TASSINARI,PARTIDO SOCIALISTA BRASILEIRO,PSB,1651,,Válido,Suplente,04/10/2026 - 22:58:07
DEPUTADO ESTADUAL,77222,,IVAN CLEBER VICENSOTTI,FEDERAÇÃO RENOVAÇÃO SOLIDÁRIA,,1646,,Anulado sub judice,Não eleito,04/10/2026 - 22:58:07
DEPUTADO ESTADUAL,20223,,CLAUDIA DAS DORES CAMARGO DA SILVA,PODEMOS,PODEMOS,1622,,Válido,Suplente,04/10/2026 - 22:58:07
DEPUTADO ESTADUAL,10963,,PAULO ROGERIO DA COSTA COUTINHO,REPUBLICANOS,REPUBLICANOS,1621,,Anulado sub judice,Não eleito,04/10/2026 - 22:58:07
DEPUTADO ESTADUAL,55050,,MARCO ANTONIO RICCIARDELLI,PARTIDO SOCIAL DEMOCRÁTICO,PSD,1596,,Válido,Suplente,04/10/2026 - 22:58:07
DEPUTADO ESTADUAL,10550,,TRUDPERT ALLAN LEITE RIESTERER,REPUBLICANOS,REPUBLICANOS,1585,,Válido,Suplente,04/10/2026 - 22:58:07
DEPUTADO ESTADUAL,43123,,ALVARO EXPEDITO JERONYMO,FEDERAÇÃO BRASIL DA ESPERANÇA - FE BRASIL,,1582,,Válido,Suplente,04/10/2026 - 22:58:07
DEPUTADO ESTADUAL,15707,,ADALBERTO GODOY FREITAS,MOVIMENTO DEMOCRÁTICO BRASILEIRO,MDB,1580,,Válido,Suplente,04/10/2026 - 22:58:07
DEPUTADO ESTADUAL,70321,,MÁRCIA CRISTINA DA SILVA CAMBIAGHI,AVANTE,AVANTE,1572,,Válido,Não eleito,04/10/2026 - 22:58:07
DEPUTADO ESTADUAL,30130,,TATIANA SIMAIA BARBOSA MALHEIROS,PARTIDO NOVO,NOVO,1564,,Válido,Suplente,04/10/2026 - 22:58:07
DEPUTADO ESTADUAL,45123,,EDIVALDO SILVA MEIRA,FEDERAÇÃO PSDB CIDADANIA,,1560,,Válido,Suplente,04/10/2026 - 22:58:07
DEPUTADO ESTADUAL,15525,,SALMA APARECIDA MEROTO BEFFA,MOVIMENTO DEMOCRÁTICO BRASILEIRO,MDB,1557,,Válido,Suplente,04/10/2026 - 22:58:07
DEPUTADO ESTADUAL,20254,,EVERSON MARCOS DE OLIVEIRA,PODEMOS,PODEMOS,1538,,Anulado sub judice,Não eleito,04/10/2026 - 22:58:07
DEPUTADO ESTADUAL,14333,,MONIELLE DA SILVA FREITAS,PARTIDO MISSÃO,MISSÃO,1529,,Válido,Suplente,04/10/2026 - 22:58:07
DEPUTADO ESTADUAL,25025,,THIAGO BUSCARIOLI COLARES,FEDERAÇÃO RENOVAÇÃO SOLIDÁRIA,,1525,,Válido,Suplente,04/10/2026 - 22:58:07
DEPUTADO ESTADUAL,40180,,CARLOS ALBERTO DE SOUSA,PARTIDO SOCIALISTA BRASILEIRO,PSB,1523,,Válido,Suplente,04/10/2026 - 22:58:07
DEPUTADO ESTADUAL,44744,,ADILSON DE SOUZA BRANDÃO,FEDERAÇÃO UNIÃO PROGRESSISTA,,1520,,Válido,Suplente,04/10/2026 - 22:58:07
DEPUTADO ESTADUAL,12100,,CARLOS EDUARDO MENDRONI GERARDI,PARTIDO DEMOCRÁTICO TRABALHISTA,PDT,1511,,Válido,Não eleito,04/10/2026 - 22:58:07
DEPUTADO ESTADUAL,40234,,AGNALDO APARECIDO DE ARAÚJO,PARTIDO SOCIALISTA BRASILEIRO,PSB,1511,,Válido,Suplente,04/10/2026 - 22:58:07
DEPUTADO ESTADUAL,13611,,JUSTINO DIÔGO DOS SANTOS,FEDERAÇÃO BRASIL DA ESPERANÇA - FE BRASIL,,1505,,Válido,Suplente,04/10/2026 - 22:58:07
DEPUTADO ESTADUAL,13231,,JOSE CARLOS DE AQUINO,FEDERAÇÃO BRASIL DA ESPERANÇA - FE BRASIL,,1504,,Válido,Suplente,04/10/2026 - 22:58:07
DEPUTADO ESTADUAL,13001,,JOAQUIM ROGERIO DOS SANTOS,FEDERAÇÃO BRASIL DA ESPERANÇA - FE BRASIL,,1503,,Válido,Suplente,04/10/2026 - 22:58:07
DEPUTADO ESTADUAL,15151,,JAILTON RAPOSO,MOVIMENTO DEMOCRÁTICO BRASILEIRO,MDB,1502,,Válido,Suplente,04/10/2026 - 22:58:07
DEPUTADO ESTADUAL,55575,,MARLI TERESINHA ZOTESSO MORETTI,PARTIDO SOCIAL DEMOCRÁTICO,PSD,1486,,Válido,Suplente,04/10/2026 - 22:58:07
DEPUTADO ESTADUAL,15360,,RITA DE CASSIA BORGES DOS SANTOS GUEDES,MOVIMENTO DEMOCRÁTICO BRASILEIRO,MDB,1483,,Válido,Suplente,04/10/2026 - 22:58:07
DEPUTADO ESTADUAL,20110,,DINEIA MENDES DE ARAUJO CARDOSO,PODEMOS,PODEMOS,1472,,Válido,Suplente,04/10/2026 - 22:58:07
DEPUTADO ESTADUAL,55054,,JOSÉ CARLOS CUNHA,PARTIDO SOCIAL DEMOCRÁTICO,PSD,1471,,Válido,Suplente,04/10/2026 - 22:58:07
DEPUTADO ESTADUAL,45114,,ROSANGELA PERECINI,FEDERAÇÃO PSDB CIDADANIA,,1469,,Válido,Suplente,04/10/2026 - 22:58:07
DEPUTADO ESTADUAL,27033,,JOÃO BOSCO ESCOBAR MEDINA,DEMOCRACIA CRISTÃ,DC,1457,,Válido,Não eleito,04/10/2026 - 22:58:07
DEPUTADO ESTADUAL,20333,,LUCIANE MAGALHAES DE CARVALHO,PODEMOS,PODEMOS,1457,,Válido,Suplente,04/10/2026 - 22:58:07
DEPUTADO ESTADUAL,15200,,KELLER FARIAS ANDRE GOMES,MOVIMENTO DEMOCRÁTICO BRASILEIRO,MDB,1455,,Válido,Suplente,04/10/2026 - 22:58:07
DEPUTADO ESTADUAL,14222,,CAIO CESAR RIBEIRO DE SANTANA,PARTIDO MISSÃO,MISSÃO,1455,,Válido,Suplente,04/10/2026 - 22:58:07
DEPUTADO ESTADUAL,40026,,GERALDO RIBEIRO GUIMARÃES NETO,PARTIDO SOCIALISTA BRASILEIRO,PSB,1454,,Válido,Suplente,04/10/2026 - 22:58:07
DEPUTADO ESTADUAL,55012,,ROSEMARY APARECIDA DE ARAUJO LOPES,PARTIDO SOCIAL DEMOCRÁTICO,PSD,1443,,Válido,Suplente,04/10/2026 - 22:58:07
DEPUTADO ESTADUAL,45300,,IVAN SCALABRIN PEDREIRA,FEDERAÇÃO PSDB CIDADANIA,,1435,,Válido,Suplente,04/10/2026 - 22:58:07
DEPUTADO ESTADUAL,30018,,HELIO KRAKAUER,PARTIDO NOVO,NOVO,1430,,Válido,Suplente,04/10/2026 - 22:58:07
DEPUTADO ESTADUAL,50999,,DANIEL ABRANCHES DOS REIS BARROS,FEDERAÇÃO PSOL REDE,,1421,,Válido,Suplente,04/10/2026 - 22:58:07
DEPUTADO ESTADUAL,15026,,JOSÉ MARILTON DA CRUZ,MOVIMENTO DEMOCRÁTICO BRASILEIRO,MDB,1415,,Válido,Suplente,04/10/2026 - 22:58:07
DEPUTADO ESTADUAL,20018,,NARCISO PINTO SERRA JUNIOR,PODEMOS,PODEMOS,1411,,Válido,Suplente,04/10/2026 - 22:58:07
DEPUTADO ESTADUAL,25050,,ANDRE LUIZ BARBEZANI,FEDERAÇÃO RENOVAÇÃO SOLIDÁRIA,,1410,,Válido,Suplente,04/10/2026 - 22:58:07
DEPUTADO ESTADUAL,30004,,ELTON TONY SOUZA PONDÉ COELHO,PARTIDO NOVO,NOVO,1403,,Válido,Suplente,04/10/2026 - 22:58:07
DEPUTADO ESTADUAL,23231,,EDINALDO DE MENEZES,FEDERAÇÃO PSDB CIDADANIA,,1384,,Válido,Suplente,04/10/2026 - 22:58:07
DEPUTADO ESTADUAL,30380,,LUCIANO SERGIO PARRA E SILVA,PARTIDO NOVO,NOVO,1377,,Válido,Suplente,04/10/2026 - 22:58:07
DEPUTADO ESTADUAL,30066,,MARCELO FARO,PARTIDO NOVO,NOVO,1375,,Válido,Suplente,04/10/2026 - 22:58:07
DEPUTADO ESTADUAL,70000,,ERALDO NOVAES,AVANTE,AVANTE,1364,,Válido,Não eleito,04/10/2026 - 22:58:07
DEPUTADO ESTADUAL,15772,,NEWTON GERMANO DE MORAES,MOVIMENTO DEMOCRÁTICO BRASILEIRO,MDB,1355,,Válido,Suplente,04/10/2026 - 22:58:07
DEPUTADO ESTADUAL,55007,,JOSE LUIZ DE CARVALHO,PARTIDO SOCIAL DEMOCRÁTICO,PSD,1351,,Válido,Suplente,04/10/2026 - 22:58:07
DEPUTADO ESTADUAL,11112,,JOSÉ EVERALDO BORGES,FEDERAÇÃO UNIÃO PROGRESSISTA,,1346,,Válido,Suplente,04/10/2026 - 22:58:07
DEPUTADO ESTADUAL,55200,,ANDERSON DA SILVA GUIMARAES,PARTIDO SOCIAL DEMOCRÁTICO,PSD,1346,,Válido,Suplente,04/10/2026 - 22:58:07
DEPUTADO ESTADUAL,27123,,LUCIANO GOMES,DEMOCRACIA CRISTÃ,DC,1341,,Válido,Não eleito,04/10/2026 - 22:58:07
DEPUTADO ESTADUAL,15789,,CELSO MELO LEITE JESUS,MOVIMENTO DEMOCRÁTICO BRASILEIRO,MDB,1330,,Válido,Suplente,04/10/2026 - 22:58:07
DEPUTADO ESTADUAL,13321,,FABIO SELLES RIBEIRO,FEDERAÇÃO BRASIL DA ESPERANÇA - FE BRASIL,,1312,,Válido,Suplente,04/10/2026 - 22:58:07
DEPUTADO ESTADUAL,33333,,WILSON PEREIRA DE SOUZA,MOBILIZAÇÃO NACIONAL,MOBILIZA,1303,,Anulado sub judice,Não eleito,04/10/2026 - 22:58:07
DEPUTADO ESTADUAL,20150,,GILBERTO APARECIDO PINHEIRO DA SILVA,PODEMOS,PODEMOS,1296,,Válido,Suplente,04/10/2026 - 22:58:07
DEPUTADO ESTADUAL,11084,,CESAR BRUNO CASTELHANO BOMFIM,FEDERAÇÃO UNIÃO PROGRESSISTA,,1291,,Válido,Suplente,04/10/2026 - 22:58:07
DEPUTADO ESTADUAL,13007,,EUGENIO SAID,FEDERAÇÃO BRASIL DA ESPERANÇA - FE BRASIL,,1274,,Válido,Suplente,04/10/2026 - 22:58:07
DEPUTADO ESTADUAL,30678,,DIRCEU PUCHARELLI,PARTIDO NOVO,NOVO,1260,,Válido,Suplente,04/10/2026 - 22:58:07
DEPUTADO ESTADUAL,13024,,MARCOS ANTONIO DO NASCIMENTO,FEDERAÇÃO BRASIL DA ESPERANÇA - FE BRASIL,,1250,,Válido,Suplente,04/10/2026 - 22:58:07
DEPUTADO ESTADUAL,11888,,VIVIANE APARECIDA NUNES MARCHESI TROMBINI,FEDERAÇÃO UNIÃO PROGRESSISTA,,1242,,Válido,Suplente,04/10/2026 - 22:58:07
DEPUTADO ESTADUAL,77604,,JOAO TEIXEIRA FILHO,FEDERAÇÃO RENOVAÇÃO SOLIDÁRIA,,1240,,Válido,Suplente,04/10/2026 - 22:58:07
DEPUTADO ESTADUAL,50544,,SENIVALDO ALVES DA SILVA,FEDERAÇÃO PSOL REDE,,1236,,Válido,Suplente,04/10/2026 - 22:58:07
DEPUTADO ESTADUAL,20180,,JUCIMARA FIGUEIREDO MASCARENHAS,PODEMOS,PODEMOS,1231,,Válido,Suplente,04/10/2026 - 22:58:07
DEPUTADO ESTADUAL,20120,,JOSE ROBSON CORINGA BEZERRA,PODEMOS,PODEMOS,1230,,Válido,Suplente,04/10/2026 - 22:58:07
DEPUTADO ESTADUAL,13513,,ALOÍSIO GAMA DE SANTANA,FEDERAÇÃO BRASIL DA ESPERANÇA - FE BRASIL,,1228,,Válido,Suplente,04/10/2026 - 22:58:07
DEPUTADO ESTADUAL,14771,,JOÃO PEDRO CARDOSO DE MEDEIROS,PARTIDO MISSÃO,MISSÃO,1228,,Válido,Suplente,04/10/2026 - 22:58:07
DEPUTADO ESTADUAL,30430,,HAROLDO LUIZ NOGUEIRA DA SILVA,PARTIDO NOVO,NOVO,1216,,Válido,Suplente,04/10/2026 - 22:58:07
DEPUTADO ESTADUAL,12110,,EVERTON DA SILVA LEANDRO,PARTIDO DEMOCRÁTICO TRABALHISTA,PDT,1212,,Válido,Não eleito,04/10/2026 - 22:58:07
DEPUTADO ESTADUAL,25125,,CLAUDIA RAQUEL DE GIULI ALVES,FEDERAÇÃO RENOVAÇÃO SOLIDÁRIA,,1200,,Válido,Suplente,04/10/2026 - 22:58:07
DEPUTADO ESTADUAL,40220,,FRANCISCO MARCIO DE CARVALHO,PARTIDO SOCIALISTA BRASILEIRO,PSB,1195,,Válido,Suplente,04/10/2026 - 22:58:07
DEPUTADO ESTADUAL,10987,,ROBSON CRISTIANO DE SOUZA,REPUBLICANOS,REPUBLICANOS,1192,,Válido,Suplente,04/10/2026 - 22:58:07
DEPUTADO ESTADUAL,14016,,KAREN GREGORIS DUARTE,PARTIDO MISSÃO,MISSÃO,1190,,Válido,Suplente,04/10/2026 - 22:58:07
DEPUTADO ESTADUAL,15888,,MARCELO TROVANI,MOVIMENTO DEMOCRÁTICO BRASILEIRO,MDB,1187,,Válido,Suplente,04/10/2026 - 22:58:07
DEPUTADO ESTADUAL,30180,,GISELE PRISCILA RAMOS DA SILVA,PARTIDO NOVO,NOVO,1186,,Válido,Suplente,04/10/2026 - 22:58:07
DEPUTADO ESTADUAL,15122,,FERNANDO DE MOURA GOMES,MOVIMENTO DEMOCRÁTICO BRASILEIRO,MDB,1184,,Válido,Suplente,04/10/2026 - 22:58:07
DEPUTADO ESTADUAL,10118,,ALESSANDRA DE MATTOS GERMANO,REPUBLICANOS,REPUBLICANOS,1182,,Válido,Suplente,04/10/2026 - 22:58:07
DEPUTADO ESTADUAL,40104,,LUCIANA SABBAG MARCONDES DE ALMEIDA,PARTIDO SOCIALISTA BRASILEIRO,PSB,1172,,Válido,Suplente,04/10/2026 - 22:58:07
DEPUTADO ESTADUAL,77007,,NADIA VIEIRA FRANCISCO,FEDERAÇÃO RENOVAÇÃO SOLIDÁRIA,,1171,,Válido,Suplente,04/10/2026 - 22:58:07
DEPUTADO ESTADUAL,20331,,ADRIANNY VERCOSA DE OLIVEIRA MACHADO,PODEMOS,PODEMOS,1162,,Válido,Suplente,04/10/2026 - 22:58:07
DEPUTADO ESTADUAL,14443,,GIULLIA LUNA,PARTIDO MISSÃO,MISSÃO,1159,,Válido,Suplente,04/10/2026 - 22:58:07
DEPUTADO ESTADUAL,77711,,MASSAEL BESSA DA SILVA,FEDERAÇÃO RENOVAÇÃO SOLIDÁRIA,,1158,,Válido,Suplente,04/10/2026 - 22:58:07
DEPUTADO ESTADUAL,44422,,GIRLEI APARECIDA OLIVEIRA MARCONI,FEDERAÇÃO UNIÃO PROGRESSISTA,,1152,,Válido,Suplente,04/10/2026 - 22:58:07
DEPUTADO ESTADUAL,15159,,MARCIA TAPIGLIANI BAPTISTA,MOVIMENTO DEMOCRÁTICO BRASILEIRO,MDB,1138,,Válido,Suplente,04/10/2026 - 22:58:07
DEPUTADO ESTADUAL,30191,,MARCIO DA SILVA SANTOS,PARTIDO NOVO,NOVO,1135,,Válido,Suplente,04/10/2026 - 22:58:07
DEPUTADO ESTADUAL,11253,,FERNANDO MANSO,FEDERAÇÃO UNIÃO PROGRESSISTA,,1130,,Válido,Suplente,04/10/2026 - 22:58:07
DEPUTADO ESTADUAL,11789,,LUCIMARA BATISTA GERMANO DO NASCIMENTO,FEDERAÇÃO UNIÃO PROGRESSISTA,,1112,,Válido,Suplente,04/10/2026 - 22:58:07
DEPUTADO ESTADUAL,15800,,AIRTON FERREIRA PORTO,MOVIMENTO DEMOCRÁTICO BRASILEIRO,MDB,1111,,Válido,Suplente,04/10/2026 - 22:58:07
DEPUTADO ESTADUAL,30011,,MARCOS ANTONIO HOMSI GARCIA,PARTIDO NOVO,NOVO,1109,,Válido,Suplente,04/10/2026 - 22:58:07
DEPUTADO ESTADUAL,15745,,JOSE NERIVAN DA SILVA,MOVIMENTO DEMOCRÁTICO BRASILEIRO,MDB,1100,,Válido,Suplente,04/10/2026 - 22:58:07
DEPUTADO ESTADUAL,13190,,GIVANILDO GONCALVES DOS SANTOS,FEDERAÇÃO BRASIL DA ESPERANÇA - FE BRASIL,,1097,,Válido,Suplente,04/10/2026 - 22:58:07
DEPUTADO ESTADUAL,11456,,SONIA DE BRITO PARREIRA,FEDERAÇÃO UNIÃO PROGRESSISTA,,1092,,Válido,Suplente,04/10/2026 - 22:58:07
DEPUTADO ESTADUAL,55505,,ANDRÉA VIEGAS BUENO,PARTIDO SOCIAL DEMOCRÁTICO,PSD,1089,,Válido,Suplente,04/10/2026 - 22:58:07
DEPUTADO ESTADUAL,10511,,JACQUELINE POLACHINI BATISTA,REPUBLICANOS,REPUBLICANOS,1086,,Válido,Suplente,04/10/2026 - 22:58:07
DEPUTADO ESTADUAL,40121,,ANTONIO CARLOS SARTI,PARTIDO SOCIALISTA BRASILEIRO,PSB,1079,,Válido,Suplente,04/10/2026 - 22:58:07
DEPUTADO ESTADUAL,40010,,SANDRA SILVA MARQUES,PARTIDO SOCIALISTA BRASILEIRO,PSB,1076,,Válido,Suplente,04/10/2026 - 22:58:07
DEPUTADO ESTADUAL,25133,,ANESIO FERREIRA DE CAMPOS,FEDERAÇÃO RENOVAÇÃO SOLIDÁRIA,,1074,,Válido,Suplente,04/10/2026 - 22:58:07
DEPUTADO ESTADUAL,44456,,MARIA ALZAIR GUIMARAES,FEDERAÇÃO UNIÃO PROGRESSISTA,,1070,,Válido,Suplente,04/10/2026 - 22:58:07
DEPUTADO ESTADUAL,30122,,IZAIAS CEZAR DE OLIVEIRA LIMA,PARTIDO NOVO,NOVO,1063,,Válido,Suplente,04/10/2026 - 22:58:07
DEPUTADO ESTADUAL,14110,,ISIS LOPES DELBONI,PARTIDO MISSÃO,MISSÃO,1061,,Válido,Suplente,04/10/2026 - 22:58:07
DEPUTADO ESTADUAL,45678,,FRANCISCO DOUGLAS SANTOS CAMPOS,FEDERAÇÃO PSDB CIDADANIA,,1060,,Válido,Suplente,04/10/2026 - 22:58:07
DEPUTADO ESTADUAL,77100,,NATHACIA BARBOSA AMARAL,FEDERAÇÃO RENOVAÇÃO SOLIDÁRIA,,1054,,Válido,Suplente,04/10/2026 - 22:58:07
DEPUTADO ESTADUAL,20066,,WALMIR BAPTISTA RIGUEIRA,PODEMOS,PODEMOS,1047,,Válido,Suplente,04/10/2026 - 22:58:07
DEPUTADO ESTADUAL,13103,,CLARACI SOUSA SILVA,FEDERAÇÃO BRASIL DA ESPERANÇA - FE BRASIL,,1040,,Válido,Suplente,04/10/2026 - 22:58:07
DEPUTADO ESTADUAL,23333,,CAROLINA TAKAYAMA DOS SANTOS,FEDERAÇÃO PSDB CIDADANIA,,1039,,Válido,Suplente,04/10/2026 - 22:58:07
DEPUTADO ESTADUAL,40240,,EDSON VENTURA DA SILVA,PARTIDO SOCIALISTA BRASILEIRO,PSB,1035,,Válido,Suplente,04/10/2026 - 22:58:07
DEPUTADO ESTADUAL,36000,,ISAAC FERNANDO VIEIRA BERNARDO,AGIR,AGIR,1033,,Válido,Não eleito,04/10/2026 - 22:58:07
DEPUTADO ESTADUAL,25500,,CARLOS ALBERTO FABRINI,FEDERAÇÃO RENOVAÇÃO SOLIDÁRIA,,1031,,Válido,Suplente,04/10/2026 - 22:58:07
DEPUTADO ESTADUAL,45021,,GIDEÃO GUILHERME MARQUES SOARES,FEDERAÇÃO PSDB CIDADANIA,,1020,,Válido,Suplente,04/10/2026 - 22:58:07
DEPUTADO ESTADUAL,45454,,JANAINA MACEDO CALVO,FEDERAÇÃO PSDB CIDADANIA,,1017,,Válido,Suplente,04/10/2026 - 22:58:07
DEPUTADO ESTADUAL,44248,,RODRIGO JALLOUL,FEDERAÇÃO UNIÃO PROGRESSISTA,,1015,,Válido,Suplente,04/10/2026 - 22:58:07
DEPUTADO ESTADUAL,45100,,VAGNER APARECIDO MALHEIROS,FEDERAÇÃO PSDB CIDADANIA,,1014,,Válido,Suplente,04/10/2026 - 22:58:07
DEPUTADO ESTADUAL,40013,,LUIZ EUSTAQUIO DOS SANTOS,PARTIDO SOCIALISTA BRASILEIRO,PSB,1013,,Válido,Suplente,04/10/2026 - 22:58:07
DEPUTADO ESTADUAL,13021,,ANTONIO MARIA ANDRADE COELHO JUNIOR,FEDERAÇÃO BRASIL DA ESPERANÇA - FE BRASIL,,1007,,Válido,Suplente,04/10/2026 - 22:58:07
DEPUTADO ESTADUAL,16123,,FATIMA APARECIDA PEREIRA DA SILVA,PARTIDO SOCIALISTA DOS TRABALHADORES,PSTU,1003,,Válido,Não eleito,04/10/2026 - 22:58:07
DEPUTADO ESTADUAL,77852,,POLIANA PENACHIOTTI BARBETI,FEDERAÇÃO RENOVAÇÃO SOLIDÁRIA,,1000,,Válido,Suplente,04/10/2026 - 22:58:07
DEPUTADO ESTADUAL,14321,,RAPHAELA SPACCASASSI D ITRI,PARTIDO MISSÃO,MISSÃO,999,,Válido,Suplente,04/10/2026 - 22:58:07
DEPUTADO ESTADUAL,22050,,NILCE NEVES MATTARAGGIA,PARTIDO LIBERAL,PL,994,,Válido,Suplente,04/10/2026 - 22:58:07
DEPUTADO ESTADUAL,14789,,JOÃO XAVIER DOS SANTOS NETO,PARTIDO MISSÃO,MISSÃO,984,,Anulado sub judice,Não eleito,04/10/2026 - 22:58:07
DEPUTADO ESTADUAL,11411,,LETÍCIA SOUZA DOS SANTOS,FEDERAÇÃO UNIÃO PROGRESSISTA,,983,,Válido,Suplente,04/10/2026 - 22:58:07
DEPUTADO ESTADUAL,15019,,ERICK LEVI ROCHA DOS SANTOS,MOVIMENTO DEMOCRÁTICO BRASILEIRO,MDB,982,,Válido,Suplente,04/10/2026 - 22:58:07
DEPUTADO ESTADUAL,33500,,RIVELINO APARECIDO MUNIZ,MOBILIZAÇÃO NACIONAL,MOBILIZA,980,,Válido,Não eleito,04/10/2026 - 22:58:07
DEPUTADO ESTADUAL,30025,,CÍCERA APARECIDA JACINTO VEDESCHI,PARTIDO NOVO,NOVO,973,,Válido,Suplente,04/10/2026 - 22:58:07
DEPUTADO ESTADUAL,70300,,JOÃO ALVES VIEIRA,AVANTE,AVANTE,971,,Válido,Não eleito,04/10/2026 - 22:58:07
DEPUTADO ESTADUAL,25922,,ROSMARI GUIMARÃES,FEDERAÇÃO RENOVAÇÃO SOLIDÁRIA,,970,,Válido,Suplente,04/10/2026 - 22:58:07
DEPUTADO ESTADUAL,22097,,PATRICIA DA SILVA FEITOSA,PARTIDO LIBERAL,PL,969,,Válido,Suplente,04/10/2026 - 22:58:07
DEPUTADO ESTADUAL,23555,,RODRIGO FEITOSA LOPES,FEDERAÇÃO PSDB CIDADANIA,,967,,Válido,Suplente,04/10/2026 - 22:58:07
DEPUTADO ESTADUAL,50014,,BRUNO RAFAEL DE OLIVEIRA JORDANI,FEDERAÇÃO PSOL REDE,,960,,Válido,Suplente,04/10/2026 - 22:58:07
DEPUTADO ESTADUAL,77749,,MONICA APARECIDA CALAZANS,FEDERAÇÃO RENOVAÇÃO SOLIDÁRIA,,959,,Válido,Suplente,04/10/2026 - 22:58:07
DEPUTADO ESTADUAL,30100,,LUÍS ALBERTO VAZ,PARTIDO NOVO,NOVO,958,,Válido,Suplente,04/10/2026 - 22:58:07
DEPUTADO ESTADUAL,30500,,RICARDO ROGERIO MEIRELLES,PARTIDO NOVO,NOVO,949,,Válido,Suplente,04/10/2026 - 22:58:07
DEPUTADO ESTADUAL,12007,,RENATO MANTELLI PICOLI,PARTIDO DEMOCRÁTICO TRABALHISTA,PDT,944,,Válido,Não eleito,04/10/2026 - 22:58:07
DEPUTADO ESTADUAL,30202,,EMERSON RODRIGUES ROSA,PARTIDO NOVO,NOVO,941,,Válido,Suplente,04/10/2026 - 22:58:07
DEPUTADO ESTADUAL,20041,,MARCELLO GIMENEZ,PODEMOS,PODEMOS,936,,Válido,Suplente,04/10/2026 - 22:58:07
DEPUTADO ESTADUAL,27333,,MARIA BEATRIZ SCHMIDT MONACO,DEMOCRACIA CRISTÃ,DC,935,,Válido,Não eleito,04/10/2026 - 22:58:07
DEPUTADO ESTADUAL,44193,,ADEMAR FRANCISCO MARTINS NETO,FEDERAÇÃO UNIÃO PROGRESSISTA,,932,,Válido,Suplente,04/10/2026 - 22:58:07
DEPUTADO ESTADUAL,25888,,EMERSON TCHALIAN FERREIRA,FEDERAÇÃO RENOVAÇÃO SOLIDÁRIA,,930,,Válido,Suplente,04/10/2026 - 22:58:07
DEPUTADO ESTADUAL,11211,,JOÃO MARCOS MARTINS,FEDERAÇÃO UNIÃO PROGRESSISTA,,927,,Válido,Suplente,04/10/2026 - 22:58:07
DEPUTADO ESTADUAL,12333,,FLÁVIA APARECIDA RODRIGUES,PARTIDO DEMOCRÁTICO TRABALHISTA,PDT,925,,Válido,Não eleito,04/10/2026 - 22:58:07
DEPUTADO ESTADUAL,10221,,PAULO SERGIO DA ROCHA,REPUBLICANOS,REPUBLICANOS,922,,Válido,Suplente,04/10/2026 - 22:58:07
DEPUTADO ESTADUAL,30020,,ALEXANDRE TABAH,PARTIDO NOVO,NOVO,920,,Válido,Suplente,04/10/2026 - 22:58:07
DEPUTADO ESTADUAL,30600,,SAULO DE TARSO DA COSTA SILVA FREITAS,PARTIDO NOVO,NOVO,919,,Válido,Suplente,04/10/2026 - 22:58:07
DEPUTADO ESTADUAL,12712,,WAGNERIANO DE LIMA MOREIRA,PARTIDO DEMOCRÁTICO TRABALHISTA,PDT,918,,Válido,Não eleito,04/10/2026 - 22:58:07
DEPUTADO ESTADUAL,77677,,VAGNER DOS SANTOS BELLINI,FEDERAÇÃO RENOVAÇÃO SOLIDÁRIA,,911,,Válido,Suplente,04/10/2026 - 22:58:07
DEPUTADO ESTADUAL,15233,,KONSTANTINO ANTONIO ATANASSOPULOS,MOVIMENTO DEMOCRÁTICO BRASILEIRO,MDB,910,,Válido,Suplente,04/10/2026 - 22:58:07
DEPUTADO ESTADUAL,30013,,PEDRO SUPLICY DE BARROS BARRETO,PARTIDO NOVO,NOVO,909,,Válido,Suplente,04/10/2026 - 22:58:07
DEPUTADO ESTADUAL,20330,,VALERIA APARECIDA MESSIAS LIMA,PODEMOS,PODEMOS,909,,Válido,Suplente,04/10/2026 - 22:58:07
DEPUTADO ESTADUAL,20820,,YOO NA KIM OKUDA CAMPANELI,PODEMOS,PODEMOS,907,,Válido,Suplente,04/10/2026 - 22:58:07
DEPUTADO ESTADUAL,15715,,CHRISTIANE BATISTA RAMOS CAMPOS,MOVIMENTO DEMOCRÁTICO BRASILEIRO,MDB,903,,Válido,Suplente,04/10/2026 - 22:58:07
DEPUTADO ESTADUAL,30044,,EDMILSON FONSECA FILHO,PARTIDO NOVO,NOVO,903,,Válido,Suplente,04/10/2026 - 22:58:07
DEPUTADO ESTADUAL,50321,,CLAUDINEY GENEROSO,FEDERAÇÃO PSOL REDE,,901,,Válido,Suplente,04/10/2026 - 22:58:07
DEPUTADO ESTADUAL,15556,,ADRIANA VASCONCELLOS VIEIRA DE OLIVEIRA LUIZ,MOVIMENTO DEMOCRÁTICO BRASILEIRO,MDB,889,,Válido,Suplente,04/10/2026 - 22:58:07
DEPUTADO ESTADUAL,11700,,CASSIA ROCHA FAGUNDES COGUETO,FEDERAÇÃO UNIÃO PROGRESSISTA,,880,,Válido,Suplente,04/10/2026 - 22:58:07
DEPUTADO ESTADUAL,20666,,EDUARDO DE PAULA RODRIGUES,PODEMOS,PODEMOS,877,,Válido,Suplente,04/10/2026 - 22:58:07
DEPUTADO ESTADUAL,12444,,RAIMUNDO RODRIGUES DE PAIVA,PARTIDO DEMOCRÁTICO TRABALHISTA,PDT,868,,Válido,Não eleito,04/10/2026 - 22:58:07
DEPUTADO ESTADUAL,10776,,VANIA DA PAIXAO LANA ONWUDIWE,REPUBLICANOS,REPUBLICANOS,858,,Válido,Suplente,04/10/2026 - 22:58:07
DEPUTADO ESTADUAL,45400,,CARLOS PIRES DE LIMA,FEDERAÇÃO PSDB CIDADANIA,,855,,Válido,Suplente,04/10/2026 - 22:58:07
DEPUTADO ESTADUAL,15915,,SARA CRISTIANE PINTO TALARICO,MOVIMENTO DEMOCRÁTICO BRASILEIRO,MDB,855,,Válido,Suplente,04/10/2026 - 22:58:07
DEPUTADO ESTADUAL,33120,,LUIZ FERNANDO BRASILIENSE,MOBILIZAÇÃO NACIONAL,MOBILIZA,854,,Válido,Não eleito,04/10/2026 - 22:58:07
DEPUTADO ESTADUAL,55369,,MARCOS CESAR GARRIDO,PARTIDO SOCIAL DEMOCRÁTICO,PSD,850,,Válido,Suplente,04/10/2026 - 22:58:07
DEPUTADO ESTADUAL,20910,,MARCIO SERAPILLA BARBOSA,PODEMOS,PODEMOS,849,,Válido,Suplente,04/10/2026 - 22:58:07
DEPUTADO ESTADUAL,50111,,RILDO NEDSON MOTA DE SOUSA,FEDERAÇÃO PSOL REDE,,843,,Válido,Suplente,04/10/2026 - 22:58:07
DEPUTADO ESTADUAL,12019,,ALAN AILTON DA SILVA,PARTIDO DEMOCRÁTICO TRABALHISTA,PDT,841,,Válido,Não eleito,04/10/2026 - 22:58:07
DEPUTADO ESTADUAL,15080,,JARDEL DA COSTA SILVA,MOVIMENTO DEMOCRÁTICO BRASILEIRO,MDB,839,,Válido,Suplente,04/10/2026 - 22:58:07
DEPUTADO ESTADUAL,70030,,ALEX DOS SANTOS LOZAVIO,AVANTE,AVANTE,838,,Válido,Não eleito,04/10/2026 - 22:58:07
DEPUTADO ESTADUAL,10400,,SYLVIA MÁRCIA CARUSO,REPUBLICANOS,REPUBLICANOS,827,,Válido,Suplente,04/10/2026 - 22:58:07
DEPUTADO ESTADUAL,12456,,IVANILSON GOMES DE MOURA,PARTIDO DEMOCRÁTICO TRABALHISTA,PDT,826,,Válido,Não eleito,04/10/2026 - 22:58:07
DEPUTADO ESTADUAL,45011,,HELTON ALVES DA COSTA,FEDERAÇÃO PSDB CIDADANIA,,824,,Válido,Suplente,04/10/2026 - 22:58:07
DEPUTADO ESTADUAL,30533,,ROGERIO DOMINGUES GAMEIRO,PARTIDO NOVO,NOVO,824,,Válido,Suplente,04/10/2026 - 22:58:07
DEPUTADO ESTADUAL,70888,,HENRIQUE MATHIAS ALVES,AVANTE,AVANTE,812,,Válido,Não eleito,04/10/2026 - 22:58:07
DEPUTADO ESTADUAL,10007,,WANDEMBERG MARQUES DA SILVA,REPUBLICANOS,REPUBLICANOS,810,,Válido,Suplente,04/10/2026 - 22:58:07
DEPUTADO ESTADUAL,70100,,FLADEMIR BATISTA DE OLIVEIRA,AVANTE,AVANTE,809,,Válido,Não eleito,04/10/2026 - 22:58:07
DEPUTADO ESTADUAL,14001,,PAULO AFONSO DOS SANTOS SILVA,PARTIDO MISSÃO,MISSÃO,808,,Válido,Suplente,04/10/2026 - 22:58:07
DEPUTADO ESTADUAL,13160,,ANA MARIA BORGES DE OLINDA,FEDERAÇÃO BRASIL DA ESPERANÇA - FE BRASIL,,804,,Válido,Suplente,04/10/2026 - 22:58:07
DEPUTADO ESTADUAL,77153,,DENILSON SOARES,FEDERAÇÃO RENOVAÇÃO SOLIDÁRIA,,804,,Válido,Suplente,04/10/2026 - 22:58:07
DEPUTADO ESTADUAL,20004,,ELOI FRANCISCO BARBOSA,PODEMOS,PODEMOS,804,,Válido,Suplente,04/10/2026 - 22:58:07
DEPUTADO ESTADUAL,12227,,LUCIANA DE SOUZA SOLER,PARTIDO DEMOCRÁTICO TRABALHISTA,PDT,798,,Válido,Não eleito,04/10/2026 - 22:58:07
DEPUTADO ESTADUAL,40212,,MARCOS ANTONIO FERREIRA,PARTIDO SOCIALISTA BRASILEIRO,PSB,794,,Válido,Suplente,04/10/2026 - 22:58:07
DEPUTADO ESTADUAL,20774,,JOSE ROBERTO CAMPOS MONTEIRO JUNIOR,PODEMOS,PODEMOS,794,,Válido,Suplente,04/10/2026 - 22:58:07
DEPUTADO ESTADUAL,45012,,JAMES DEL TEDESCO LOSACCO,FEDERAÇÃO PSDB CIDADANIA,,792,,Válido,Suplente,04/10/2026 - 22:58:07
DEPUTADO ESTADUAL,45022,,JOÃO CARLOS TOSI,FEDERAÇÃO PSDB CIDADANIA,,792,,Válido,Suplente,04/10/2026 - 22:58:07
DEPUTADO ESTADUAL,30369,,VALDIVIA DOS SANTOS PASSONI,PARTIDO NOVO,NOVO,787,,Válido,Suplente,04/10/2026 - 22:58:07
DEPUTADO ESTADUAL,70012,,NEZINHO GONÇALVES NUNES,AVANTE,AVANTE,782,,Válido,Não eleito,04/10/2026 - 22:58:07
DEPUTADO ESTADUAL,15047,,EMERSON FRACAROLI,MOVIMENTO DEMOCRÁTICO BRASILEIRO,MDB,781,,Válido,Suplente,04/10/2026 - 22:58:07
DEPUTADO ESTADUAL,30444,,THEREZA CHRISTINA FARIA LIMA,PARTIDO NOVO,NOVO,780,,Válido,Suplente,04/10/2026 - 22:58:07
DEPUTADO ESTADUAL,20199,,EUVALDO REIS DOS SANTOS MENEZES,PODEMOS,PODEMOS,780,,Válido,Suplente,04/10/2026 - 22:58:07
DEPUTADO ESTADUAL,30015,,LUIZ FILIPE LEME DE SOUZA,PARTIDO NOVO,NOVO,776,,Válido,Suplente,04/10/2026 - 22:58:07
DEPUTADO ESTADUAL,36777,,MAURICIO EDUARDO GOULART,AGIR,AGIR,772,,Anulado sub judice,Não eleito,04/10/2026 - 22:58:07
DEPUTADO ESTADUAL,27057,,OSVALDO TOBIA NETO,DEMOCRACIA CRISTÃ,DC,768,,Válido,Não eleito,04/10/2026 - 22:58:07
DEPUTADO ESTADUAL,14555,,FRANCISCO AILTON SIQUEIRA DE SOUSA,PARTIDO MISSÃO,MISSÃO,768,,Válido,Suplente,04/10/2026 - 22:58:07
DEPUTADO ESTADUAL,40774,,LIVIA MARIA NICOMEDES CONCEIÇÃO,PARTIDO SOCIALISTA BRASILEIRO,PSB,767,,Válido,Suplente,04/10/2026 - 22:58:07
DEPUTADO ESTADUAL,35033,,ALMIRO RODRIGUES RIBEIRO,DEMOCRATA,,764,,Válido,Não eleito,04/10/2026 - 22:58:07
DEPUTADO ESTADUAL,10298,,JULIANA APARECIDA DE SOUZA PIRES,REPUBLICANOS,REPUBLICANOS,764,,Válido,Suplente,04/10/2026 - 22:58:07
DEPUTADO ESTADUAL,70600,,GILBERTO APARECIDO BORGES,AVANTE,AVANTE,759,,Válido,Não eleito,04/10/2026 - 22:58:07
DEPUTADO ESTADUAL,50222,,MARGARIDA BERNARDINA DOS SANTOS RAMOS,FEDERAÇÃO PSOL REDE,,759,,Válido,Suplente,04/10/2026 - 22:58:07
DEPUTADO ESTADUAL,10990,,JOSÉ MINATTI JUNIOR,REPUBLICANOS,REPUBLICANOS,748,,Válido,Suplente,04/10/2026 - 22:58:07
DEPUTADO ESTADUAL,50505,,CARLOS JACOMO DE OLIVEIRA E SILVA,FEDERAÇÃO PSOL REDE,,746,,Válido,Suplente,04/10/2026 - 22:58:07
DEPUTADO ESTADUAL,55077,,LEVI DA HORA DE OLIVEIRA,PARTIDO SOCIAL DEMOCRÁTICO,PSD,745,,Válido,Suplente,04/10/2026 - 22:58:07
DEPUTADO ESTADUAL,50011,,FERNANDA MARIA DA SILVA,FEDERAÇÃO PSOL REDE,,744,,Válido,Suplente,04/10/2026 - 22:58:07
DEPUTADO ESTADUAL,45135,,LUCAS LIANDRO GONDARIZ CORREA,FEDERAÇÃO PSDB CIDADANIA,,738,,Válido,Suplente,04/10/2026 - 22:58:07
DEPUTADO ESTADUAL,30320,,ANDERSON DAMASCENO DIVINO,PARTIDO NOVO,NOVO,733,,Válido,Suplente,04/10/2026 - 22:58:07
DEPUTADO ESTADUAL,50074,,VALDENOR SILVA DOS SANTOS,FEDERAÇÃO PSOL REDE,,730,,Válido,Suplente,04/10/2026 - 22:58:07
DEPUTADO ESTADUAL,50133,,MARCELO REINA SILIANO,FEDERAÇÃO PSOL REDE,,729,,Válido,Suplente,04/10/2026 - 22:58:07
DEPUTADO ESTADUAL,10910,,DENNIS DA SILVA GUERRA,REPUBLICANOS,REPUBLICANOS,724,,Válido,Suplente,04/10/2026 - 22:58:07
DEPUTADO ESTADUAL,36190,,ISAIAS SALVIANO,AGIR,AGIR,723,,Anulado sub judice,Não eleito,04/10/2026 - 22:58:07
DEPUTADO ESTADUAL,30200,,SILVIA REGINA DE LUCA BESERRA,PARTIDO NOVO,NOVO,721,,Válido,Suplente,04/10/2026 - 22:58:07
DEPUTADO ESTADUAL,30014,,CÁSSIA MUSSULINI,PARTIDO NOVO,NOVO,719,,Válido,Suplente,04/10/2026 - 22:58:07
DEPUTADO ESTADUAL,15084,,MARCELO APARECIDO ALVES DE SOUZA,MOVIMENTO DEMOCRÁTICO BRASILEIRO,MDB,716,,Válido,Suplente,04/10/2026 - 22:58:07
DEPUTADO ESTADUAL,12321,,LUIS CARLOS DE SOUZA,PARTIDO DEMOCRÁTICO TRABALHISTA,PDT,713,,Válido,Não eleito,04/10/2026 - 22:58:07
DEPUTADO ESTADUAL,30330,,MARCELA GOMES FERREIRA,PARTIDO NOVO,NOVO,707,,Válido,Suplente,04/10/2026 - 22:58:07
DEPUTADO ESTADUAL,15051,,TANIA MARA MARQUES SILVA,MOVIMENTO DEMOCRÁTICO BRASILEIRO,MDB,696,,Válido,Suplente,04/10/2026 - 22:58:07
DEPUTADO ESTADUAL,12111,,RONALDO HENRIQUE FERREIRA,PARTIDO DEMOCRÁTICO TRABALHISTA,PDT,685,,Válido,Não eleito,04/10/2026 - 22:58:07
DEPUTADO ESTADUAL,15022,,ELISABETE MAZUCHI WELSK BORGES DE CARVALHO,MOVIMENTO DEMOCRÁTICO BRASILEIRO,MDB,683,,Válido,Suplente,04/10/2026 - 22:58:07
DEPUTADO ESTADUAL,33332,,ADAILTON DOS SANTOS DIAS,MOBILIZAÇÃO NACIONAL,MOBILIZA,674,,Válido,Não eleito,04/10/2026 - 22:58:07
DEPUTADO ESTADUAL,20153,,TATIANE FRANCO DO NASCIMENTO,PODEMOS,PODEMOS,667,,Válido,Suplente,04/10/2026 - 22:58:07
DEPUTADO ESTADUAL,14567,,INGRID LUANA CARDOSO,PARTIDO MISSÃO,MISSÃO,666,,Válido,Suplente,04/10/2026 - 22:58:07
DEPUTADO ESTADUAL,77017,,SANDRA VALÉRIA CURTI RODRIGUES,FEDERAÇÃO RENOVAÇÃO SOLIDÁRIA,,664,,Válido,Suplente,04/10/2026 - 22:58:07
DEPUTADO ESTADUAL,44321,,ROSANGELA MARIA LOPES,FEDERAÇÃO UNIÃO PROGRESSISTA,,660,,Válido,Suplente,04/10/2026 - 22:58:07
DEPUTADO ESTADUAL,36036,,PAULO SERGIO FERREIRA,AGIR,AGIR,653,,Anulado sub judice,Não eleito,04/10/2026 - 22:58:07
DEPUTADO ESTADUAL,15013,,WALDEMAR PEREIRA DE QUEIROZ,MOVIMENTO DEMOCRÁTICO BRASILEIRO,MDB,650,,Válido,Suplente,04/10/2026 - 22:58:07
DEPUTADO ESTADUAL,55021,,FERNANDA GABRIELA WINDER MARTINS,PARTIDO SOCIAL DEMOCRÁTICO,PSD,650,,Válido,Suplente,04/10/2026 - 22:58:07
DEPUTADO ESTADUAL,40333,,MARIA ALICE PELICARIO,PARTIDO SOCIALISTA BRASILEIRO,PSB,638,,Válido,Suplente,04/10/2026 - 22:58:07
DEPUTADO ESTADUAL,30077,,MIQUÉIAS SOARES DE ANDRADE,PARTIDO NOVO,NOVO,634,,Válido,Suplente,04/10/2026 - 22:58:07
DEPUTADO ESTADUAL,40181,,EDVAN JOSE DOS SANTOS,PARTIDO SOCIALISTA BRASILEIRO,PSB,632,,Válido,Suplente,04/10/2026 - 22:58:07
DEPUTADO ESTADUAL,29000,,FRANCISCO WEISS MUNIZ,PARTIDO DA CAUSA OPERÁRIA,PCO,630,,Anulado sub judice,Não eleito,04/10/2026 - 22:58:07
DEPUTADO ESTADUAL,70017,,ALESSANDRO PEREIRA,AVANTE,AVANTE,629,,Válido,Não eleito,04/10/2026 - 22:58:07
DEPUTADO ESTADUAL,70190,,MATEUS LEANDRO PRATES DE GODOY,AVANTE,AVANTE,627,,Válido,Não eleito,04/10/2026 - 22:58:07
DEPUTADO ESTADUAL,45212,,ADRIANO NERES DE OLIVEIRA,FEDERAÇÃO PSDB CIDADANIA,,625,,Válido,Suplente,04/10/2026 - 22:58:07
DEPUTADO ESTADUAL,50303,,LUIZ AUGUSTO FERREIRA DE CARVALHO,FEDERAÇÃO PSOL REDE,,621,,Válido,Suplente,04/10/2026 - 22:58:07
DEPUTADO ESTADUAL,50501,,AUSTRIQUILIANO LUCENA MARTINS,FEDERAÇÃO PSOL REDE,,620,,Válido,Suplente,04/10/2026 - 22:58:07
DEPUTADO ESTADUAL,30337,,RAFAEL GEDEON IZAR,PARTIDO NOVO,NOVO,615,,Válido,Suplente,04/10/2026 - 22:58:07
DEPUTADO ESTADUAL,27789,,PAULO CALADO FARIAS,DEMOCRACIA CRISTÃ,DC,611,,Válido,Não eleito,04/10/2026 - 22:58:07
DEPUTADO ESTADUAL,70789,,FRANCISCA NILMAR ARRAES MANOEL,AVANTE,AVANTE,610,,Válido,Não eleito,04/10/2026 - 22:58:07
DEPUTADO ESTADUAL,45455,,JAIRO DA SILVA ALVES,FEDERAÇÃO PSDB CIDADANIA,,609,,Válido,Suplente,04/10/2026 - 22:58:07
DEPUTADO ESTADUAL,27800,,LIDUINO ANTONIO SOARES FILHO,DEMOCRACIA CRISTÃ,DC,603,,Anulado sub judice,Não eleito,04/10/2026 - 22:58:07
DEPUTADO ESTADUAL,36136,,LUIZ GUSTAVO GONCALVES,AGIR,AGIR,600,,Anulado sub judice,Não eleito,04/10/2026 - 22:58:07
DEPUTADO ESTADUAL,70707,,ALECSANDRO DOS SANTOS ROCHA,AVANTE,AVANTE,596,,Válido,Não eleito,04/10/2026 - 22:58:07
DEPUTADO ESTADUAL,25112,,MAGNO JULIAO DOS SANTOS,FEDERAÇÃO RENOVAÇÃO SOLIDÁRIA,,589,,Válido,Suplente,04/10/2026 - 22:58:07
DEPUTADO ESTADUAL,45139,,FLAVIA PLACERES PARRAVICINI,FEDERAÇÃO PSDB CIDADANIA,,588,,Válido,Suplente,04/10/2026 - 22:58:07
DEPUTADO ESTADUAL,50666,,REVYEUX DOS SANTOS LIMA,FEDERAÇÃO PSOL REDE,,588,,Válido,Suplente,04/10/2026 - 22:58:07
DEPUTADO ESTADUAL,45545,,FRANCISCO ALEXANDRE DORIA,FEDERAÇÃO PSDB CIDADANIA,,586,,Válido,Suplente,04/10/2026 - 22:58:07
DEPUTADO ESTADUAL,15133,,ROSIANE ARIANE DOS SANTOS,MOVIMENTO DEMOCRÁTICO BRASILEIRO,MDB,585,,Válido,Suplente,04/10/2026 - 22:58:07
DEPUTADO ESTADUAL,36011,,MARCO ANTONIO BELETTI,AGIR,AGIR,583,,Anulado sub judice,Não eleito,04/10/2026 - 22:58:07
DEPUTADO ESTADUAL,45179,,VALTER RAFAEL CICOGNA GIMENEZ,FEDERAÇÃO PSDB CIDADANIA,,582,,Válido,Suplente,04/10/2026 - 22:58:07
DEPUTADO ESTADUAL,45456,,DAYANE PAULO FERREIRA ALVES,FEDERAÇÃO PSDB CIDADANIA,,582,,Válido,Suplente,04/10/2026 - 22:58:07
DEPUTADO ESTADUAL,33999,,EZEQUIEL DE SOUZA DAMASCENO,MOBILIZAÇÃO NACIONAL,MOBILIZA,581,,Válido,Não eleito,04/10/2026 - 22:58:07
DEPUTADO ESTADUAL,25369,,THIAGO WILLIAM LIRA,FEDERAÇÃO RENOVAÇÃO SOLIDÁRIA,,579,,Válido,Suplente,04/10/2026 - 22:58:07
DEPUTADO ESTADUAL,15551,,RAPHAEL FEITOSA FISSORE,MOVIMENTO DEMOCRÁTICO BRASILEIRO,MDB,579,,Válido,Suplente,04/10/2026 - 22:58:07
DEPUTADO ESTADUAL,70230,,AMANDA CATARINA BENGA FERREIRA,AVANTE,AVANTE,576,,Válido,Não eleito,04/10/2026 - 22:58:07
DEPUTADO ESTADUAL,45032,,CLAUDIO GASPAR DOTTORI,FEDERAÇÃO PSDB CIDADANIA,,575,,Válido,Suplente,04/10/2026 - 22:58:07
DEPUTADO ESTADUAL,11007,,SABRINA DE CILLO,FEDERAÇÃO UNIÃO PROGRESSISTA,,573,,Válido,Suplente,04/10/2026 - 22:58:07
DEPUTADO ESTADUAL,44019,,MARIA ELISA MARTINS PEREIRA LAGAZZI NASSER,FEDERAÇÃO UNIÃO PROGRESSISTA,,573,,Válido,Suplente,04/10/2026 - 22:58:07
DEPUTADO ESTADUAL,70212,,ELTON JOHN DE CASTRO PASSOS,AVANTE,AVANTE,571,,Válido,Não eleito,04/10/2026 - 22:58:07
DEPUTADO ESTADUAL,14111,,RICARDO NERY DA CUNHA,PARTIDO MISSÃO,MISSÃO,571,,Válido,Suplente,04/10/2026 - 22:58:07
DEPUTADO ESTADUAL,33000,,EDMAR MARQUES SILVA,MOBILIZAÇÃO NACIONAL,MOBILIZA,567,,Válido,Não eleito,04/10/2026 - 22:58:07
DEPUTADO ESTADUAL,45200,,DERIONÉRIO OLIVEIRA DE ASSIS,FEDERAÇÃO PSDB CIDADANIA,,563,,Válido,Suplente,04/10/2026 - 22:58:07
DEPUTADO ESTADUAL,15077,,LUIS EDUARDO SALEM,MOVIMENTO DEMOCRÁTICO BRASILEIRO,MDB,562,,Válido,Suplente,04/10/2026 - 22:58:07
DEPUTADO ESTADUAL,70111,,FRANCISCO PEREIRA DA SILVA FILHO,AVANTE,AVANTE,561,,Válido,Não eleito,04/10/2026 - 22:58:07
DEPUTADO ESTADUAL,13033,,GLEIDSON DOS SANTOS,FEDERAÇÃO BRASIL DA ESPERANÇA - FE BRASIL,,557,,Válido,Suplente,04/10/2026 - 22:58:07
DEPUTADO ESTADUAL,50010,,GENIVAL CALIXTO DA COSTA,FEDERAÇÃO PSOL REDE,,557,,Válido,Suplente,04/10/2026 - 22:58:07
DEPUTADO ESTADUAL,13510,,GILVANDRO JOSE ALVES DE OLIVEIRA FILHO,FEDERAÇÃO BRASIL DA ESPERANÇA - FE BRASIL,,554,,Válido,Suplente,04/10/2026 - 22:58:07
DEPUTADO ESTADUAL,70333,,ALESSANDRA RIBEIRO DA SILVA,AVANTE,AVANTE,553,,Válido,Não eleito,04/10/2026 - 22:58:07
DEPUTADO ESTADUAL,15156,,IVA OLIVEIRA BATISTA,MOVIMENTO DEMOCRÁTICO BRASILEIRO,MDB,553,,Válido,Suplente,04/10/2026 - 22:58:07
DEPUTADO ESTADUAL,23100,,IVONE APARECIDA DE QUEIROZ FELIPPE,FEDERAÇÃO PSDB CIDADANIA,,552,,Válido,Suplente,04/10/2026 - 22:58:07
DEPUTADO ESTADUAL,15182,,VIVIANE ALVES PAINO,MOVIMENTO DEMOCRÁTICO BRASILEIRO,MDB,551,,Válido,Suplente,04/10/2026 - 22:58:07
DEPUTADO ESTADUAL,30144,,ANDRESSA MAYANNY DA SILVA LIMA,PARTIDO NOVO,NOVO,545,,Válido,Suplente,04/10/2026 - 22:58:07
DEPUTADO ESTADUAL,45345,,DANIELA REGINA MENDES,FEDERAÇÃO PSDB CIDADANIA,,543,,Válido,Suplente,04/10/2026 - 22:58:07
DEPUTADO ESTADUAL,70193,,GUARACY RIBEIRO FILHO,AVANTE,AVANTE,539,,Válido,Não eleito,04/10/2026 - 22:58:07
DEPUTADO ESTADUAL,70555,,ANTONIA ÉRICA SIMPLÍCIO MACÊDO,AVANTE,AVANTE,536,,Válido,Não eleito,04/10/2026 - 22:58:07
DEPUTADO ESTADUAL,45680,,ANA CARLA FOGAÇA DE SOUZA,FEDERAÇÃO PSDB CIDADANIA,,534,,Válido,Suplente,04/10/2026 - 22:58:07
DEPUTADO ESTADUAL,13213,,EDUARDO CARLOS RODRIGUES,FEDERAÇÃO BRASIL DA ESPERANÇA - FE BRASIL,,530,,Válido,Suplente,04/10/2026 - 22:58:07
DEPUTADO ESTADUAL,36400,,ELIANE MARCIA DOS SANTOS SILVA,AGIR,AGIR,528,,Anulado sub judice,Não eleito,04/10/2026 - 22:58:07
DEPUTADO ESTADUAL,22318,,AIRTON RAMON ALVES DA SILVA LIMA,PARTIDO LIBERAL,PL,524,,Válido,Suplente,04/10/2026 - 22:58:07
DEPUTADO ESTADUAL,27001,,KLEBER ADELIPIO BARROS SANTOS,DEMOCRACIA CRISTÃ,DC,523,,Válido,Não eleito,04/10/2026 - 22:58:07
DEPUTADO ESTADUAL,50200,,CLAUDIO DIAS DE OLIVEIRA,FEDERAÇÃO PSOL REDE,,520,,Válido,Suplente,04/10/2026 - 22:58:07
DEPUTADO ESTADUAL,14122,,MARIA DE FÁTIMA PACHECO DE SOUZA,PARTIDO MISSÃO,MISSÃO,520,,Válido,Suplente,04/10/2026 - 22:58:07
DEPUTADO ESTADUAL,70800,,CLÍCIA HELENE REIS VICTORI,AVANTE,AVANTE,514,,Válido,Não eleito,04/10/2026 - 22:58:07
DEPUTADO ESTADUAL,12777,,ANA PAULA DE SOUZA PASSOS,PARTIDO DEMOCRÁTICO TRABALHISTA,PDT,514,,Válido,Não eleito,04/10/2026 - 22:58:07
DEPUTADO ESTADUAL,12555,,MELISSA HELEN DA COSTA MONTEIRO,PARTIDO DEMOCRÁTICO TRABALHISTA,PDT,514,,Válido,Não eleito,04/10/2026 - 22:58:07
DEPUTADO ESTADUAL,30321,,CAIO HENRIQUE DOS SANTOS SILVA,PARTIDO NOVO,NOVO,514,,Válido,Suplente,04/10/2026 - 22:58:07
DEPUTADO ESTADUAL,27111,,LUIZ ROBERTO MORAES,DEMOCRACIA CRISTÃ,DC,512,,Anulado sub judice,Não eleito,04/10/2026 - 22:58:07
DEPUTADO ESTADUAL,45001,,NIVALDO COSTA MENEZES,FEDERAÇÃO PSDB CIDADANIA,,510,,Válido,Suplente,04/10/2026 - 22:58:07
DEPUTADO ESTADUAL,30033,,WAGNER DE BRITO TEIXEIRA,PARTIDO NOVO,NOVO,510,,Válido,Suplente,04/10/2026 - 22:58:07
DEPUTADO ESTADUAL,70001,,JULIO RODRIGUES DA SILVA NETO,AVANTE,AVANTE,506,,Válido,Não eleito,04/10/2026 - 22:58:07
DEPUTADO ESTADUAL,40217,,AUGUSTO DE LIMA GUERRA,PARTIDO SOCIALISTA BRASILEIRO,PSB,503,,Válido,Suplente,04/10/2026 - 22:58:07
DEPUTADO ESTADUAL,20991,,MALBA TÂNIA RODRIGUES ABRANTES COELHO GOMES,PODEMOS,PODEMOS,499,,Válido,Suplente,04/10/2026 - 22:58:07
DEPUTADO ESTADUAL,30445,,RONALDO GALDINO DOS SANTOS,PARTIDO NOVO,NOVO,495,,Válido,Suplente,04/10/2026 - 22:58:07
DEPUTADO ESTADUAL,55552,,FILIPE MARTINS LINARES,PARTIDO SOCIAL DEMOCRÁTICO,PSD,495,,Válido,Suplente,04/10/2026 - 22:58:07
DEPUTADO ESTADUAL,33444,,JULIO AURELIANO DA SILVA,MOBILIZAÇÃO NACIONAL,MOBILIZA,493,,Válido,Não eleito,04/10/2026 - 22:58:07
DEPUTADO ESTADUAL,27778,,GABRIEL PEREIRA DE SOUZA LIMA,DEMOCRACIA CRISTÃ,DC,492,,Válido,Não eleito,04/10/2026 - 22:58:07
DEPUTADO ESTADUAL,20015,,MONALISA ANA LÔBO DOS SANTOS,PODEMOS,PODEMOS,492,,Válido,Suplente,04/10/2026 - 22:58:07
DEPUTADO ESTADUAL,33022,,LUIZ CARLOS DA SILVA,MOBILIZAÇÃO NACIONAL,MOBILIZA,491,,Válido,Não eleito,04/10/2026 - 22:58:07
DEPUTADO ESTADUAL,30102,,SILVANA NUNES DI FELICE CUNHA,PARTIDO NOVO,NOVO,489,,Válido,Suplente,04/10/2026 - 22:58:07
DEPUTADO ESTADUAL,30010,,GILBERTO APARECIDO DA SILVA,PARTIDO NOVO,NOVO,488,,Válido,Suplente,04/10/2026 - 22:58:07
DEPUTADO ESTADUAL,11101,,TELMA MARA DOS SANTOS RODOLPHO,FEDERAÇÃO UNIÃO PROGRESSISTA,,485,,Válido,Suplente,04/10/2026 - 22:58:07
DEPUTADO ESTADUAL,22072,,LÍVIA MARA SANTOS RONCARATTI,PARTIDO LIBERAL,PL,485,,Válido,Suplente,04/10/2026 - 22:58:07
DEPUTADO ESTADUAL,20345,,MEIRIELI FERREIRA DE FREITAS,PODEMOS,PODEMOS,485,,Válido,Suplente,04/10/2026 - 22:58:07
DEPUTADO ESTADUAL,40360,,EMERSON OLHO,PARTIDO SOCIALISTA BRASILEIRO,PSB,482,,Válido,Suplente,04/10/2026 - 22:58:07
DEPUTADO ESTADUAL,30019,,GUSTAVO FONTANA ANDOLPHO,PARTIDO NOVO,NOVO,480,,Válido,Suplente,04/10/2026 - 22:58:07
DEPUTADO ESTADUAL,44205,,LUSINEIDE NEVES BARRETO,FEDERAÇÃO UNIÃO PROGRESSISTA,,479,,Válido,Suplente,04/10/2026 - 22:58:07
DEPUTADO ESTADUAL,12369,,CAIO HENRIQUE DA SILVA,PARTIDO DEMOCRÁTICO TRABALHISTA,PDT,477,,Válido,Não eleito,04/10/2026 - 22:58:07
DEPUTADO ESTADUAL,30704,,FRANCISCO ALVES DE SOUSA,PARTIDO NOVO,NOVO,476,,Válido,Suplente,04/10/2026 - 22:58:07
DEPUTADO ESTADUAL,12342,,WELINGTON RODRIGO DOS SANTOS TORRES,PARTIDO DEMOCRÁTICO TRABALHISTA,PDT,473,,Válido,Não eleito,04/10/2026 - 22:58:07
DEPUTADO ESTADUAL,25022,,JOSE BRUNO GEMAQUE COSTA,FEDERAÇÃO RENOVAÇÃO SOLIDÁRIA,,472,,Válido,Suplente,04/10/2026 - 22:58:07
DEPUTADO ESTADUAL,77123,,SANDRA APARECIDA MADEU IDA,FEDERAÇÃO RENOVAÇÃO SOLIDÁRIA,,472,,Válido,Suplente,04/10/2026 - 22:58:07
DEPUTADO ESTADUAL,12112,,TATIANA TIBÉRIO VIANA RIBEIRO,PARTIDO DEMOCRÁTICO TRABALHISTA,PDT,471,,Válido,Não eleito,04/10/2026 - 22:58:07
DEPUTADO ESTADUAL,30666,,ADINALDO DE ALMEIDA RIOS,PARTIDO NOVO,NOVO,470,,Válido,Suplente,04/10/2026 - 22:58:07
DEPUTADO ESTADUAL,27127,,ISABELA LETÍCIA DOS SANTOS GOUVEIA,DEMOCRACIA CRISTÃ,DC,469,,Válido,Não eleito,04/10/2026 - 22:58:07
DEPUTADO ESTADUAL,50522,,JANICE FERREIRA,FEDERAÇÃO PSOL REDE,,464,,Válido,Suplente,04/10/2026 - 22:58:07
DEPUTADO ESTADUAL,27770,,ABMAEL ALONSO ANDRADE LIMA,DEMOCRACIA CRISTÃ,DC,460,,Válido,Não eleito,04/10/2026 - 22:58:07
DEPUTADO ESTADUAL,50333,,GILBERTO ALENCAR ALVES,FEDERAÇÃO PSOL REDE,,459,,Válido,Suplente,04/10/2026 - 22:58:07
DEPUTADO ESTADUAL,40401,,EDVALDO DE JESUS SOUZA,PARTIDO SOCIALISTA BRASILEIRO,PSB,457,,Válido,Suplente,04/10/2026 - 22:58:07
DEPUTADO ESTADUAL,30722,,BRUNO RIBEIRO GODINHO,PARTIDO NOVO,NOVO,454,,Válido,Suplente,04/10/2026 - 22:58:07
DEPUTADO ESTADUAL,45023,,MIRIAN FERREIRA DE BARROS ALVES,FEDERAÇÃO PSDB CIDADANIA,,452,,Válido,Suplente,04/10/2026 - 22:58:07
DEPUTADO ESTADUAL,15099,,DERIVALDO NERI DOS SANTOS,MOVIMENTO DEMOCRÁTICO BRASILEIRO,MDB,451,,Válido,Suplente,04/10/2026 - 22:58:07
DEPUTADO ESTADUAL,13077,,ROSELI RODRIGUES RAMOS DE OLIVEIRA,FEDERAÇÃO BRASIL DA ESPERANÇA - FE BRASIL,,449,,Válido,Suplente,04/10/2026 - 22:58:07
DEPUTADO ESTADUAL,40008,,ITAMAR TAVARES GARCIA,PARTIDO SOCIALISTA BRASILEIRO,PSB,448,,Válido,Suplente,04/10/2026 - 22:58:07
DEPUTADO ESTADUAL,14100,,JONAS MARQUES BOTAN,PARTIDO MISSÃO,MISSÃO,446,,Válido,Suplente,04/10/2026 - 22:58:07
DEPUTADO ESTADUAL,33600,,JULIANA DE OLIVEIRA MARTINS MACHADO,MOBILIZAÇÃO NACIONAL,MOBILIZA,443,,Válido,Não eleito,04/10/2026 - 22:58:07
DEPUTADO ESTADUAL,30017,,SOLANGE CORDEIRO VILLAS BÔAS,PARTIDO NOVO,NOVO,442,,Válido,Suplente,04/10/2026 - 22:58:07
DEPUTADO ESTADUAL,30707,,THAIS ELENA BATTAGLIN PEREIRA DE CAMPOS,PARTIDO NOVO,NOVO,441,,Válido,Suplente,04/10/2026 - 22:58:07
DEPUTADO ESTADUAL,30556,,MARCOS ANTONIO DE ALCÂNTARA PIRES,PARTIDO NOVO,NOVO,441,,Válido,Suplente,04/10/2026 - 22:58:07
DEPUTADO ESTADUAL,20300,,CRISTIANO DE LIMA ROSA,PODEMOS,PODEMOS,441,,Válido,Suplente,04/10/2026 - 22:58:07
DEPUTADO ESTADUAL,70444,,PEDRO MAURICIO PEREIRA,AVANTE,AVANTE,439,,Válido,Não eleito,04/10/2026 - 22:58:07
DEPUTADO ESTADUAL,70050,,PATRICIA CHIARINI MACHADO,AVANTE,AVANTE,434,,Válido,Não eleito,04/10/2026 - 22:58:07
DEPUTADO ESTADUAL,77770,,REGINA DE MATOS COELHO NOGUEIRA,FEDERAÇÃO RENOVAÇÃO SOLIDÁRIA,,432,,Válido,Suplente,04/10/2026 - 22:58:07
DEPUTADO ESTADUAL,33555,,EVALDO CLAUDINO DE ALMEIDA,MOBILIZAÇÃO NACIONAL,MOBILIZA,432,,Válido,Não eleito,04/10/2026 - 22:58:07
DEPUTADO ESTADUAL,30070,,MARIA DE JESUS RODRIGUES SORIANO,PARTIDO NOVO,NOVO,431,,Válido,Suplente,04/10/2026 - 22:58:07
DEPUTADO ESTADUAL,30334,,LAIS HELENA PINHEIRO LIMA E SILVA,PARTIDO NOVO,NOVO,426,,Válido,Suplente,04/10/2026 - 22:58:07
DEPUTADO ESTADUAL,36222,,MARCIO ROBERTO GARCIA LARRANHAGA,AGIR,AGIR,422,,Válido,Não eleito,04/10/2026 - 22:58:07
DEPUTADO ESTADUAL,70110,,EDICARLOS BISPO DOS SANTOS,AVANTE,AVANTE,421,,Válido,Não eleito,04/10/2026 - 22:58:07
DEPUTADO ESTADUAL,27444,,NOELMA DE SOUZA RODRIGUES,DEMOCRACIA CRISTÃ,DC,420,,Válido,Não eleito,04/10/2026 - 22:58:07
DEPUTADO ESTADUAL,50299,,MARCOS DE SOUZA,FEDERAÇÃO PSOL REDE,,420,,Válido,Suplente,04/10/2026 - 22:58:07
DEPUTADO ESTADUAL,40192,,JULIANE VILELA MUNIZ,PARTIDO SOCIALISTA BRASILEIRO,PSB,418,,Válido,Suplente,04/10/2026 - 22:58:07
DEPUTADO ESTADUAL,33566,,ROSEMEIRE GRIGORIO RAMACCIOTTI,MOBILIZAÇÃO NACIONAL,MOBILIZA,417,,Válido,Não eleito,04/10/2026 - 22:58:07
DEPUTADO ESTADUAL,13099,,SÉRGIO JOSÉ CUSTÓDIO,FEDERAÇÃO BRASIL DA ESPERANÇA - FE BRASIL,,416,,Válido,Suplente,04/10/2026 - 22:58:07
DEPUTADO ESTADUAL,40940,,RENATO DA SILVA DE FIGUEIREDO,PARTIDO SOCIALISTA BRASILEIRO,PSB,416,,Válido,Suplente,04/10/2026 - 22:58:07
DEPUTADO ESTADUAL,14115,,BRUNA DA SILVA LANGE,PARTIDO MISSÃO,MISSÃO,414,,Válido,Suplente,04/10/2026 - 22:58:07
DEPUTADO ESTADUAL,14060,,BRUNO BRAZ DE JESUS,PARTIDO MISSÃO,MISSÃO,413,,Válido,Suplente,04/10/2026 - 22:58:07
DEPUTADO ESTADUAL,18181,,THIAGO LIMA DE FREITAS,FEDERAÇÃO PSOL REDE,,411,,Válido,Suplente,04/10/2026 - 22:58:07
DEPUTADO ESTADUAL,44200,,CARLA ELAINE DA SILVA PRATA,FEDERAÇÃO UNIÃO PROGRESSISTA,,409,,Válido,Suplente,04/10/2026 - 22:58:07
DEPUTADO ESTADUAL,30002,,RENATA DE BARROS CAMARGO BARBONE CALDEIRA DE CASTEL-BRANCO,PARTIDO NOVO,NOVO,409,,Válido,Suplente,04/10/2026 - 22:58:07
DEPUTADO ESTADUAL,10020,,NATALIA APARECIDA MARES BURIAN,REPUBLICANOS,REPUBLICANOS,404,,Válido,Suplente,04/10/2026 - 22:58:07
DEPUTADO ESTADUAL,15455,,DANIELLE SANTOS SILVA,MOVIMENTO DEMOCRÁTICO BRASILEIRO,MDB,400,,Válido,Suplente,04/10/2026 - 22:58:07
DEPUTADO ESTADUAL,50101,,DANILO TORRES DE LIMA,FEDERAÇÃO PSOL REDE,,399,,Válido,Suplente,04/10/2026 - 22:58:07
DEPUTADO ESTADUAL,40622,,EDNEI APARECIDO VALENCIO,PARTIDO SOCIALISTA BRASILEIRO,PSB,395,,Válido,Suplente,04/10/2026 - 22:58:07
DEPUTADO ESTADUAL,45255,,DAYANE MENDES DE ALMEIDA,FEDERAÇÃO PSDB CIDADANIA,,390,,Válido,Suplente,04/10/2026 - 22:58:07
DEPUTADO ESTADUAL,25250,,ANGELA GISELDA RUSSO PUCCIA DE LIMA,FEDERAÇÃO RENOVAÇÃO SOLIDÁRIA,,390,,Válido,Suplente,04/10/2026 - 22:58:07
DEPUTADO ESTADUAL,25001,,MARCELO MAZZARIOL,FEDERAÇÃO RENOVAÇÃO SOLIDÁRIA,,390,,Válido,Suplente,04/10/2026 - 22:58:07
DEPUTADO ESTADUAL,27771,,NIVALDO PASSIM DOS SANTOS,DEMOCRACIA CRISTÃ,DC,389,,Válido,Não eleito,04/10/2026 - 22:58:07
DEPUTADO ESTADUAL,55322,,ALDEMO SERAFIM GARCIA JUNIOR,PARTIDO SOCIAL DEMOCRÁTICO,PSD,389,,Válido,Suplente,04/10/2026 - 22:58:07
DEPUTADO ESTADUAL,30771,,JOÃO FRANCISCO TAMAYO,PARTIDO NOVO,NOVO,386,,Válido,Suplente,04/10/2026 - 22:58:07
DEPUTADO ESTADUAL,55335,,FABIO DE SOUZA VILLA VERDE,PARTIDO SOCIAL DEMOCRÁTICO,PSD,386,,Válido,Suplente,04/10/2026 - 22:58:07
DEPUTADO ESTADUAL,40707,,FLORISVALDO PALMEIRA ALVES,PARTIDO SOCIALISTA BRASILEIRO,PSB,383,,Válido,Suplente,04/10/2026 - 22:58:07
DEPUTADO ESTADUAL,27607,,MÁRCIO DOS SANTOS RODRIGUES,DEMOCRACIA CRISTÃ,DC,382,,Válido,Não eleito,04/10/2026 - 22:58:07
DEPUTADO ESTADUAL,40005,,MARCIO DARLEI MACEDO,PARTIDO SOCIALISTA BRASILEIRO,PSB,382,,Válido,Suplente,04/10/2026 - 22:58:07
DEPUTADO ESTADUAL,15557,,SERGIO DE PAULA REIS FILHO,MOVIMENTO DEMOCRÁTICO BRASILEIRO,MDB,381,,Válido,Suplente,04/10/2026 - 22:58:07
DEPUTADO ESTADUAL,40456,,CLAUDIO FRANCISCO BARBOSA VENTURA,PARTIDO SOCIALISTA BRASILEIRO,PSB,380,,Válido,Suplente,04/10/2026 - 22:58:07
DEPUTADO ESTADUAL,33933,,CELSO TOLARDO DE AMORIM,MOBILIZAÇÃO NACIONAL,MOBILIZA,379,,Válido,Não eleito,04/10/2026 - 22:58:07
DEPUTADO ESTADUAL,30400,,ELIZIANA TAVEIRA DA SILVA,PARTIDO NOVO,NOVO,379,,Válido,Suplente,04/10/2026 - 22:58:07
DEPUTADO ESTADUAL,40404,,JONAS WAGNER MARCELINO,PARTIDO SOCIALISTA BRASILEIRO,PSB,378,,Válido,Suplente,04/10/2026 - 22:58:07
DEPUTADO ESTADUAL,23444,,LUIS FERNANDO DE SOUZA,FEDERAÇÃO PSDB CIDADANIA,,374,,Válido,Suplente,04/10/2026 - 22:58:07
DEPUTADO ESTADUAL,14356,,WILLIAM HUGO BARBOSA,PARTIDO MISSÃO,MISSÃO,374,,Válido,Suplente,04/10/2026 - 22:58:07
DEPUTADO ESTADUAL,40113,,ANTONIO CARLOS MUNHOZ,PARTIDO SOCIALISTA BRASILEIRO,PSB,373,,Válido,Suplente,04/10/2026 - 22:58:07
DEPUTADO ESTADUAL,35127,,ALLAN GABRIEL ADRIANO DE JESUS SANTOS NEGREIROS,DEMOCRATA,,372,,Válido,Não eleito,04/10/2026 - 22:58:07
DEPUTADO ESTADUAL,20056,,PATRICIA FREITAS LIMA,PODEMOS,PODEMOS,372,,Válido,Suplente,04/10/2026 - 22:58:07
DEPUTADO ESTADUAL,50456,,VALDEMAR GONÇALVES DE ASSIS,FEDERAÇÃO PSOL REDE,,370,,Válido,Suplente,04/10/2026 - 22:58:07
DEPUTADO ESTADUAL,45052,,REJANIO FELIX DA SILVA,FEDERAÇÃO PSDB CIDADANIA,,369,,Válido,Suplente,04/10/2026 - 22:58:07
DEPUTADO ESTADUAL,27077,,JEAN CARLOS HERZOGENRATH DE BRITO,DEMOCRACIA CRISTÃ,DC,365,,Válido,Não eleito,04/10/2026 - 22:58:07
DEPUTADO ESTADUAL,13005,,NOEMIA BENTO DE OLIVEIRA,FEDERAÇÃO BRASIL DA ESPERANÇA - FE BRASIL,,362,,Válido,Suplente,04/10/2026 - 22:58:07
DEPUTADO ESTADUAL,14700,,ANTONIA ALDENIZ DE SOUSA SILVA,PARTIDO MISSÃO,MISSÃO,362,,Válido,Suplente,04/10/2026 - 22:58:07
DEPUTADO ESTADUAL,35188,,JOSE ROBSON CORDEIRO MELGAÇO,DEMOCRATA,,360,,Válido,Não eleito,04/10/2026 - 22:58:07
DEPUTADO ESTADUAL,50150,,DIOGO TRAJANO DA SILVA,FEDERAÇÃO PSOL REDE,,357,,Válido,Suplente,04/10/2026 - 22:58:07
DEPUTADO ESTADUAL,50009,,DANYLO AMILCAR QUIRINO SALVADOR,FEDERAÇÃO PSOL REDE,,357,,Válido,Suplente,04/10/2026 - 22:58:07
DEPUTADO ESTADUAL,30003,,TATIANA CRISTINA MELCHIORI MAFRA CARUSO,PARTIDO NOVO,NOVO,357,,Válido,Suplente,04/10/2026 - 22:58:07
DEPUTADO ESTADUAL,27322,,ROSANA LARA,DEMOCRACIA CRISTÃ,DC,356,,Válido,Não eleito,04/10/2026 - 22:58:07
DEPUTADO ESTADUAL,14577,,DIEGO ALVES DE MIRANDA,PARTIDO MISSÃO,MISSÃO,353,,Válido,Suplente,04/10/2026 - 22:58:07
DEPUTADO ESTADUAL,50001,,JOSE LUIZ MONTEIRO,FEDERAÇÃO PSOL REDE,,351,,Anulado sub judice,Não eleito,04/10/2026 - 22:58:07
DEPUTADO ESTADUAL,20303,,MARTA REGINA MACEDO,PODEMOS,PODEMOS,351,,Válido,Suplente,04/10/2026 - 22:58:07
DEPUTADO ESTADUAL,30026,,RENATO VIEIRA DOS SANTOS,PARTIDO NOVO,NOVO,350,,Válido,Suplente,04/10/2026 - 22:58:07
DEPUTADO ESTADUAL,27999,,MARCIO DE ANDRADE BARBANTI,DEMOCRACIA CRISTÃ,DC,349,,Válido,Não eleito,04/10/2026 - 22:58:07
DEPUTADO ESTADUAL,12190,,APARECIDO DA SILVA AGLIO,PARTIDO DEMOCRÁTICO TRABALHISTA,PDT,349,,Válido,Não eleito,04/10/2026 - 22:58:07
DEPUTADO ESTADUAL,40200,,CARLOS PINTO FERREIRA BARROS,PARTIDO SOCIALISTA BRASILEIRO,PSB,349,,Válido,Suplente,04/10/2026 - 22:58:07
DEPUTADO ESTADUAL,70270,,MATHEUS RIBEIRO,AVANTE,AVANTE,348,,Válido,Não eleito,04/10/2026 - 22:58:07
DEPUTADO ESTADUAL,33177,,CINTIA PEREIRA,MOBILIZAÇÃO NACIONAL,MOBILIZA,346,,Válido,Não eleito,04/10/2026 - 22:58:07
DEPUTADO ESTADUAL,30050,,MARCOS FERREIRA COSTA,PARTIDO NOVO,NOVO,345,,Válido,Suplente,04/10/2026 - 22:58:07
DEPUTADO ESTADUAL,33077,,ADEILDO REIS DOS SANTOS,MOBILIZAÇÃO NACIONAL,MOBILIZA,344,,Válido,Não eleito,04/10/2026 - 22:58:07
DEPUTADO ESTADUAL,14211,,ALEX DOS REIS INHOTA,PARTIDO MISSÃO,MISSÃO,344,,Válido,Suplente,04/10/2026 - 22:58:07
DEPUTADO ESTADUAL,14003,,CHARLES RIBEIRO,PARTIDO MISSÃO,MISSÃO,344,,Válido,Suplente,04/10/2026 - 22:58:07
DEPUTADO ESTADUAL,15477,,FABIO LOPES BELLI,MOVIMENTO DEMOCRÁTICO BRASILEIRO,MDB,343,,Válido,Suplente,04/10/2026 - 22:58:07
DEPUTADO ESTADUAL,50022,,FRANCISCO PAULO GRETER,FEDERAÇÃO PSOL REDE,,342,,Válido,Suplente,04/10/2026 - 22:58:07
DEPUTADO ESTADUAL,14023,,LUÍS FELIPE GALVÃO VALDIVIA,PARTIDO MISSÃO,MISSÃO,342,,Válido,Suplente,04/10/2026 - 22:58:07
DEPUTADO ESTADUAL,33010,,MISAEL ARAUJO MARQUES RODRIGUES DA SILVA,MOBILIZAÇÃO NACIONAL,MOBILIZA,341,,Válido,Não eleito,04/10/2026 - 22:58:07
DEPUTADO ESTADUAL,55565,,VANILDA APARECIDA PEREIRA DA SILVA,PARTIDO SOCIAL DEMOCRÁTICO,PSD,340,,Válido,Suplente,04/10/2026 - 22:58:07
DEPUTADO ESTADUAL,27323,,LEANDRO CESAR SALES DA SILVA,DEMOCRACIA CRISTÃ,DC,339,,Válido,Não eleito,04/10/2026 - 22:58:07
DEPUTADO ESTADUAL,30101,,ALCINDO AUGUSTO FERRARI,PARTIDO NOVO,NOVO,339,,Válido,Suplente,04/10/2026 - 22:58:07
DEPUTADO ESTADUAL,70007,,SÉRGIO PANIS FILHO,AVANTE,AVANTE,332,,Válido,Não eleito,04/10/2026 - 22:58:07
DEPUTADO ESTADUAL,20707,,GABRIELLA MAGALHAES PEREIRA,PODEMOS,PODEMOS,330,,Válido,Suplente,04/10/2026 - 22:58:07
DEPUTADO ESTADUAL,50244,,RUI TORQUATO OLIVEIRA,FEDERAÇÃO PSOL REDE,,329,,Válido,Suplente,04/10/2026 - 22:58:07
DEPUTADO ESTADUAL,14999,,RAFAEL LUSTOZA VIEIRA,PARTIDO MISSÃO,MISSÃO,329,,Válido,Suplente,04/10/2026 - 22:58:07
DEPUTADO ESTADUAL,55066,,REGILENE FREITAS DE SOUZA,PARTIDO SOCIAL DEMOCRÁTICO,PSD,329,,Válido,Suplente,04/10/2026 - 22:58:07
DEPUTADO ESTADUAL,30088,,LUIZ CARLOS DIAS,PARTIDO NOVO,NOVO,327,,Válido,Suplente,04/10/2026 - 22:58:07
DEPUTADO ESTADUAL,45122,,CILENE DE OLIVEIRA,FEDERAÇÃO PSDB CIDADANIA,,324,,Válido,Suplente,04/10/2026 - 22:58:07
DEPUTADO ESTADUAL,14414,,EVANDRO GARCIA ALBUQUERQUE ORLANDINO,PARTIDO MISSÃO,MISSÃO,324,,Válido,Suplente,04/10/2026 - 22:58:07
DEPUTADO ESTADUAL,25017,,NELMAR PEIXOTO FRISENE,FEDERAÇÃO RENOVAÇÃO SOLIDÁRIA,,323,,Válido,Suplente,04/10/2026 - 22:58:07
DEPUTADO ESTADUAL,33111,,PATROCINIO RAMOS DA CRUZ NETO,MOBILIZAÇÃO NACIONAL,MOBILIZA,323,,Válido,Não eleito,04/10/2026 - 22:58:07
DEPUTADO ESTADUAL,30005,,DANYELLE CARVALHO DA MOTTA,PARTIDO NOVO,NOVO,321,,Válido,Suplente,04/10/2026 - 22:58:07
DEPUTADO ESTADUAL,15331,,MAIRA FULVIANA BANDEIRA,MOVIMENTO DEMOCRÁTICO BRASILEIRO,MDB,320,,Válido,Suplente,04/10/2026 - 22:58:07
DEPUTADO ESTADUAL,25622,,DANIELE BENEDITI BRAGION,FEDERAÇÃO RENOVAÇÃO SOLIDÁRIA,,317,,Válido,Suplente,04/10/2026 - 22:58:07
DEPUTADO ESTADUAL,45156,,FABIO KLEIN BORNIA,FEDERAÇÃO PSDB CIDADANIA,,313,,Válido,Suplente,04/10/2026 - 22:58:07
DEPUTADO ESTADUAL,36016,,MARLY DE LOURDES SOUZA,AGIR,AGIR,312,,Anulado sub judice,Não eleito,04/10/2026 - 22:58:07
DEPUTADO ESTADUAL,30326,,IGOR RICARDO HINOJOSA SANCHES,PARTIDO NOVO,NOVO,312,,Válido,Suplente,04/10/2026 - 22:58:07
DEPUTADO ESTADUAL,11711,,CLODOALDO DIAS GUIMARÃES,FEDERAÇÃO UNIÃO PROGRESSISTA,,311,,Anulado sub judice,Não eleito,04/10/2026 - 22:58:07
DEPUTADO ESTADUAL,30150,,FERNANDO BRUDER TEODORO,PARTIDO NOVO,NOVO,310,,Válido,Suplente,04/10/2026 - 22:58:07
DEPUTADO ESTADUAL,10235,,FÁBIO LUIZ DE ARRUDA GARCIA,REPUBLICANOS,REPUBLICANOS,310,,Válido,Suplente,04/10/2026 - 22:58:07
DEPUTADO ESTADUAL,70011,,JANDERSON MARIANO,AVANTE,AVANTE,308,,Válido,Não eleito,04/10/2026 - 22:58:07
DEPUTADO ESTADUAL,14010,,CLAUDIA FIGUEIREDO CUNHA BUENO,PARTIDO MISSÃO,MISSÃO,308,,Válido,Suplente,04/10/2026 - 22:58:07
DEPUTADO ESTADUAL,70713,,VALTERISIO MORAIS DE OLIVEIRA,AVANTE,AVANTE,307,,Válido,Não eleito,04/10/2026 - 22:58:07
DEPUTADO ESTADUAL,12137,,LUCIANA ALMEIDA DIAS SAMPAIO,PARTIDO DEMOCRÁTICO TRABALHISTA,PDT,304,,Válido,Não eleito,04/10/2026 - 22:58:07
DEPUTADO ESTADUAL,27167,,WILLIAM TOMAZ ARRUDA,DEMOCRACIA CRISTÃ,DC,301,,Válido,Não eleito,04/10/2026 - 22:58:07
DEPUTADO ESTADUAL,35333,,EDMAR DIAS DE SOUZA,DEMOCRATA,,300,,Válido,Não eleito,04/10/2026 - 22:58:07
DEPUTADO ESTADUAL,27207,,FABIO DAHER,DEMOCRACIA CRISTÃ,DC,299,,Válido,Não eleito,04/10/2026 - 22:58:07
DEPUTADO ESTADUAL,33193,,AILTON CESAR MENDONÇA,MOBILIZAÇÃO NACIONAL,MOBILIZA,299,,Válido,Não eleito,04/10/2026 - 22:58:07
DEPUTADO ESTADUAL,29999,,STEFANIA DE ALMEIDA ROBUSTELLI,PARTIDO DA CAUSA OPERÁRIA,PCO,299,,Anulado sub judice,Não eleito,04/10/2026 - 22:58:07
DEPUTADO ESTADUAL,27772,,MARCIA REGINA SALLES,DEMOCRACIA CRISTÃ,DC,297,,Anulado sub judice,Não eleito,04/10/2026 - 22:58:07
DEPUTADO ESTADUAL,35499,,GEDEAN GOMES FEITOSA,DEMOCRATA,,297,,Válido,Não eleito,04/10/2026 - 22:58:07
DEPUTADO ESTADUAL,33339,,OSMAR ANGELO,MOBILIZAÇÃO NACIONAL,MOBILIZA,295,,Válido,Não eleito,04/10/2026 - 22:58:07
DEPUTADO ESTADUAL,27885,,NORMANDO BARBOSA DE OLIVEIRA,DEMOCRACIA CRISTÃ,DC,293,,Válido,Não eleito,04/10/2026 - 22:58:07
DEPUTADO ESTADUAL,18007,,BENTO SILVA DE JESUS FILHO,FEDERAÇÃO PSOL REDE,,293,,Válido,Suplente,04/10/2026 - 22:58:07
DEPUTADO ESTADUAL,25522,,ARMANDO FERREIRA DURAES,FEDERAÇÃO RENOVAÇÃO SOLIDÁRIA,,291,,Válido,Suplente,04/10/2026 - 22:58:07
DEPUTADO ESTADUAL,33099,,JAIRO MARINHO DE OLIVEIRA,MOBILIZAÇÃO NACIONAL,MOBILIZA,289,,Válido,Não eleito,04/10/2026 - 22:58:07
DEPUTADO ESTADUAL,14446,,VINICIUS RODRIGUES CARDOSO,PARTIDO MISSÃO,MISSÃO,287,,Válido,Suplente,04/10/2026 - 22:58:07
DEPUTADO ESTADUAL,14018,,GABRIEL HENRIQUE DE OLIVEIRA LIMA,PARTIDO MISSÃO,MISSÃO,286,,Válido,Suplente,04/10/2026 - 22:58:07
DEPUTADO ESTADUAL,23016,,ROSA PAULA MOISEIS,FEDERAÇÃO PSDB CIDADANIA,,285,,Válido,Suplente,04/10/2026 - 22:58:07
DEPUTADO ESTADUAL,20012,,LUCIANA MARCHESANO ZENI,PODEMOS,PODEMOS,285,,Válido,Suplente,04/10/2026 - 22:58:07
DEPUTADO ESTADUAL,36007,,PEDRO VALENTIM DA SILVA JUNIOR,AGIR,AGIR,284,,Anulado sub judice,Não eleito,04/10/2026 - 22:58:07
DEPUTADO ESTADUAL,20164,,TATIANE APARECIDA CAMPOS,PODEMOS,PODEMOS,283,,Válido,Suplente,04/10/2026 - 22:58:07
DEPUTADO ESTADUAL,45004,,JAQUELINE BUENO IGNÁCIO,FEDERAÇÃO PSDB CIDADANIA,,282,,Válido,Suplente,04/10/2026 - 22:58:07
DEPUTADO ESTADUAL,45369,,FABIO PEREIRA MARCONDES,FEDERAÇÃO PSDB CIDADANIA,,281,,Válido,Suplente,04/10/2026 - 22:58:07
DEPUTADO ESTADUAL,70767,,EVALDO SANTANA DOS SANTOS,AVANTE,AVANTE,278,,Válido,Não eleito,04/10/2026 - 22:58:07
DEPUTADO ESTADUAL,40133,,ZENIL MOREIRA DA COSTA FILHO,PARTIDO SOCIALISTA BRASILEIRO,PSB,277,,Válido,Suplente,04/10/2026 - 22:58:07
DEPUTADO ESTADUAL,70900,,LUIZ FELIPE VIANA LAMOTA,AVANTE,AVANTE,276,,Válido,Não eleito,04/10/2026 - 22:58:07
DEPUTADO ESTADUAL,40127,,MARIA JOSE DOS SANTOS CHAVES,PARTIDO SOCIALISTA BRASILEIRO,PSB,276,,Válido,Suplente,04/10/2026 - 22:58:07
DEPUTADO ESTADUAL,27818,,ELIZABETE DE SANTANA SOUZA JABELUFA,DEMOCRACIA CRISTÃ,DC,274,,Válido,Não eleito,04/10/2026 - 22:58:07
DEPUTADO ESTADUAL,55020,,ELOISA BEATRIZ DA SILVA CORONADO,PARTIDO SOCIAL DEMOCRÁTICO,PSD,273,,Anulado sub judice,Não eleito,04/10/2026 - 22:58:07
DEPUTADO ESTADUAL,33030,,FLAVIO HENRIQUE RODRIGUES DE MORAES,MOBILIZAÇÃO NACIONAL,MOBILIZA,272,,Válido,Não eleito,04/10/2026 - 22:58:07
DEPUTADO ESTADUAL,14008,,TAMIRES RODRIGUES RIBEIRO,PARTIDO MISSÃO,MISSÃO,268,,Válido,Suplente,04/10/2026 - 22:58:07
DEPUTADO ESTADUAL,27190,,RICARDO GIACOMINI DE LIRA,DEMOCRACIA CRISTÃ,DC,264,,Válido,Não eleito,04/10/2026 - 22:58:07
DEPUTADO ESTADUAL,70099,,HELIO JOSÉ DA COSTA,AVANTE,AVANTE,262,,Válido,Não eleito,04/10/2026 - 22:58:07
DEPUTADO ESTADUAL,70970,,MARTINHO DIAS DA SILVA,AVANTE,AVANTE,262,,Válido,Não eleito,04/10/2026 - 22:58:07
DEPUTADO ESTADUAL,70770,,FABIO DOS SANTOS MAFALDO,AVANTE,AVANTE,262,,Válido,Não eleito,04/10/2026 - 22:58:07
DEPUTADO ESTADUAL,30456,,KATIA TORNELLI SALIM,PARTIDO NOVO,NOVO,262,,Válido,Suplente,04/10/2026 - 22:58:07
DEPUTADO ESTADUAL,70013,,DEUSDETE ALVES DE ASSUNÇÃO,AVANTE,AVANTE,261,,Válido,Não eleito,04/10/2026 - 22:58:07
DEPUTADO ESTADUAL,45210,,MARIA HELENA DA SILVA RAMALHO,FEDERAÇÃO PSDB CIDADANIA,,260,,Válido,Suplente,04/10/2026 - 22:58:07
DEPUTADO ESTADUAL,23011,,ANISTELA RIOS DE BARROS FELIX PEREIRA,FEDERAÇÃO PSDB CIDADANIA,,259,,Válido,Suplente,04/10/2026 - 22:58:07
DEPUTADO ESTADUAL,55188,,ALMIRA SOARES RIBAS,PARTIDO SOCIAL DEMOCRÁTICO,PSD,259,,Válido,Suplente,04/10/2026 - 22:58:07
DEPUTADO ESTADUAL,40101,,ANIZIA MOTTA DOS SANTOS LOURENÇO,PARTIDO SOCIALISTA BRASILEIRO,PSB,259,,Válido,Suplente,04/10/2026 - 22:58:07
DEPUTADO ESTADUAL,10017,,ROGERIO PEDROSO DE PADUA JUNIOR,REPUBLICANOS,REPUBLICANOS,259,,Válido,Suplente,04/10/2026 - 22:58:07
DEPUTADO ESTADUAL,15060,,ZORAIDA MARIA LOBATO VIOTTI,MOVIMENTO DEMOCRÁTICO BRASILEIRO,MDB,258,,Válido,Suplente,04/10/2026 - 22:58:07
DEPUTADO ESTADUAL,12800,,DEBORA CRISTINA DE SOUZA RIBEIRO,PARTIDO DEMOCRÁTICO TRABALHISTA,PDT,258,,Válido,Não eleito,04/10/2026 - 22:58:07
DEPUTADO ESTADUAL,50507,,FABIO PEREIRA DOS SANTOS,FEDERAÇÃO PSOL REDE,,257,,Válido,Suplente,04/10/2026 - 22:58:07
DEPUTADO ESTADUAL,11077,,CÁTIA MARISA TAPPI,FEDERAÇÃO UNIÃO PROGRESSISTA,,257,,Válido,Suplente,04/10/2026 - 22:58:07
DEPUTADO ESTADUAL,30027,,RICARDO RAMOS,PARTIDO NOVO,NOVO,255,,Válido,Suplente,04/10/2026 - 22:58:07
DEPUTADO ESTADUAL,36500,,HELENA NOBUCO SUZUKI TAKADACHI,AGIR,AGIR,254,,Anulado sub judice,Não eleito,04/10/2026 - 22:58:07
DEPUTADO ESTADUAL,27700,,PATRICIA MACHADO RAMOS BEZERRA,DEMOCRACIA CRISTÃ,DC,254,,Válido,Não eleito,04/10/2026 - 22:58:07
DEPUTADO ESTADUAL,50250,,IVO APARECIDO CELSO STRAB ALEMANY,FEDERAÇÃO PSOL REDE,,254,,Válido,Suplente,04/10/2026 - 22:58:07
DEPUTADO ESTADUAL,45234,,EDSON ALMEIDA DA SILVA,FEDERAÇÃO PSDB CIDADANIA,,253,,Válido,Suplente,04/10/2026 - 22:58:07
DEPUTADO ESTADUAL,14005,,LUIS FERNANDO ACUÑA ARANIBAR,PARTIDO MISSÃO,MISSÃO,251,,Válido,Suplente,04/10/2026 - 22:58:07
DEPUTADO ESTADUAL,12013,,VANESSA LEMES DA SILVA,PARTIDO DEMOCRÁTICO TRABALHISTA,PDT,249,,Válido,Não eleito,04/10/2026 - 22:58:07
DEPUTADO ESTADUAL,40002,,IVONE FERNANDES DIAS DO NASCIMENTO,PARTIDO SOCIALISTA BRASILEIRO,PSB,249,,Válido,Suplente,04/10/2026 - 22:58:07
DEPUTADO ESTADUAL,40014,,GENILDO DANTAS DA SILVA,PARTIDO SOCIALISTA BRASILEIRO,PSB,249,,Válido,Suplente,04/10/2026 - 22:58:07
DEPUTADO ESTADUAL,36960,,SALVADOR FERREIRA DA SILVA JUNIOR,AGIR,AGIR,248,,Válido,Não eleito,04/10/2026 - 22:58:07
DEPUTADO ESTADUAL,27520,,ANTONIO VENICIO DE FARIAS,DEMOCRACIA CRISTÃ,DC,246,,Válido,Não eleito,04/10/2026 - 22:58:07
DEPUTADO ESTADUAL,33777,,CARLOS ROBERTO FRANCO D AZEVEDO CRUZ,MOBILIZAÇÃO NACIONAL,MOBILIZA,246,,Válido,Não eleito,04/10/2026 - 22:58:07
DEPUTADO ESTADUAL,15213,,JOSUÉ DE ALMEIDA SILVA,MOVIMENTO DEMOCRÁTICO BRASILEIRO,MDB,246,,Válido,Suplente,04/10/2026 - 22:58:07
DEPUTADO ESTADUAL,27222,,JEFFERSON JOSE DE FARIA,DEMOCRACIA CRISTÃ,DC,243,,Anulado sub judice,Não eleito,04/10/2026 - 22:58:07
DEPUTADO ESTADUAL,45999,,PAULO HENRIQUE MENDANHA DE FARIA ARRISCADO,FEDERAÇÃO PSDB CIDADANIA,,243,,Válido,Suplente,04/10/2026 - 22:58:07
DEPUTADO ESTADUAL,50551,,MARCOS PRUDENTE CAJE,FEDERAÇÃO PSOL REDE,,242,,Válido,Suplente,04/10/2026 - 22:58:07
DEPUTADO ESTADUAL,33290,,ALESSANDRA ALVES,MOBILIZAÇÃO NACIONAL,MOBILIZA,241,,Válido,Não eleito,04/10/2026 - 22:58:07
DEPUTADO ESTADUAL,14456,,LUIZ CESAR SALLES MOURAO,PARTIDO MISSÃO,MISSÃO,240,,Válido,Suplente,04/10/2026 - 22:58:07
DEPUTADO ESTADUAL,30800,,ANSELMO DUARTE DE SOUZA,PARTIDO NOVO,NOVO,240,,Válido,Suplente,04/10/2026 - 22:58:07
DEPUTADO ESTADUAL,20567,,ELIZANDRA SARTIN CAIS,PODEMOS,PODEMOS,240,,Válido,Suplente,04/10/2026 - 22:58:07
DEPUTADO ESTADUAL,27337,,ACASSIO WIRTHMANN DE SOUZA,DEMOCRACIA CRISTÃ,DC,238,,Válido,Não eleito,04/10/2026 - 22:58:07
DEPUTADO ESTADUAL,40006,,ANTONIO CARLOS COLNAGO,PARTIDO SOCIALISTA BRASILEIRO,PSB,238,,Válido,Suplente,04/10/2026 - 22:58:07
DEPUTADO ESTADUAL,70008,,REINALDO GALDINO DA SILVA,AVANTE,AVANTE,237,,Válido,Não eleito,04/10/2026 - 22:58:07
DEPUTADO ESTADUAL,45280,,NELSON DE SOUZA PINTO NETO,FEDERAÇÃO PSDB CIDADANIA,,237,,Válido,Suplente,04/10/2026 - 22:58:07
DEPUTADO ESTADUAL,40020,,DENISE LIRA,PARTIDO SOCIALISTA BRASILEIRO,PSB,237,,Válido,Suplente,04/10/2026 - 22:58:07
DEPUTADO ESTADUAL,27131,,JOSÉ CICERO FERREIRA DE LIMA,DEMOCRACIA CRISTÃ,DC,235,,Válido,Não eleito,04/10/2026 - 22:58:07
DEPUTADO ESTADUAL,45888,,VINICIUS DA SILVA CASTRO,FEDERAÇÃO PSDB CIDADANIA,,234,,Válido,Suplente,04/10/2026 - 22:58:07
DEPUTADO ESTADUAL,14334,,EDUARDO GABRIEL LIMA,PARTIDO MISSÃO,MISSÃO,234,,Válido,Suplente,04/10/2026 - 22:58:07
DEPUTADO ESTADUAL,14055,,ANDERSON SOUZA SAPATEIRO,PARTIDO MISSÃO,MISSÃO,233,,Válido,Suplente,04/10/2026 - 22:58:07
DEPUTADO ESTADUAL,27723,,MARCIA PEREIRA DE LACERDA,DEMOCRACIA CRISTÃ,DC,232,,Válido,Não eleito,04/10/2026 - 22:58:07
DEPUTADO ESTADUAL,33789,,CARLOS EDUARDO DA SILVA,MOBILIZAÇÃO NACIONAL,MOBILIZA,232,,Válido,Não eleito,04/10/2026 - 22:58:07
DEPUTADO ESTADUAL,70070,,EDINÉA DE LIMA TOMÁZ,AVANTE,AVANTE,230,,Válido,Não eleito,04/10/2026 - 22:58:07
DEPUTADO ESTADUAL,15818,,PRISCILA DA SILVA CAVALCANTE URQUIA,MOVIMENTO DEMOCRÁTICO BRASILEIRO,MDB,230,,Válido,Suplente,04/10/2026 - 22:58:07
DEPUTADO ESTADUAL,27787,,MARCELO FRANCISCO DE ALMEIDA,DEMOCRACIA CRISTÃ,DC,228,,Válido,Não eleito,04/10/2026 - 22:58:07
DEPUTADO ESTADUAL,70090,,ELAINE CRISTINA RODRIGUES,AVANTE,AVANTE,227,,Válido,Não eleito,04/10/2026 - 22:58:07
DEPUTADO ESTADUAL,40457,,LISETE GOMES DAS NEVES,PARTIDO SOCIALISTA BRASILEIRO,PSB,227,,Válido,Suplente,04/10/2026 - 22:58:07
DEPUTADO ESTADUAL,36181,,ADRIANO MARTINS DA SILVA,AGIR,AGIR,226,,Anulado sub judice,Não eleito,04/10/2026 - 22:58:07
DEPUTADO ESTADUAL,12789,,MURILO HENRIQUE INOCENCIO,PARTIDO DEMOCRÁTICO TRABALHISTA,PDT,226,,Válido,Não eleito,04/10/2026 - 22:58:07
DEPUTADO ESTADUAL,14590,,ENZO BORGES ZIBELLINI DE OLIVEIRA,PARTIDO MISSÃO,MISSÃO,226,,Válido,Suplente,04/10/2026 - 22:58:07
DEPUTADO ESTADUAL,77977,,ANDREIA PATRICIA DA SILVA,FEDERAÇÃO RENOVAÇÃO SOLIDÁRIA,,225,,Válido,Suplente,04/10/2026 - 22:58:07
DEPUTADO ESTADUAL,33234,,ALBERTINO DOS SANTOS VIEIRA,MOBILIZAÇÃO NACIONAL,MOBILIZA,223,,Válido,Não eleito,04/10/2026 - 22:58:07
DEPUTADO ESTADUAL,40003,,SERGIO ROBERTO RIBEIRO DOS SANTOS,PARTIDO SOCIALISTA BRASILEIRO,PSB,223,,Válido,Suplente,04/10/2026 - 22:58:07
DEPUTADO ESTADUAL,14030,,ISABELLA ALVES RODRIGUES,PARTIDO MISSÃO,MISSÃO,221,,Válido,Suplente,04/10/2026 - 22:58:07
DEPUTADO ESTADUAL,36033,,ANDRE DEL RÉ NAAMAN,AGIR,AGIR,220,,Válido,Não eleito,04/10/2026 - 22:58:07
DEPUTADO ESTADUAL,14028,,CAROLINE APARECIDA BATISTA PINTO,PARTIDO MISSÃO,MISSÃO,220,,Válido,Suplente,04/10/2026 - 22:58:07
DEPUTADO ESTADUAL,50444,,ROSIVALDO DE JESUS SANTOS,FEDERAÇÃO PSOL REDE,,219,,Válido,Suplente,04/10/2026 - 22:58:07
DEPUTADO ESTADUAL,30155,,NELSON OLIVEIRA DE SOUZA,PARTIDO NOVO,NOVO,218,,Válido,Suplente,04/10/2026 - 22:58:07
DEPUTADO ESTADUAL,45445,,THIAGO HENRIQUE DIAS SERPA DE OLIVEIRA,FEDERAÇÃO PSDB CIDADANIA,,217,,Válido,Suplente,04/10/2026 - 22:58:07
DEPUTADO ESTADUAL,33027,,FRANCISCO ALVES DA SILVA,MOBILIZAÇÃO NACIONAL,MOBILIZA,217,,Válido,Não eleito,04/10/2026 - 22:58:07
DEPUTADO ESTADUAL,27116,,ISABEL CRISTINA DA SILVA ALMEIDA,DEMOCRACIA CRISTÃ,DC,216,,Anulado sub judice,Não eleito,04/10/2026 - 22:58:07
DEPUTADO ESTADUAL,33133,,DANIEL RODRIGUES BRANDO,MOBILIZAÇÃO NACIONAL,MOBILIZA,216,,Válido,Não eleito,04/10/2026 - 22:58:07
DEPUTADO ESTADUAL,30457,,LILIANE MATIAS DE ALMEIDA SILVA,PARTIDO NOVO,NOVO,215,,Válido,Suplente,04/10/2026 - 22:58:07
DEPUTADO ESTADUAL,70567,,FRANCISCO DA COSTA NETO,AVANTE,AVANTE,212,,Válido,Não eleito,04/10/2026 - 22:58:07
DEPUTADO ESTADUAL,23238,,KAREN MARIA DA SILVA,FEDERAÇÃO PSDB CIDADANIA,,212,,Válido,Suplente,04/10/2026 - 22:58:07
DEPUTADO ESTADUAL,25190,,VANIA REGINA DE ALMEIDA,FEDERAÇÃO RENOVAÇÃO SOLIDÁRIA,,212,,Válido,Suplente,04/10/2026 - 22:58:07
DEPUTADO ESTADUAL,40540,,ANTONIO CARLOS PANSIERI JUNIOR,PARTIDO SOCIALISTA BRASILEIRO,PSB,212,,Válido,Suplente,04/10/2026 - 22:58:07
DEPUTADO ESTADUAL,50079,,RICARDO BORGES DE OLIVEIRA,FEDERAÇÃO PSOL REDE,,211,,Válido,Suplente,04/10/2026 - 22:58:07
DEPUTADO ESTADUAL,33031,,EDUARDO PEREIRA MARTINS,MOBILIZAÇÃO NACIONAL,MOBILIZA,210,,Válido,Não eleito,04/10/2026 - 22:58:07
DEPUTADO ESTADUAL,27541,,GENTIL ALVES DOS SANTOS NETO,DEMOCRACIA CRISTÃ,DC,207,,Válido,Não eleito,04/10/2026 - 22:58:07
DEPUTADO ESTADUAL,55133,,FERNANDO MATHIAS RUSSO SILVA,PARTIDO SOCIAL DEMOCRÁTICO,PSD,207,,Válido,Suplente,04/10/2026 - 22:58:07
DEPUTADO ESTADUAL,15003,,ANA CAROLINA FRANÇA DE SOUZA,MOVIMENTO DEMOCRÁTICO BRASILEIRO,MDB,206,,Válido,Suplente,04/10/2026 - 22:58:07
DEPUTADO ESTADUAL,45213,,BRAULIO FRANCA MENDES,FEDERAÇÃO PSDB CIDADANIA,,205,,Válido,Suplente,04/10/2026 - 22:58:07
DEPUTADO ESTADUAL,45788,,FELIPE SOUZA DE OLIVEIRA,FEDERAÇÃO PSDB CIDADANIA,,202,,Válido,Suplente,04/10/2026 - 22:58:07
DEPUTADO ESTADUAL,12987,,LILIAN DA SILVA BOMFIM,PARTIDO DEMOCRÁTICO TRABALHISTA,PDT,200,,Válido,Não eleito,04/10/2026 - 22:58:07
DEPUTADO ESTADUAL,36234,,MARCOS RONALDO DIAS,AGIR,AGIR,196,,Anulado sub judice,Não eleito,04/10/2026 - 22:58:07
DEPUTADO ESTADUAL,14378,,TERESINHA FERRARI,PARTIDO MISSÃO,MISSÃO,195,,Válido,Suplente,04/10/2026 - 22:58:07
DEPUTADO ESTADUAL,40193,,BENEDITO RODRIGUES CORREA,PARTIDO SOCIALISTA BRASILEIRO,PSB,195,,Válido,Suplente,04/10/2026 - 22:58:07
DEPUTADO ESTADUAL,15183,,FERNANDO ALVES DE LIMA,MOVIMENTO DEMOCRÁTICO BRASILEIRO,MDB,194,,Válido,Suplente,04/10/2026 - 22:58:07
DEPUTADO ESTADUAL,45055,,VANESSA BORGES LINO RODRIGUES,FEDERAÇÃO PSDB CIDADANIA,,193,,Válido,Suplente,04/10/2026 - 22:58:07
DEPUTADO ESTADUAL,27121,,JOEL SANTANA DA SILVA,DEMOCRACIA CRISTÃ,DC,192,,Válido,Não eleito,04/10/2026 - 22:58:07
DEPUTADO ESTADUAL,15090,,FLAVIUS COTAIT RUGGIERO,MOVIMENTO DEMOCRÁTICO BRASILEIRO,MDB,192,,Válido,Suplente,04/10/2026 - 22:58:07
DEPUTADO ESTADUAL,70400,,JACQUELINE ROBERTA SILVA ARANTES,AVANTE,AVANTE,191,,Válido,Não eleito,04/10/2026 - 22:58:07
DEPUTADO ESTADUAL,27727,,RAFAELA MATOS DE ANDRADE,DEMOCRACIA CRISTÃ,DC,190,,Válido,Não eleito,04/10/2026 - 22:58:07
DEPUTADO ESTADUAL,36076,,NAIR ALVES DUARTE PAIS,AGIR,AGIR,189,,Anulado sub judice,Não eleito,04/10/2026 - 22:58:07
DEPUTADO ESTADUAL,36022,,LAERTE LOURENCO DE SOUZA,AGIR,AGIR,189,,Anulado sub judice,Não eleito,04/10/2026 - 22:58:07
DEPUTADO ESTADUAL,15073,,ALEXANDRA RACHEL COHEN,MOVIMENTO DEMOCRÁTICO BRASILEIRO,MDB,189,,Válido,Suplente,04/10/2026 - 22:58:07
DEPUTADO ESTADUAL,23777,,CAIO GUSTAVO DOS SANTOS,FEDERAÇÃO PSDB CIDADANIA,,187,,Válido,Suplente,04/10/2026 - 22:58:07
DEPUTADO ESTADUAL,23193,,ANGELO MARCIO DE JESUS SILVA,FEDERAÇÃO PSDB CIDADANIA,,187,,Válido,Suplente,04/10/2026 - 22:58:07
DEPUTADO ESTADUAL,14337,,MÔNICA RAMIRES GONÇALVES,PARTIDO MISSÃO,MISSÃO,187,,Válido,Suplente,04/10/2026 - 22:58:07
DEPUTADO ESTADUAL,30701,,MARIA EUNICE NEVES DO NASCIMENTO,PARTIDO NOVO,NOVO,186,,Válido,Suplente,04/10/2026 - 22:58:07
DEPUTADO ESTADUAL,12065,,MILTON VIANNA PINTO,PARTIDO DEMOCRÁTICO TRABALHISTA,PDT,185,,Válido,Não eleito,04/10/2026 - 22:58:07
DEPUTADO ESTADUAL,18123,,FERNANDO CANEVARI BRAGA,FEDERAÇÃO PSOL REDE,,183,,Válido,Suplente,04/10/2026 - 22:58:07
DEPUTADO ESTADUAL,20414,,DANIELI CRISTINE GONÇALVES DE SOUZA,PODEMOS,PODEMOS,183,,Válido,Suplente,04/10/2026 - 22:58:07
DEPUTADO ESTADUAL,27117,,GERSON DIAS FERREIRA,DEMOCRACIA CRISTÃ,DC,179,,Anulado sub judice,Não eleito,04/10/2026 - 22:58:07
DEPUTADO ESTADUAL,45017,,FLAVIO AUGUSTO DE CAMPOS,FEDERAÇÃO PSDB CIDADANIA,,178,,Válido,Suplente,04/10/2026 - 22:58:07
DEPUTADO ESTADUAL,45428,,GILVANE ALVES DE LIMA,FEDERAÇÃO PSDB CIDADANIA,,177,,Válido,Suplente,04/10/2026 - 22:58:07
DEPUTADO ESTADUAL,27112,,OSMAR RODRIGUES DA SILVA,DEMOCRACIA CRISTÃ,DC,176,,Válido,Não eleito,04/10/2026 - 22:58:07
DEPUTADO ESTADUAL,12002,,LUCINEIDE CRUZ ALVES,PARTIDO DEMOCRÁTICO TRABALHISTA,PDT,176,,Válido,Não eleito,04/10/2026 - 22:58:07
DEPUTADO ESTADUAL,50076,,GIL FREITAS DE OLIVEIRA,FEDERAÇÃO PSOL REDE,,174,,Válido,Suplente,04/10/2026 - 22:58:07
DEPUTADO ESTADUAL,12018,,MANUEL CARLOS PENSAMENTO DA SILVA,PARTIDO DEMOCRÁTICO TRABALHISTA,PDT,173,,Válido,Não eleito,04/10/2026 - 22:58:07
DEPUTADO ESTADUAL,33020,,ESTELA SANTOS DE OLIVEIRA,MOBILIZAÇÃO NACIONAL,MOBILIZA,172,,Válido,Não eleito,04/10/2026 - 22:58:07
DEPUTADO ESTADUAL,45121,,YANN CRISTIAN SILVA SANTOS RODRIGUES,FEDERAÇÃO PSDB CIDADANIA,,171,,Válido,Suplente,04/10/2026 - 22:58:07
DEPUTADO ESTADUAL,45900,,CLEBER VALADÃO ANTUNES,FEDERAÇÃO PSDB CIDADANIA,,169,,Válido,Suplente,04/10/2026 - 22:58:07
DEPUTADO ESTADUAL,14562,,KAROLINA HALLER DE CERQUEIRA,PARTIDO MISSÃO,MISSÃO,168,,Válido,Suplente,04/10/2026 - 22:58:07
DEPUTADO ESTADUAL,27318,,PRISCILA DA SILVA PONTES,DEMOCRACIA CRISTÃ,DC,167,,Válido,Não eleito,04/10/2026 - 22:58:07
DEPUTADO ESTADUAL,55044,,IOLANDA GOMES RUAS,PARTIDO SOCIAL DEMOCRÁTICO,PSD,166,,Válido,Suplente,04/10/2026 - 22:58:07
DEPUTADO ESTADUAL,27011,,JOSE MAX SANTOS PEREIRA,DEMOCRACIA CRISTÃ,DC,164,,Válido,Não eleito,04/10/2026 - 22:58:07
DEPUTADO ESTADUAL,15315,,JOSÉ ROBERTO FRANCO DE CAMARGO,MOVIMENTO DEMOCRÁTICO BRASILEIRO,MDB,162,,Válido,Suplente,04/10/2026 - 22:58:07
DEPUTADO ESTADUAL,40144,,NATALINO DE SOUZA,PARTIDO SOCIALISTA BRASILEIRO,PSB,160,,Válido,Suplente,04/10/2026 - 22:58:07
DEPUTADO ESTADUAL,27023,,CASSIUS MARCELO OLEGARIO,DEMOCRACIA CRISTÃ,DC,159,,Anulado sub judice,Não eleito,04/10/2026 - 22:58:07
DEPUTADO ESTADUAL,27890,,NEMIAS DA SILVA MOREIRA,DEMOCRACIA CRISTÃ,DC,158,,Válido,Não eleito,04/10/2026 - 22:58:07
DEPUTADO ESTADUAL,27327,,MICHELE FERNANDA GONÇALVES RESTEO,DEMOCRACIA CRISTÃ,DC,158,,Válido,Não eleito,04/10/2026 - 22:58:07
DEPUTADO ESTADUAL,33222,,EDUARDO FERREIRA LIMA,MOBILIZAÇÃO NACIONAL,MOBILIZA,158,,Válido,Não eleito,04/10/2026 - 22:58:07
DEPUTADO ESTADUAL,15057,,MARIA THUANE DURAN LASSO,MOVIMENTO DEMOCRÁTICO BRASILEIRO,MDB,155,,Válido,Suplente,04/10/2026 - 22:58:07
DEPUTADO ESTADUAL,27108,,MARCOS JOSE DO VALLE,DEMOCRACIA CRISTÃ,DC,154,,Válido,Não eleito,04/10/2026 - 22:58:07
DEPUTADO ESTADUAL,45077,,JOSE HILTON OLIVEIRA DE SA,FEDERAÇÃO PSDB CIDADANIA,,153,,Válido,Suplente,04/10/2026 - 22:58:07
DEPUTADO ESTADUAL,18214,,EDUARDO FREIRE DA SILVA,FEDERAÇÃO PSOL REDE,,153,,Válido,Suplente,04/10/2026 - 22:58:07
DEPUTADO ESTADUAL,33180,,ADRIANO PIRES,MOBILIZAÇÃO NACIONAL,MOBILIZA,153,,Válido,Não eleito,04/10/2026 - 22:58:07
DEPUTADO ESTADUAL,14300,,JONATHAN MATEUS DA SILVA SOARES,PARTIDO MISSÃO,MISSÃO,153,,Válido,Suplente,04/10/2026 - 22:58:07
DEPUTADO ESTADUAL,20124,,FRANCISKA MÁRCIA DE BRITO,PODEMOS,PODEMOS,153,,Válido,Suplente,04/10/2026 - 22:58:07
DEPUTADO ESTADUAL,20061,,GABRIELLY SANTOS DE LELIS,PODEMOS,PODEMOS,152,,Válido,Suplente,04/10/2026 - 22:58:07
DEPUTADO ESTADUAL,33100,,MARIO CUSTODIO NAZARÉ,MOBILIZAÇÃO NACIONAL,MOBILIZA,151,,Válido,Não eleito,04/10/2026 - 22:58:07
DEPUTADO ESTADUAL,14012,,LUCAS DOS SANTOS ALVES,PARTIDO MISSÃO,MISSÃO,151,,Válido,Suplente,04/10/2026 - 22:58:07
DEPUTADO ESTADUAL,40079,,RONALDO LUCIANO LUIZ,PARTIDO SOCIALISTA BRASILEIRO,PSB,151,,Válido,Suplente,04/10/2026 - 22:58:07
DEPUTADO ESTADUAL,20212,,MARIA MOREIRA DE FARIA,PODEMOS,PODEMOS,151,,Válido,Suplente,04/10/2026 - 22:58:07
DEPUTADO ESTADUAL,33888,,JONAS MOREIRA DE CARVALHO,MOBILIZAÇÃO NACIONAL,MOBILIZA,148,,Anulado sub judice,Não eleito,04/10/2026 - 22:58:07
DEPUTADO ESTADUAL,33122,,SANTO ALVES DE SOUZA,MOBILIZAÇÃO NACIONAL,MOBILIZA,146,,Válido,Não eleito,04/10/2026 - 22:58:07
DEPUTADO ESTADUAL,27755,,FABIO DE BARROS FREIRE,DEMOCRACIA CRISTÃ,DC,143,,Válido,Não eleito,04/10/2026 - 22:58:07
DEPUTADO ESTADUAL,30318,,FILIPE ALVES BRIZOLLA,PARTIDO NOVO,NOVO,142,,Válido,Suplente,04/10/2026 - 22:58:07
DEPUTADO ESTADUAL,27100,,MARCUS ALVES DE SOUZA,DEMOCRACIA CRISTÃ,DC,141,,Anulado sub judice,Não eleito,04/10/2026 - 22:58:07
DEPUTADO ESTADUAL,33400,,PAULO CAINE DOS SANTOS SILVA,MOBILIZAÇÃO NACIONAL,MOBILIZA,141,,Válido,Não eleito,04/10/2026 - 22:58:07
DEPUTADO ESTADUAL,45288,,CECILIA JACINTO GOIS,FEDERAÇÃO PSDB CIDADANIA,,140,,Válido,Suplente,04/10/2026 - 22:58:07
DEPUTADO ESTADUAL,30703,,JADIEL DE SOUSA MORAES,PARTIDO NOVO,NOVO,139,,Válido,Suplente,04/10/2026 - 22:58:07
DEPUTADO ESTADUAL,16016,,WILIAM DONIZETI FELIPPE,PARTIDO SOCIALISTA DOS TRABALHADORES,PSTU,139,,Válido,Não eleito,04/10/2026 - 22:58:07
DEPUTADO ESTADUAL,27555,,JOABE ALMEIDA DOS SANTOS,DEMOCRACIA CRISTÃ,DC,138,,Anulado sub judice,Não eleito,04/10/2026 - 22:58:07
DEPUTADO ESTADUAL,45700,,LUCIANO RODRIGUES DE AQUINO,FEDERAÇÃO PSDB CIDADANIA,,138,,Válido,Suplente,04/10/2026 - 22:58:07
DEPUTADO ESTADUAL,15312,,JUPIRA ARAUJO,MOVIMENTO DEMOCRÁTICO BRASILEIRO,MDB,138,,Válido,Suplente,04/10/2026 - 22:58:07
DEPUTADO ESTADUAL,12650,,SÉRGIO DE SOUZA,PARTIDO DEMOCRÁTICO TRABALHISTA,PDT,137,,Válido,Não eleito,04/10/2026 - 22:58:07
DEPUTADO ESTADUAL,40088,,ANDRÉ LUIS DE MORAES,PARTIDO SOCIALISTA BRASILEIRO,PSB,137,,Válido,Suplente,04/10/2026 - 22:58:07
DEPUTADO ESTADUAL,27257,,MARIO CESAR RODRIGUES,DEMOCRACIA CRISTÃ,DC,135,,Válido,Não eleito,04/10/2026 - 22:58:07
DEPUTADO ESTADUAL,27650,,JOSÉ DENES DE LIMA,DEMOCRACIA CRISTÃ,DC,134,,Anulado sub judice,Não eleito,04/10/2026 - 22:58:07
DEPUTADO ESTADUAL,40106,,MARIA JOSE DA SILVA BEZERRA,PARTIDO SOCIALISTA BRASILEIRO,PSB,134,,Válido,Suplente,04/10/2026 - 22:58:07
DEPUTADO ESTADUAL,36277,,MARIA SOLANGE PEDRO SILVA,AGIR,AGIR,133,,Anulado sub judice,Não eleito,04/10/2026 - 22:58:07
DEPUTADO ESTADUAL,27088,,MAIKON PONTES DOS SANTOS,DEMOCRACIA CRISTÃ,DC,133,,Válido,Não eleito,04/10/2026 - 22:58:07
DEPUTADO ESTADUAL,30505,,ROBERTO LUIZ DO NASCIMENTO,PARTIDO NOVO,NOVO,132,,Válido,Suplente,04/10/2026 - 22:58:07
DEPUTADO ESTADUAL,45221,,FABIANA CORREIA SOARES,FEDERAÇÃO PSDB CIDADANIA,,130,,Válido,Suplente,04/10/2026 - 22:58:07
DEPUTADO ESTADUAL,25181,,ROSANA TESSITORI,FEDERAÇÃO RENOVAÇÃO SOLIDÁRIA,,130,,Válido,Suplente,04/10/2026 - 22:58:07
DEPUTADO ESTADUAL,14678,,BRUNO ALVES DOS SANTOS,PARTIDO MISSÃO,MISSÃO,130,,Válido,Suplente,04/10/2026 - 22:58:07
DEPUTADO ESTADUAL,30442,,LEDA PIRES CORREA,PARTIDO NOVO,NOVO,130,,Válido,Suplente,04/10/2026 - 22:58:07
DEPUTADO ESTADUAL,14025,,TATIEH PADUA FONSECA,PARTIDO MISSÃO,MISSÃO,129,,Válido,Suplente,04/10/2026 - 22:58:07
DEPUTADO ESTADUAL,70500,,FABIO ARCO E FLEXA VEIGA,AVANTE,AVANTE,128,,Válido,Não eleito,04/10/2026 - 22:58:07
DEPUTADO ESTADUAL,14345,,JÉSSYCA JONAS SALUSTIANO,PARTIDO MISSÃO,MISSÃO,126,,Válido,Suplente,04/10/2026 - 22:58:07
DEPUTADO ESTADUAL,33233,,ERIKA PEREIRA BRANDÃO,MOBILIZAÇÃO NACIONAL,MOBILIZA,125,,Válido,Não eleito,04/10/2026 - 22:58:07
DEPUTADO ESTADUAL,14031,,JULIANA SACCARDO,PARTIDO MISSÃO,MISSÃO,125,,Válido,Suplente,04/10/2026 - 22:58:07
DEPUTADO ESTADUAL,20741,,FRANCIELLY VIEIRA NOIA,PODEMOS,PODEMOS,123,,Válido,Suplente,04/10/2026 - 22:58:07
DEPUTADO ESTADUAL,27178,,OSWALDO MARTINS DE OLIVEIRA,DEMOCRACIA CRISTÃ,DC,122,,Válido,Não eleito,04/10/2026 - 22:58:07
DEPUTADO ESTADUAL,45580,,ELOISA DE JESUS DO VAL,FEDERAÇÃO PSDB CIDADANIA,,122,,Válido,Suplente,04/10/2026 - 22:58:07
DEPUTADO ESTADUAL,25018,,EVERTON LUIZ FERNANDES SODARIO RAIMUNDO,FEDERAÇÃO RENOVAÇÃO SOLIDÁRIA,,122,,Válido,Suplente,04/10/2026 - 22:58:07
DEPUTADO ESTADUAL,40969,,FERNANDA DE MORAES DA SILVA,PARTIDO SOCIALISTA BRASILEIRO,PSB,122,,Válido,Suplente,04/10/2026 - 22:58:07
DEPUTADO ESTADUAL,33299,,MARIA ALVES DE SOUSA,MOBILIZAÇÃO NACIONAL,MOBILIZA,121,,Válido,Não eleito,04/10/2026 - 22:58:07
DEPUTADO ESTADUAL,70456,,REGINA MARIANO,AVANTE,AVANTE,118,,Válido,Não eleito,04/10/2026 - 22:58:07
DEPUTADO ESTADUAL,27567,,PASCOAL LEAL DE PAULA,DEMOCRACIA CRISTÃ,DC,118,,Válido,Não eleito,04/10/2026 - 22:58:07
DEPUTADO ESTADUAL,29129,,CLENILZA PANATO,PARTIDO DA CAUSA OPERÁRIA,PCO,118,,Anulado sub judice,Não eleito,04/10/2026 - 22:58:07
DEPUTADO ESTADUAL,12856,,GILSON SILVA PEREIRA,PARTIDO DEMOCRÁTICO TRABALHISTA,PDT,118,,Válido,Não eleito,04/10/2026 - 22:58:07
DEPUTADO ESTADUAL,12691,,LEONARDO GONÇALVES FREITAS,PARTIDO DEMOCRÁTICO TRABALHISTA,PDT,118,,Válido,Não eleito,04/10/2026 - 22:58:07
DEPUTADO ESTADUAL,27501,,ÉDER ANTÔNIO CUSTÓDIO,DEMOCRACIA CRISTÃ,DC,117,,Válido,Não eleito,04/10/2026 - 22:58:07
DEPUTADO ESTADUAL,33345,,EDINALDO ANTONIO DO CARMO,MOBILIZAÇÃO NACIONAL,MOBILIZA,117,,Válido,Não eleito,04/10/2026 - 22:58:07
DEPUTADO ESTADUAL,14399,,KAREN LORRAYNE LUZ DIAS TAVARES AGUILLAR DE MORAES,PARTIDO MISSÃO,MISSÃO,117,,Válido,Suplente,04/10/2026 - 22:58:07
DEPUTADO ESTADUAL,33900,,VALMIR FERREIRA VERAS,MOBILIZAÇÃO NACIONAL,MOBILIZA,116,,Válido,Não eleito,04/10/2026 - 22:58:07
DEPUTADO ESTADUAL,30067,,LARISSA REGINA OLIVEIRA SAAVEDRA,PARTIDO NOVO,NOVO,116,,Válido,Suplente,04/10/2026 - 22:58:07
DEPUTADO ESTADUAL,27367,,FLAVIO HELIO COIMBRA,DEMOCRACIA CRISTÃ,DC,113,,Válido,Não eleito,04/10/2026 - 22:58:07
DEPUTADO ESTADUAL,29529,,LETICIA MACHADO LEONETTI,PARTIDO DA CAUSA OPERÁRIA,PCO,113,,Anulado sub judice,Não eleito,04/10/2026 - 22:58:07
DEPUTADO ESTADUAL,77500,,JOSÉ ROBERTO SANTIAGO,FEDERAÇÃO RENOVAÇÃO SOLIDÁRIA,,112,,Válido,Suplente,04/10/2026 - 22:58:07
DEPUTADO ESTADUAL,40015,,ODIMIR LAZARO DE JESUS BONASSA,PARTIDO SOCIALISTA BRASILEIRO,PSB,112,,Válido,Suplente,04/10/2026 - 22:58:07
DEPUTADO ESTADUAL,27200,,PAMELA CRISTINA PONTES DOS SANTOS,DEMOCRACIA CRISTÃ,DC,111,,Válido,Não eleito,04/10/2026 - 22:58:07
DEPUTADO ESTADUAL,33334,,GISELE CASARIN DA SILVA,MOBILIZAÇÃO NACIONAL,MOBILIZA,108,,Válido,Não eleito,04/10/2026 - 22:58:07
DEPUTADO ESTADUAL,70091,,MELINA GOMES BOEIRA COSTA,AVANTE,AVANTE,107,,Válido,Não eleito,04/10/2026 - 22:58:07
DEPUTADO ESTADUAL,12666,,HIRANCELMO LIRA GONÇALVES,PARTIDO DEMOCRÁTICO TRABALHISTA,PDT,107,,Válido,Não eleito,04/10/2026 - 22:58:07
DEPUTADO ESTADUAL,45015,,MARIA LUCIA DOS SANTOS CORREIA,FEDERAÇÃO PSDB CIDADANIA,,105,,Válido,Suplente,04/10/2026 - 22:58:07
DEPUTADO ESTADUAL,36017,,JOSE RICARDO DA SILVA,AGIR,AGIR,104,,Anulado sub judice,Não eleito,04/10/2026 - 22:58:07
DEPUTADO ESTADUAL,70010,,ANDRÉ LUÍS DOS SANTOS,AVANTE,AVANTE,104,,Válido,Não eleito,04/10/2026 - 22:58:07
DEPUTADO ESTADUAL,23314,,QUITERIO NASCIMENTO BARROS,FEDERAÇÃO PSDB CIDADANIA,,104,,Válido,Suplente,04/10/2026 - 22:58:07
DEPUTADO ESTADUAL,35123,,JOÃO PEDRO FURLANETTI BARBOZA,DEMOCRATA,,102,,Válido,Não eleito,04/10/2026 - 22:58:07
DEPUTADO ESTADUAL,27010,,ALINE MARTINS DE ALMEIDA CAMPOS,DEMOCRACIA CRISTÃ,DC,101,,Anulado sub judice,Não eleito,04/10/2026 - 22:58:07
DEPUTADO ESTADUAL,70170,,DAISYANE LIMA DOS SANTOS,AVANTE,AVANTE,100,,Válido,Não eleito,04/10/2026 - 22:58:07
DEPUTADO ESTADUAL,50950,,GHAYEQUER GODOY SOUZA,FEDERAÇÃO PSOL REDE,,98,,Válido,Suplente,04/10/2026 - 22:58:07
DEPUTADO ESTADUAL,14877,,DARLAN ALEXANDRE LEAL MONTEIRO,PARTIDO MISSÃO,MISSÃO,97,,Válido,Suplente,04/10/2026 - 22:58:07
DEPUTADO ESTADUAL,70605,,POLYANA PEREIRA DOS REIS,AVANTE,AVANTE,96,,Válido,Não eleito,04/10/2026 - 22:58:07
DEPUTADO ESTADUAL,27007,,REINALDO FALCAO,DEMOCRACIA CRISTÃ,DC,96,,Válido,Não eleito,04/10/2026 - 22:58:07
DEPUTADO ESTADUAL,27798,,ROSANE GOUVEIA DE LIMA,DEMOCRACIA CRISTÃ,DC,96,,Válido,Não eleito,04/10/2026 - 22:58:07
DEPUTADO ESTADUAL,25110,,LUCIANA PELLEGRINI MARQUES PENTEADO DE ALMEIDA,FEDERAÇÃO RENOVAÇÃO SOLIDÁRIA,,96,,Válido,Suplente,04/10/2026 - 22:58:07
DEPUTADO ESTADUAL,30038,,VANESSA FERREIRA SANT'ANNA,PARTIDO NOVO,NOVO,96,,Válido,Suplente,04/10/2026 - 22:58:07
DEPUTADO ESTADUAL,45388,,ADILSON DE MEDEIROS PAULINO,FEDERAÇÃO PSDB CIDADANIA,,95,,Válido,Suplente,04/10/2026 - 22:58:07
DEPUTADO ESTADUAL,50670,,EDNALDO BISPO DA CRUZ,FEDERAÇÃO PSOL REDE,,95,,Válido,Suplente,04/10/2026 - 22:58:07
DEPUTADO ESTADUAL,29229,,CARLOS LAZARO BORGES CAMPOS,PARTIDO DA CAUSA OPERÁRIA,PCO,94,,Anulado sub judice,Não eleito,04/10/2026 - 22:58:07
DEPUTADO ESTADUAL,30023,,PATRÍCIA MODESTO,PARTIDO NOVO,NOVO,93,,Válido,Suplente,04/10/2026 - 22:58:07
DEPUTADO ESTADUAL,12999,,MARCO VINICIUS DOS SANTOS,PARTIDO DEMOCRÁTICO TRABALHISTA,PDT,91,,Válido,Não eleito,04/10/2026 - 22:58:07
DEPUTADO ESTADUAL,27070,,JACKSON GUIMARÃES PAUFERRO,DEMOCRACIA CRISTÃ,DC,88,,Anulado sub judice,Não eleito,04/10/2026 - 22:58:07
DEPUTADO ESTADUAL,30644,,JUSEMARA DE OLIVEIRA,PARTIDO NOVO,NOVO,88,,Válido,Suplente,04/10/2026 - 22:58:07
DEPUTADO ESTADUAL,27321,,FABRICIO DE SOUZA MENEGILDO,DEMOCRACIA CRISTÃ,DC,86,,Anulado sub judice,Não eleito,04/10/2026 - 22:58:07
DEPUTADO ESTADUAL,33023,,FRANCISCO JOSE DA CRUZ FILHO,MOBILIZAÇÃO NACIONAL,MOBILIZA,86,,Válido,Não eleito,04/10/2026 - 22:58:07
DEPUTADO ESTADUAL,40030,,FABIO PEREIRA SIMAO,PARTIDO SOCIALISTA BRASILEIRO,PSB,86,,Válido,Suplente,04/10/2026 - 22:58:07
DEPUTADO ESTADUAL,70060,,MARCELO DE BARROS MARTINS,AVANTE,AVANTE,85,,Válido,Não eleito,04/10/2026 - 22:58:07
DEPUTADO ESTADUAL,33066,,ROSANGELA AMARO MAGLIARELLI,MOBILIZAÇÃO NACIONAL,MOBILIZA,84,,Válido,Não eleito,04/10/2026 - 22:58:07
DEPUTADO ESTADUAL,70040,,JUZIANI DOS SANTOS,AVANTE,AVANTE,83,,Válido,Não eleito,04/10/2026 - 22:58:07
DEPUTADO ESTADUAL,30702,,MARCIA HELENA CAPRARO,PARTIDO NOVO,NOVO,82,,Válido,Suplente,04/10/2026 - 22:58:07
DEPUTADO ESTADUAL,35111,,LUCKSON JOSEPH,DEMOCRATA,,81,,Válido,Não eleito,04/10/2026 - 22:58:07
DEPUTADO ESTADUAL,29029,,FABIO LUIZ PICCHI,PARTIDO DA CAUSA OPERÁRIA,PCO,81,,Anulado sub judice,Não eleito,04/10/2026 - 22:58:07
DEPUTADO ESTADUAL,70997,,WALNEY ARAUJO DA SILVEIRA,AVANTE,AVANTE,80,,Válido,Não eleito,04/10/2026 - 22:58:07
DEPUTADO ESTADUAL,33599,,SONIA BANDINI,MOBILIZAÇÃO NACIONAL,MOBILIZA,78,,Válido,Não eleito,04/10/2026 - 22:58:07
DEPUTADO ESTADUAL,27307,,LUCIANO DE LIMA,DEMOCRACIA CRISTÃ,DC,77,,Válido,Não eleito,04/10/2026 - 22:58:07
DEPUTADO ESTADUAL,50021,,EDVALDO GOMES SILVA,FEDERAÇÃO PSOL REDE,,76,,Válido,Suplente,04/10/2026 - 22:58:07
DEPUTADO ESTADUAL,70120,,MARGARETE FERNANDES HONORATO,AVANTE,AVANTE,75,,Válido,Não eleito,04/10/2026 - 22:58:07
DEPUTADO ESTADUAL,27137,,MARINA RIBEIRO DIAS DE ALMEIDA,DEMOCRACIA CRISTÃ,DC,75,,Válido,Não eleito,04/10/2026 - 22:58:07
DEPUTADO ESTADUAL,14876,,KELLVIN DE LUCAS MAGNO BARBOZA DOS SANTOS,PARTIDO MISSÃO,MISSÃO,75,,Válido,Suplente,04/10/2026 - 22:58:07
DEPUTADO ESTADUAL,27369,,CLAUDIO SERVULO DA SILVA,DEMOCRACIA CRISTÃ,DC,74,,Válido,Não eleito,04/10/2026 - 22:58:07
DEPUTADO ESTADUAL,30221,,CARLOS HENRIQUE BARBOSA DE OLIVEIRA,PARTIDO NOVO,NOVO,71,,Válido,Suplente,04/10/2026 - 22:58:07
DEPUTADO ESTADUAL,70080,,JENIFFER RICARDO LOPES,AVANTE,AVANTE,70,,Válido,Não eleito,04/10/2026 - 22:58:07
DEPUTADO ESTADUAL,27198,,RAQUEL SIQUEIRA DE FREITAS,DEMOCRACIA CRISTÃ,DC,69,,Válido,Não eleito,04/10/2026 - 22:58:07
DEPUTADO ESTADUAL,27223,,GUILHERME MARQUES DOS SANTOS DE SOUZA,DEMOCRACIA CRISTÃ,DC,67,,Válido,Não eleito,04/10/2026 - 22:58:07
DEPUTADO ESTADUAL,27271,,VIRGINIA ALICE CASTELLANO,DEMOCRACIA CRISTÃ,DC,63,,Válido,Não eleito,04/10/2026 - 22:58:07
DEPUTADO ESTADUAL,27808,,EZEQUIEL DOS SANTOS,DEMOCRACIA CRISTÃ,DC,63,,Anulado sub judice,Não eleito,04/10/2026 - 22:58:07
DEPUTADO ESTADUAL,12136,,MANOEL PEREIRA VIANA DE LIMA,PARTIDO DEMOCRÁTICO TRABALHISTA,PDT,62,,Válido,Não eleito,04/10/2026 - 22:58:07
DEPUTADO ESTADUAL,27227,,SANDRA PEDROSA GARCIA DOS SANTOS,DEMOCRACIA CRISTÃ,DC,61,,Válido,Não eleito,04/10/2026 - 22:58:07
DEPUTADO ESTADUAL,45003,,PALOMA ANTUNES DOS SANTOS,FEDERAÇÃO PSDB CIDADANIA,,60,,Válido,Suplente,04/10/2026 - 22:58:07
DEPUTADO ESTADUAL,36026,,MARIA DE LOURDES SOARES DO NASCIMENTO,AGIR,AGIR,59,,Anulado sub judice,Não eleito,04/10/2026 - 22:58:07
DEPUTADO ESTADUAL,40091,,GIRLEIDE DE ALENCAR SILVA,PARTIDO SOCIALISTA BRASILEIRO,PSB,59,,Válido,Suplente,04/10/2026 - 22:58:07
DEPUTADO ESTADUAL,36153,,SILVIO MARCELINO,AGIR,AGIR,58,,Anulado sub judice,Não eleito,04/10/2026 - 22:58:07
DEPUTADO ESTADUAL,36333,,HELTON MESSIAS,AGIR,AGIR,55,,Anulado sub judice,Não eleito,04/10/2026 - 22:58:07
DEPUTADO ESTADUAL,27750,,EDSON FERREIRA DE JESUS,DEMOCRACIA CRISTÃ,DC,54,,Válido,Não eleito,04/10/2026 - 22:58:07
DEPUTADO ESTADUAL,27128,,PAULINA ROSA DE SOUZA JACINTO,DEMOCRACIA CRISTÃ,DC,53,,Anulado sub judice,Não eleito,04/10/2026 - 22:58:07
DEPUTADO ESTADUAL,33250,,DAIANE PRESTES DOS SANTOS,MOBILIZAÇÃO NACIONAL,MOBILIZA,53,,Válido,Não eleito,04/10/2026 - 22:58:07
DEPUTADO ESTADUAL,12023,,FERNANDO IRINEU DE SOUZA MIGUEL,PARTIDO DEMOCRÁTICO TRABALHISTA,PDT,51,,Válido,Não eleito,04/10/2026 - 22:58:07
DEPUTADO ESTADUAL,33544,,ANDREIA KARINE FREDERICO,MOBILIZAÇÃO NACIONAL,MOBILIZA,49,,Válido,Não eleito,04/10/2026 - 22:58:07
DEPUTADO ESTADUAL,70192,,JULIANO FERREIRA DE LIMA,AVANTE,AVANTE,48,,Válido,Não eleito,04/10/2026 - 22:58:07
DEPUTADO ESTADUAL,35022,,SILVANA NUNES PEREIRA,DEMOCRATA,,48,,Válido,Não eleito,04/10/2026 - 22:58:07
DEPUTADO ESTADUAL,36056,,MARIA DAS DORES SILVA,AGIR,AGIR,46,,Anulado sub judice,Não eleito,04/10/2026 - 22:58:07
DEPUTADO ESTADUAL,40227,,EBION PEREIRA DA COSTA,PARTIDO SOCIALISTA BRASILEIRO,PSB,45,,Válido,Suplente,04/10/2026 - 22:58:07
DEPUTADO ESTADUAL,33510,,SONIA MARIA GUERREIRO PAZINI,MOBILIZAÇÃO NACIONAL,MOBILIZA,43,,Válido,Não eleito,04/10/2026 - 22:58:07
DEPUTADO ESTADUAL,29629,,JOSE TADEU DE SALES,PARTIDO DA CAUSA OPERÁRIA,PCO,43,,Anulado sub judice,Não eleito,04/10/2026 - 22:58:07
DEPUTADO ESTADUAL,29829,,MARIA ANITA PASQUINI FELONI,PARTIDO DA CAUSA OPERÁRIA,PCO,40,,Anulado sub judice,Não eleito,04/10/2026 - 22:58:07
DEPUTADO ESTADUAL,35025,,THAINARA DA SILVA GENARI BRAGATTO,DEMOCRATA,,38,,Válido,Não eleito,04/10/2026 - 22:58:07
DEPUTADO ESTADUAL,29292,,MARCOS MARTINS DA SILVA,PARTIDO DA CAUSA OPERÁRIA,PCO,35,,Anulado sub judice,Não eleito,04/10/2026 - 22:58:07
DEPUTADO ESTADUAL,29729,,MARCIO ROBERTO OLIVEIRA,PARTIDO DA CAUSA OPERÁRIA,PCO,35,,Anulado sub judice,Não eleito,04/10/2026 - 22:58:07
DEPUTADO ESTADUAL,33722,,ROSANGELA LOURENÇO BRITO SOUZA,MOBILIZAÇÃO NACIONAL,MOBILIZA,34,,Válido,Não eleito,04/10/2026 - 22:58:07
DEPUTADO ESTADUAL,36436,,EMILSON DOS REIS FORTUNATO SANTOS,AGIR,AGIR,33,,Anulado sub judice,Não eleito,04/10/2026 - 22:58:07
DEPUTADO ESTADUAL,36577,,MARILUCE DO PERPETUO CUSTÓDIO,AGIR,AGIR,33,,Anulado sub judice,Não eleito,04/10/2026 - 22:58:07
DEPUTADO ESTADUAL,27612,,DEISE RUPER FEITOSA DA SILVA,DEMOCRACIA CRISTÃ,DC,32,,Válido,Não eleito,04/10/2026 - 22:58:07
DEPUTADO ESTADUAL,33377,,JOSILDA PAZ DE SANTANA,MOBILIZAÇÃO NACIONAL,MOBILIZA,32,,Anulado sub judice,Não eleito,04/10/2026 - 22:58:07
DEPUTADO ESTADUAL,33044,,ANILTON HERCULINO DOS SANTOS,MOBILIZAÇÃO NACIONAL,MOBILIZA,32,,Válido,Não eleito,04/10/2026 - 22:58:07
DEPUTADO ESTADUAL,27312,,DOMINGOS HONORATO DE MEIRA,DEMOCRACIA CRISTÃ,DC,29,,Anulado sub judice,Não eleito,04/10/2026 - 22:58:07
DEPUTADO ESTADUAL,50154,,JAMES PRADO GONDIM,FEDERAÇÃO PSOL REDE,,29,,Válido,Suplente,04/10/2026 - 22:58:07
DEPUTADO ESTADUAL,36888,,GUILHERME HENRIQUE SILVA MORAIS,AGIR,AGIR,26,,Válido,Não eleito,04/10/2026 - 22:58:07
DEPUTADO ESTADUAL,36555,,MARIA DE JESUS MENDES BARBOSA,AGIR,AGIR,25,,Anulado sub judice,Não eleito,04/10/2026 - 22:58:07
DEPUTADO ESTADUAL,36336,,EDUARDO RIBEIRO DOS SANTOS,AGIR,AGIR,24,,Anulado sub judice,Não eleito,04/10/2026 - 22:58:07
DEPUTADO ESTADUAL,29929,,DOUGLAS MARTINS DE ANDRADE,PARTIDO DA CAUSA OPERÁRIA,PCO,24,,Anulado sub judice,Não eleito,04/10/2026 - 22:58:07
DEPUTADO ESTADUAL,27721,,MARILZA NAGASAWA,DEMOCRACIA CRISTÃ,DC,20,,Anulado sub judice,Não eleito,04/10/2026 - 22:58:07
DEPUTADO ESTADUAL,35010,,WALLACE LUÍS DA SILVA ROCHA,DEMOCRATA,,18,,Válido,Não eleito,04/10/2026 - 22:58:07
DEPUTADO ESTADUAL,29429,,JOSE DOS REIS COSTA,PARTIDO DA CAUSA OPERÁRIA,PCO,17,,Anulado sub judice,Não eleito,04/10/2026 - 22:58:07
DEPUTADO ESTADUAL,29329,,MARIA DIAS DA SILVA,PARTIDO DA CAUSA OPERÁRIA,PCO,16,,Anulado sub judice,Não eleito,04/10/2026 - 22:58:07
DEPUTADO ESTADUAL,33017,,APARECIDA MARIA DE NOVAIS,MOBILIZAÇÃO NACIONAL,MOBILIZA,13,,Válido,Não eleito,04/10/2026 - 22:58:07
DEPUTADO ESTADUAL,36046,,ANDREA LETICIA DE SOUZA,AGIR,AGIR,12,,Anulado sub judice,Não eleito,04/10/2026 - 22:58:07
DEPUTADO ESTADUAL,70044,,MARCOS AURELIO BARROS MONTEIRO,AVANTE,AVANTE,11,,Válido,Não eleito,04/10/2026 - 22:58:07
DEPUTADO ESTADUAL,36244,,PEDRO JOSÉ NOGUEIRA,AGIR,AGIR,8,,Anulado sub judice,Não eleito,04/10/2026 - 22:58:07
DEPUTADO ESTADUAL,33390,,MARCIA LOPES DE ARAUJO,MOBILIZAÇÃO NACIONAL,MOBILIZA,5,,Válido,Não eleito,04/10/2026 - 22:58:07
DEPUTADO FEDERAL,2211,LUCAS PAVANATO,LUCAS PAVANATO DE OLIVEIRA,PARTIDO LIBERAL,PL,3038438,12.82,Válido,Eleito por QP,04/10/2026 - 22:58:07
DEPUTADO FEDERAL,5070,ERIKA HILTON,ERIKA HILTON,FEDERAÇÃO PSOL REDE,,1596472,6.73,Válido,Eleito por QP,04/10/2026 - 22:58:07
DEPUTADO FEDERAL,5000,SÂMIA BOMFIM,SÂMIA DE SOUZA BOMFIM,FEDERAÇÃO PSOL REDE,,583107,2.46,Válido,Eleito por QP,04/10/2026 - 22:58:07
DEPUTADO FEDERAL,1414,KIM KATAGUIRI,KIM PATROCA KATAGUIRI,PARTIDO MISSÃO,MISSÃO,520071,2.19,Válido,Eleito por QP,04/10/2026 - 22:58:07
DEPUTADO FEDERAL,4040,TABATA AMARAL,TABATA CLÁUDIA AMARAL DE PONTES,PARTIDO SOCIALISTA BRASILEIRO,PSB,476383,2.01,Válido,Eleito por QP,04/10/2026 - 22:58:07
DEPUTADO FEDERAL,2222,RENATO BOLSONARO,RENATO ANTONIO BOLSONARO,PARTIDO LIBERAL,PL,379312,1.60,Válido,Eleito por QP,04/10/2026 - 22:58:07
DEPUTADO FEDERAL,1110,SARGENTO NANTES,ISRAEL NANTES SANTOS,FEDERAÇÃO UNIÃO PROGRESSISTA,,333401,1.41,Válido,Eleito por QP,04/10/2026 - 22:58:07
DEPUTADO FEDERAL,2000,DELEGADO PALUMBO,MARIO PALUMBO JUNIOR,PODEMOS,PODEMOS,303271,1.28,Válido,Eleito por QP,04/10/2026 - 22:58:07
DEPUTADO FEDERAL,5005,GUILHERME CORTEZ,GUILHERME DA COSTA AGUIAR CORTEZ,FEDERAÇÃO PSOL REDE,,275450,1.16,Válido,Eleito por QP,04/10/2026 - 22:58:07
DEPUTADO FEDERAL,1111,MAURICIO NEVES,MANOEL MAURICIO SILVA NEVES,FEDERAÇÃO UNIÃO PROGRESSISTA,,269996,1.14,Válido,Eleito por QP,04/10/2026 - 22:58:07
DEPUTADO FEDERAL,2299,MARCIO ALVINO,MARCIO LUIZ ALVINO DE SOUZA,PARTIDO LIBERAL,PL,261325,1.10,Válido,Eleito por QP,04/10/2026 - 22:58:07
DEPUTADO FEDERAL,5089,PROFESSORA LUCIENE CAVALCANTE,LUCIENE CAVALCANTE DA SILVA,FEDERAÇÃO PSOL REDE,,253778,1.07,Válido,Eleito por QP,04/10/2026 - 22:58:07
DEPUTADO FEDERAL,2026,ANA CAROLINA OLIVEIRA,ANA CAROLINA CUNHA DE OLIVEIRA FRANCOMANO,PODEMOS,PODEMOS,246741,1.04,Válido,Eleito por QP,04/10/2026 - 22:58:07
DEPUTADO FEDERAL,1515,BALEIA ROSSI,LUIZ FELIPE BALEIA TENUTO ROSSI,MOVIMENTO DEMOCRÁTICO BRASILEIRO,MDB,239124,1.01,Válido,Eleito por QP,04/10/2026 - 22:58:07
DEPUTADO FEDERAL,1302,LUNA ZARATTINI,LUNA ZARATTINI BRANDÃO,FEDERAÇÃO BRASIL DA ESPERANÇA - FE BRASIL,,233733,0.99,Válido,Eleito por QP,04/10/2026 - 22:58:07
DEPUTADO FEDERAL,3007,MARINA HELENA,MARINA HELENA CUNHA PEREIRA SANTOS,PARTIDO NOVO,NOVO,230866,0.97,Válido,Eleito por QP,04/10/2026 - 22:58:07
DEPUTADO FEDERAL,2011,DELEGADO BRUNO LIMA,BRUNO MARCELLO DE OLIVEIRA LIMA,PODEMOS,PODEMOS,217952,0.92,Válido,Eleito por QP,04/10/2026 - 22:58:07
DEPUTADO FEDERAL,2227,ROSANA VALLE,ROSANA DE OLIVEIRA VALLE,PARTIDO LIBERAL,PL,213752,0.90,Válido,Eleito por QP,04/10/2026 - 22:58:07
DEPUTADO FEDERAL,2020,RENATA ABREU,RENATA HELLMEISTER DE ABREU MELO,PODEMOS,PODEMOS,199100,0.84,Válido,Eleito por QP,04/10/2026 - 22:58:07
DEPUTADO FEDERAL,1010,MARCOS PEREIRA,MARCOS ANTONIO PEREIRA,REPUBLICANOS,REPUBLICANOS,196681,0.83,Válido,Eleito por QP,04/10/2026 - 22:58:07
DEPUTADO FEDERAL,2225,LUIZ PHILIPPE DE O E BRAGANÇA,LUIZ PHILIPPE DE ORLEANS BRAGANCA,PARTIDO LIBERAL,PL,187743,0.79,Válido,Eleito por QP,04/10/2026 - 22:58:07
DEPUTADO FEDERAL,1011,GUILHERME PIAI,GUILHERME PIAI SILVA FILIZZOLA,REPUBLICANOS,REPUBLICANOS,182328,0.77,Válido,Eleito por QP,04/10/2026 - 22:58:07
DEPUTADO FEDERAL,5500,IGOR SOARES,IGOR SOARES EBERT,PARTIDO SOCIAL DEMOCRÁTICO,PSD,181820,0.77,Válido,Eleito por QP,04/10/2026 - 22:58:07
DEPUTADO FEDERAL,5533,PAULO ALEXANDRE BARBOSA,PAULO ALEXANDRE PEREIRA BARBOSA,PARTIDO SOCIAL DEMOCRÁTICO,PSD,168207,0.71,Válido,Eleito por QP,04/10/2026 - 22:58:07
DEPUTADO FEDERAL,2007,FELIPE BECARI,FELIPE BECARI COMENALE,PODEMOS,PODEMOS,162957,0.69,Válido,Eleito por QP,04/10/2026 - 22:58:07
DEPUTADO FEDERAL,2280,THIAGO SURFISTA,THIAGO DE AZEVEDO LOPES FONSECA,PARTIDO LIBERAL,PL,161971,0.68,Válido,Eleito por QP,04/10/2026 - 22:58:07
DEPUTADO FEDERAL,1358,ALENCAR SANTANA,ALENCAR SANTANA BRAGA,FEDERAÇÃO BRASIL DA ESPERANÇA - FE BRASIL,,160264,0.68,Válido,Eleito por QP,04/10/2026 - 22:58:07
DEPUTADO FEDERAL,2200,CAPITÃO AUGUSTO,JOSE AUGUSTO ROSA,PARTIDO LIBERAL,PL,153745,0.65,Válido,Eleito por QP,04/10/2026 - 22:58:07
DEPUTADO FEDERAL,1380,JILMAR TATTO,JILMAR AUGUSTINHO TATTO,FEDERAÇÃO BRASIL DA ESPERANÇA - FE BRASIL,,152984,0.65,Válido,Eleito por QP,04/10/2026 - 22:58:07
DEPUTADO FEDERAL,1000,CELSO RUSSOMANNO,CELSO UBIRAJARA RUSSOMANNO,REPUBLICANOS,REPUBLICANOS,138827,0.59,Válido,Eleito por QP,04/10/2026 - 22:58:07
DEPUTADO FEDERAL,1399,THIAGO DOS REIS,THIAGO DOS REIS PEREIRA DOS SANTOS,FEDERAÇÃO BRASIL DA ESPERANÇA - FE BRASIL,,137240,0.58,Válido,Eleito por QP,04/10/2026 - 22:58:07
DEPUTADO FEDERAL,4545,PAULO SERRA,PAULO HENRIQUE PINTO SERRA,FEDERAÇÃO PSDB CIDADANIA,,132866,0.56,Válido,Eleito por QP,04/10/2026 - 22:58:07
DEPUTADO FEDERAL,1502,SIDNEY CRUZ,SIDNEY LUIZ DA CRUZ,MOVIMENTO DEMOCRÁTICO BRASILEIRO,MDB,130951,0.55,Válido,Eleito por QP,04/10/2026 - 22:58:07
DEPUTADO FEDERAL,1550,JOÃO CURY,JOAO CURY NETO,MOVIMENTO DEMOCRÁTICO BRASILEIRO,MDB,130915,0.55,Válido,Eleito por QP,04/10/2026 - 22:58:07
DEPUTADO FEDERAL,2234,LUIZ FERNANDO MACHADO,LUIZ FERNANDO ARANTES MACHADO,PARTIDO LIBERAL,PL,129004,0.54,Válido,Eleito por QP,04/10/2026 - 22:58:07
DEPUTADO FEDERAL,1322,ARLINDO CHINAGLIA,ARLINDO CHIGNALIA JUNIOR,FEDERAÇÃO BRASIL DA ESPERANÇA - FE BRASIL,,124121,0.52,Válido,Eleito por QP,04/10/2026 - 22:58:07
DEPUTADO FEDERAL,2270,PASTOR MARCO FELICIANO,MARCO ANTONIO FELICIANO,PARTIDO LIBERAL,PL,122119,0.52,Válido,Eleito por QP,04/10/2026 - 22:58:07
DEPUTADO FEDERAL,1023,NEY SANTOS,CLAUDINEI ALVES DOS SANTOS,REPUBLICANOS,REPUBLICANOS,118566,0.50,Válido,Eleito por QP,04/10/2026 - 22:58:07
DEPUTADO FEDERAL,1370,CARLOS ZARATTINI,CARLOS ALBERTO ROLIM ZARATTINI,FEDERAÇÃO BRASIL DA ESPERANÇA - FE BRASIL,,117608,0.50,Válido,Eleito por QP,04/10/2026 - 22:58:07
DEPUTADO FEDERAL,1316,EDINHO SILVA,EDSON ANTONIO EDINHO DA SILVA,FEDERAÇÃO BRASIL DA ESPERANÇA - FE BRASIL,,115341,0.49,Válido,Eleito por QP,04/10/2026 - 22:58:07
DEPUTADO FEDERAL,1353,NILTO TATTO,NILTO IGNACIO TATTO,FEDERAÇÃO BRASIL DA ESPERANÇA - FE BRASIL,,114560,0.48,Válido,Eleito por QP,04/10/2026 - 22:58:07
DEPUTADO FEDERAL,5010,NATÁLIA BOULOS,NATALIA SZERMETA,FEDERAÇÃO PSOL REDE,,114552,0.48,Válido,Eleito por QP,04/10/2026 - 22:58:07
DEPUTADO FEDERAL,1301,KIKO CELEGUIM,FRANCISCO DANIEL CELEGUIM DE MORAIS,FEDERAÇÃO BRASIL DA ESPERANÇA - FE BRASIL,,113158,0.48,Válido,Eleito por média,04/10/2026 - 22:58:07
DEPUTADO FEDERAL,2244,MOTTA,LUIZ CARLOS MOTTA,PARTIDO LIBERAL,PL,112854,0.48,Válido,Eleito por QP,04/10/2026 - 22:58:07
DEPUTADO FEDERAL,1333,JULIANA CARDOSO,JULIANA CARDOSO,FEDERAÇÃO BRASIL DA ESPERANÇA - FE BRASIL,,111904,0.47,Válido,Eleito por média,04/10/2026 - 22:58:07
DEPUTADO FEDERAL,1325,JOAO PAULO CUNHA,JOAO PAULO CUNHA,FEDERAÇÃO BRASIL DA ESPERANÇA - FE BRASIL,,109548,0.46,Válido,Eleito por média,04/10/2026 - 22:58:07
DEPUTADO FEDERAL,2077,RODRIGO GAMBALE,RODRIGO GAMBALE VIEIRA,PODEMOS,PODEMOS,106901,0.45,Válido,Eleito por média,04/10/2026 - 22:58:07
DEPUTADO FEDERAL,2255,DRA. SANDRA TADEU,SANDRA REGINA CARBONE TADEU MUDALEN,PARTIDO LIBERAL,PL,106471,0.45,Válido,Eleito por QP,04/10/2026 - 22:58:07
DEPUTADO FEDERAL,1313,,RUI GOETHE DA COSTA FALCÃO,FEDERAÇÃO BRASIL DA ESPERANÇA - FE BRASIL,,106443,,Válido,Suplente,04/10/2026 - 22:58:07
DEPUTADO FEDERAL,1536,ENRICO MISASI,ENRICO VAN BLARCUM DE GRAAFF MISASI,MOVIMENTO DEMOCRÁTICO BRASILEIRO,MDB,106225,0.45,Válido,Eleito por média,04/10/2026 - 22:58:07
DEPUTADO FEDERAL,1398,,LUIZ PAULO TEIXEIRA FERREIRA,FEDERAÇÃO BRASIL DA ESPERANÇA - FE BRASIL,,106062,,Válido,Suplente,04/10/2026 - 22:58:07
DEPUTADO FEDERAL,1100,CORONEL TELHADA,PAULO ADRIANO LOPES LUCINDA TELHADA,FEDERAÇÃO UNIÃO PROGRESSISTA,,104513,0.44,Válido,Eleito por QP,04/10/2026 - 22:58:07
DEPUTADO FEDERAL,2323,,ALEX SPINELLI MANENTE,FEDERAÇÃO PSDB CIDADANIA,,102716,,Válido,Suplente,04/10/2026 - 22:58:07
DEPUTADO FEDERAL,1555,,ORLANDO MORANDO JUNIOR,MOVIMENTO DEMOCRÁTICO BRASILEIRO,MDB,102086,,Válido,Suplente,04/10/2026 - 22:58:07
DEPUTADO FEDERAL,2233,PAULO FREIRE,PAULO ROBERTO FREIRE DA COSTA,PARTIDO LIBERAL,PL,99388,0.42,Válido,Eleito por QP,04/10/2026 - 22:58:07
DEPUTADO FEDERAL,5570,MARCOS NEVES,MARCO AURELIO DOS SANTOS NEVES,PARTIDO SOCIAL DEMOCRÁTICO,PSD,98359,0.41,Válido,Eleito por QP,04/10/2026 - 22:58:07
DEPUTADO FEDERAL,4000,JONAS DONIZETTE,JONAS DONIZETTE FERREIRA,PARTIDO SOCIALISTA BRASILEIRO,PSB,97335,0.41,Válido,Eleito por QP,04/10/2026 - 22:58:07
DEPUTADO FEDERAL,2277,MIGUEL LOMBARDI,MIGUEL LOMBARDI,PARTIDO LIBERAL,PL,96333,0.41,Válido,Eleito por QP,04/10/2026 - 22:58:07
DEPUTADO FEDERAL,5515,SAULO PEDROSO,SAULO PEDROSO DE SOUZA,PARTIDO SOCIAL DEMOCRÁTICO,PSD,95096,0.40,Válido,Eleito por QP,04/10/2026 - 22:58:07
DEPUTADO FEDERAL,1033,ALTAIR MORAES,ALTAIR MORAES DE OLIVEIRA,REPUBLICANOS,REPUBLICANOS,94770,0.40,Válido,Eleito por média,04/10/2026 - 22:58:07
DEPUTADO FEDERAL,2274,JEFFERSON CAMPOS,JEFFERSON ALVES DE CAMPOS,PARTIDO LIBERAL,PL,92286,0.39,Válido,Eleito por QP,04/10/2026 - 22:58:07
DEPUTADO FEDERAL,5585,CARLOS SAMPAIO,CARLOS HENRIQUE FOCESI SAMPAIO,PARTIDO SOCIAL DEMOCRÁTICO,PSD,91902,0.39,Válido,Eleito por média,04/10/2026 - 22:58:07
DEPUTADO FEDERAL,1022,MARIA ROSAS,MARIA DO PARTO MENDES ROSAS,REPUBLICANOS,REPUBLICANOS,91690,0.39,Válido,Eleito por média,04/10/2026 - 22:58:07
DEPUTADO FEDERAL,2208,MARIO FRIAS,MARIO LUIS FRIAS,PARTIDO LIBERAL,PL,91403,0.39,Válido,Eleito por QP,04/10/2026 - 22:58:07
DEPUTADO FEDERAL,2247,DELEGADO PAULO BILYNSKYJ,PAULO FRANCISCO MUNIZ BILYNSKYJ,PARTIDO LIBERAL,PL,90363,0.38,Válido,Eleito por QP,04/10/2026 - 22:58:07
DEPUTADO FEDERAL,1351,,PAULO BATISTA DOS REIS,FEDERAÇÃO BRASIL DA ESPERANÇA - FE BRASIL,,90224,,Válido,Suplente,04/10/2026 - 22:58:07
DEPUTADO FEDERAL,1355,,MOISES SELERGES JUNIOR,FEDERAÇÃO BRASIL DA ESPERANÇA - FE BRASIL,,89939,,Válido,Suplente,04/10/2026 - 22:58:07
DEPUTADO FEDERAL,5512,CARLOS BEZERRA JR.,CARLOS ALBERTO DE QUADROS BEZERRA JUNIOR,PARTIDO SOCIAL DEMOCRÁTICO,PSD,89414,0.38,Válido,Eleito por média,04/10/2026 - 22:58:07
DEPUTADO FEDERAL,5501,,VITOR LIPPI,PARTIDO SOCIAL DEMOCRÁTICO,PSD,88462,,Válido,Suplente,04/10/2026 - 22:58:07
DEPUTADO FEDERAL,5555,,ELEUSES VIEIRA DE PAIVA FILHO,PARTIDO SOCIAL DEMOCRÁTICO,PSD,88195,,Válido,Suplente,04/10/2026 - 22:58:07
DEPUTADO FEDERAL,4410,SIRLANGE MANGA,SIRLANGE RODRIGUES FRATE MAGANHATO,FEDERAÇÃO UNIÃO PROGRESSISTA,,87820,0.37,Válido,Eleito por QP,04/10/2026 - 22:58:07
DEPUTADO FEDERAL,1389,,ALFREDO ALVES CAVALCANTE,FEDERAÇÃO BRASIL DA ESPERANÇA - FE BRASIL,,82334,,Válido,Suplente,04/10/2026 - 22:58:07
DEPUTADO FEDERAL,1002,,MARCO ANTONIO SCARASATI VINHOLI,REPUBLICANOS,REPUBLICANOS,81445,,Válido,Suplente,04/10/2026 - 22:58:07
DEPUTADO FEDERAL,5588,,VINICIUS MARCHESE MARINELLI,PARTIDO SOCIAL DEMOCRÁTICO,PSD,80295,,Válido,Suplente,04/10/2026 - 22:58:07
DEPUTADO FEDERAL,1368,,JOSE DIRCEU DE OLIVEIRA E SILVA,FEDERAÇÃO BRASIL DA ESPERANÇA - FE BRASIL,,78450,,Válido,Suplente,04/10/2026 - 22:58:07
DEPUTADO FEDERAL,6565,,ORLANDO SILVA DE JESUS JUNIOR,FEDERAÇÃO BRASIL DA ESPERANÇA - FE BRASIL,,78098,,Válido,Suplente,04/10/2026 - 22:58:07
DEPUTADO FEDERAL,1580,,FABIO EDUARDO DE OLIVEIRA TERUEL,MOVIMENTO DEMOCRÁTICO BRASILEIRO,MDB,75251,,Válido,Suplente,04/10/2026 - 22:58:07
DEPUTADO FEDERAL,1319,,PEDRO TOURINHO DE SIQUEIRA,FEDERAÇÃO BRASIL DA ESPERANÇA - FE BRASIL,,73627,,Válido,Suplente,04/10/2026 - 22:58:07
DEPUTADO FEDERAL,4425,MILTON LEITE FILHO,MILTON LEITE DA SILVA FILHO,FEDERAÇÃO UNIÃO PROGRESSISTA,,71631,0.30,Válido,Eleito por QP,04/10/2026 - 22:58:07
DEPUTADO FEDERAL,1045,,ANDRÉ LUIZ SANTOS ESTEVES,REPUBLICANOS,REPUBLICANOS,71621,,Válido,Suplente,04/10/2026 - 22:58:07
DEPUTADO FEDERAL,1001,,TOME ABDUCH,REPUBLICANOS,REPUBLICANOS,71534,,Válido,Suplente,04/10/2026 - 22:58:07
DEPUTADO FEDERAL,3030,ADRIANA VENTURA,ADRIANA MIGUEL VENTURA,PARTIDO NOVO,NOVO,69083,0.29,Válido,Eleito por média,04/10/2026 - 22:58:07
DEPUTADO FEDERAL,1390,,VICENTE PAULO DA SILVA,FEDERAÇÃO BRASIL DA ESPERANÇA - FE BRASIL,,68549,,Válido,Suplente,04/10/2026 - 22:58:07
DEPUTADO FEDERAL,1055,,MILTON VIEIRA PINTO,REPUBLICANOS,REPUBLICANOS,68093,,Válido,Suplente,04/10/2026 - 22:58:07
DEPUTADO FEDERAL,2044,,FERNANDO JOSE DE SOUZA MARANGONI,PODEMOS,PODEMOS,67111,,Válido,Suplente,04/10/2026 - 22:58:07
DEPUTADO FEDERAL,2212,EDUARDO CURY,EDUARDO PEDROSA CURY,PARTIDO LIBERAL,PL,66860,0.28,Válido,Eleito por QP,04/10/2026 - 22:58:07
DEPUTADO FEDERAL,2278,WESLEY CEZAR LELINHO,WESLEY LEONARDO CEZAR,PARTIDO LIBERAL,PL,66673,0.28,Válido,Eleito por QP,04/10/2026 - 22:58:07
DEPUTADO FEDERAL,2040,,ANTONIO CARLOS RODRIGUES,PODEMOS,PODEMOS,66494,,Válido,Suplente,04/10/2026 - 22:58:07
DEPUTADO FEDERAL,2010,,BRUNO AREVALO GANEM,PODEMOS,PODEMOS,64221,,Válido,Suplente,04/10/2026 - 22:58:07
DEPUTADO FEDERAL,4400,,SANDRA APARECIDA DE SOUZA ALVES,FEDERAÇÃO UNIÃO PROGRESSISTA,,63745,,Válido,Suplente,04/10/2026 - 22:58:07
DEPUTADO FEDERAL,2220,GIL DINIZ,GILDEVANIO ILSO DOS SANTOS DINIZ,PARTIDO LIBERAL,PL,63398,0.27,Válido,Eleito por QP,04/10/2026 - 22:58:07
DEPUTADO FEDERAL,2030,,DAVID BEZERRA RIBEIRO SOARES,PODEMOS,PODEMOS,61366,,Válido,Suplente,04/10/2026 - 22:58:07
DEPUTADO FEDERAL,5522,,GUSTAVO HENRIC COSTA,PARTIDO SOCIAL DEMOCRÁTICO,PSD,60938,,Válido,Suplente,04/10/2026 - 22:58:07
DEPUTADO FEDERAL,2223,,ANTONIO CEZAR CORREIA FREIRE,PARTIDO LIBERAL,PL,60596,,Válido,Suplente,04/10/2026 - 22:58:07
DEPUTADO FEDERAL,5525,,BARJAS NEGRI,PARTIDO SOCIAL DEMOCRÁTICO,PSD,60101,,Válido,Suplente,04/10/2026 - 22:58:07
DEPUTADO FEDERAL,2206,,BARBARA HANNELORE DA SILVA MENDES,PARTIDO LIBERAL,PL,58518,,Válido,Suplente,04/10/2026 - 22:58:07
DEPUTADO FEDERAL,1067,,RAÍ STEIN SCIASCIO,REPUBLICANOS,REPUBLICANOS,55707,,Válido,Suplente,04/10/2026 - 22:58:07
DEPUTADO FEDERAL,1099,,ROBERTO ALVES DE LUCENA,REPUBLICANOS,REPUBLICANOS,54972,,Válido,Suplente,04/10/2026 - 22:58:07
DEPUTADO FEDERAL,2525,EDINHO ARAUJO,EDSON EDINHO COELHO ARAUJO,FEDERAÇÃO RENOVAÇÃO SOLIDÁRIA,,54443,0.23,Válido,Eleito por QP,04/10/2026 - 22:58:07
DEPUTADO FEDERAL,5088,SÔNIA GUAJAJARA,SÔNIA BONE DE SOUSA SILVA,FEDERAÇÃO PSOL REDE,,54207,0.23,Válido,Eleito por QP,04/10/2026 - 22:58:07
DEPUTADO FEDERAL,2019,,RIBAMAR ANTONIO DA SILVA,PODEMOS,PODEMOS,52909,,Válido,Suplente,04/10/2026 - 22:58:07
DEPUTADO FEDERAL,4411,,FAUSTO RUY PINATO,FEDERAÇÃO UNIÃO PROGRESSISTA,,52720,,Válido,Suplente,04/10/2026 - 22:58:07
DEPUTADO FEDERAL,2241,,JOSE OLIMPIO SILVEIRA MORAES,PARTIDO LIBERAL,PL,52030,,Válido,Suplente,04/10/2026 - 22:58:07
DEPUTADO FEDERAL,4424,,CAMILA SOUZA CARDOSO,FEDERAÇÃO UNIÃO PROGRESSISTA,,51825,,Válido,Suplente,04/10/2026 - 22:58:07
DEPUTADO FEDERAL,2033,,DANILO ERRERIA CORTEZ DE SOUZA,PODEMOS,PODEMOS,51807,,Válido,Suplente,04/10/2026 - 22:58:07
DEPUTADO FEDERAL,1400,,ANA CAROLINA HERING,PARTIDO MISSÃO,MISSÃO,51768,,Válido,Suplente,04/10/2026 - 22:58:07
DEPUTADO FEDERAL,4010,,JOSE LUIZ DATENA,PARTIDO SOCIALISTA BRASILEIRO,PSB,51078,,Válido,Suplente,04/10/2026 - 22:58:07
DEPUTADO FEDERAL,1526,,RICHARD RASMUSSEN,MOVIMENTO DEMOCRÁTICO BRASILEIRO,MDB,50968,,Válido,Suplente,04/10/2026 - 22:58:07
DEPUTADO FEDERAL,3003,,LUIZ EDUARDO PENTEADO BORGO,PARTIDO NOVO,NOVO,48345,,Válido,Suplente,04/10/2026 - 22:58:07
DEPUTADO FEDERAL,5553,,ELIEL MIRANDA,PARTIDO SOCIAL DEMOCRÁTICO,PSD,48096,,Válido,Suplente,04/10/2026 - 22:58:07
DEPUTADO FEDERAL,4044,,MARINA MEDEIROS HELOU,PARTIDO SOCIALISTA BRASILEIRO,PSB,47154,,Válido,Suplente,04/10/2026 - 22:58:07
DEPUTADO FEDERAL,1133,,VICTOR AUGUSTO RUIZ DOMINGUES,FEDERAÇÃO UNIÃO PROGRESSISTA,,46804,,Válido,Suplente,04/10/2026 - 22:58:07
DEPUTADO FEDERAL,1150,,JANAINA CONCEICAO PASCHOAL,FEDERAÇÃO UNIÃO PROGRESSISTA,,46773,,Válido,Suplente,04/10/2026 - 22:58:07
DEPUTADO FEDERAL,1373,,NABIL GEORGES BONDUKI,FEDERAÇÃO BRASIL DA ESPERANÇA - FE BRASIL,,46075,,Válido,Suplente,04/10/2026 - 22:58:07
DEPUTADO FEDERAL,2251,,ADILSON BARROSO OLIVEIRA,PARTIDO LIBERAL,PL,45953,,Válido,Suplente,04/10/2026 - 22:58:07
DEPUTADO FEDERAL,5510,,RODRIGO KEIDEL SPADA,PARTIDO SOCIAL DEMOCRÁTICO,PSD,45748,,Válido,Suplente,04/10/2026 - 22:58:07
DEPUTADO FEDERAL,4004,,ANDREA WERNER SILVA BONOLI,PARTIDO SOCIALISTA BRASILEIRO,PSB,45627,,Válido,Suplente,04/10/2026 - 22:58:07
DEPUTADO FEDERAL,2022,,GILBERTO NASCIMENTO SILVA,PODEMOS,PODEMOS,43977,,Válido,Suplente,04/10/2026 - 22:58:07
DEPUTADO FEDERAL,1199,,VITÓRIA ARAUJO DE SOUZA,FEDERAÇÃO UNIÃO PROGRESSISTA,,43643,,Válido,Suplente,04/10/2026 - 22:58:07
DEPUTADO FEDERAL,7777,,ALEXANDRE PEREIRA DA SILVA,FEDERAÇÃO RENOVAÇÃO SOLIDÁRIA,,43196,,Válido,Suplente,04/10/2026 - 22:58:07
DEPUTADO FEDERAL,2221,,NISE HITOMI YAMAGUCHI,PARTIDO LIBERAL,PL,42758,,Válido,Suplente,04/10/2026 - 22:58:07
DEPUTADO FEDERAL,5545,,ANTONIO DUARTE NOGUEIRA JUNIOR,PARTIDO SOCIAL DEMOCRÁTICO,PSD,42711,,Válido,Suplente,04/10/2026 - 22:58:07
DEPUTADO FEDERAL,4455,,RUBENS ALBERTO GATTI NUNES,FEDERAÇÃO UNIÃO PROGRESSISTA,,41883,,Válido,Suplente,04/10/2026 - 22:58:07
DEPUTADO FEDERAL,1477,,AUGUSTO ZACARIAS CORRÊA LEITE,PARTIDO MISSÃO,MISSÃO,41423,,Válido,Suplente,04/10/2026 - 22:58:07
DEPUTADO FEDERAL,4456,,ALINE CARBALLO TEIXEIRA,FEDERAÇÃO UNIÃO PROGRESSISTA,,40614,,Válido,Suplente,04/10/2026 - 22:58:07
DEPUTADO FEDERAL,3011,,CRISTINA PEREIRA MONTEIRO,PARTIDO NOVO,NOVO,40404,,Válido,Suplente,04/10/2026 - 22:58:07
DEPUTADO FEDERAL,1122,,DAVI AMORIM DE OLIVEIRA,FEDERAÇÃO UNIÃO PROGRESSISTA,,40088,,Válido,Suplente,04/10/2026 - 22:58:07
DEPUTADO FEDERAL,2015,,PAULO ROMEIRO DE ALMEIDA SOARES,PODEMOS,PODEMOS,39794,,Válido,Suplente,04/10/2026 - 22:58:07
DEPUTADO FEDERAL,1323,,MARCIA APARECIDA OVEJANEDA LIA,FEDERAÇÃO BRASIL DA ESPERANÇA - FE BRASIL,,39462,,Válido,Suplente,04/10/2026 - 22:58:07
DEPUTADO FEDERAL,1088,,ALBERT HENRIQUE NEVES,REPUBLICANOS,REPUBLICANOS,37970,,Válido,Suplente,04/10/2026 - 22:58:07
DEPUTADO FEDERAL,4412,,ELTON ALVES RIBEIRO DE CARVALHO JUNIOR,FEDERAÇÃO UNIÃO PROGRESSISTA,,37432,,Válido,Suplente,04/10/2026 - 22:58:07
DEPUTADO FEDERAL,1070,,JOSÉ SIQUEIRA BARROS JUNIOR,REPUBLICANOS,REPUBLICANOS,37050,,Válido,Suplente,04/10/2026 - 22:58:07
DEPUTADO FEDERAL,1540,,DENIS EDUARDO ANDIA,MOVIMENTO DEMOCRÁTICO BRASILEIRO,MDB,35952,,Válido,Suplente,04/10/2026 - 22:58:07
DEPUTADO FEDERAL,4477,,ADRIANO ELI CORREA,FEDERAÇÃO UNIÃO PROGRESSISTA,,34722,,Válido,Suplente,04/10/2026 - 22:58:07
DEPUTADO FEDERAL,2201,,JOSE FRANCIMARIO VIEIRA DE MACEDO,PARTIDO LIBERAL,PL,34660,,Válido,Suplente,04/10/2026 - 22:58:07
DEPUTADO FEDERAL,7727,,ELOI ALFREDO PIETA,FEDERAÇÃO RENOVAÇÃO SOLIDÁRIA,,32966,,Válido,Suplente,04/10/2026 - 22:58:07
DEPUTADO FEDERAL,5599,,WALTER SHINDI IIHOSHI,PARTIDO SOCIAL DEMOCRÁTICO,PSD,32336,,Válido,Suplente,04/10/2026 - 22:58:07
DEPUTADO FEDERAL,3033,,MARCO AURÉLIO MARTINS DE SOUSA,PARTIDO NOVO,NOVO,32160,,Válido,Suplente,04/10/2026 - 22:58:07
DEPUTADO FEDERAL,1566,,MARCO ANTONIO VILLA,MOVIMENTO DEMOCRÁTICO BRASILEIRO,MDB,31579,,Válido,Suplente,04/10/2026 - 22:58:07
DEPUTADO FEDERAL,2209,,ROGÉRIO APARECIDO MARTINS,PARTIDO LIBERAL,PL,31558,,Válido,Suplente,04/10/2026 - 22:58:07
DEPUTADO FEDERAL,1177,,MARCOS DAS NEVES PALUMBO,FEDERAÇÃO UNIÃO PROGRESSISTA,,31270,,Válido,Suplente,04/10/2026 - 22:58:07
DEPUTADO FEDERAL,5055,,RAUL MARCELO DE SOUZA,FEDERAÇÃO PSOL REDE,,30119,,Válido,Suplente,04/10/2026 - 22:58:07
DEPUTADO FEDERAL,7000,,HAGARA ESPRESOLA RAMOS,AVANTE,AVANTE,29028,,Válido,Não eleito,04/10/2026 - 22:58:07
DEPUTADO FEDERAL,5550,,CASSIO DE CASTRO NAVARRO,PARTIDO SOCIAL DEMOCRÁTICO,PSD,28950,,Válido,Suplente,04/10/2026 - 22:58:07
DEPUTADO FEDERAL,2288,,DIMAS MECCA SAMPAIO,PARTIDO LIBERAL,PL,28941,,Válido,Suplente,04/10/2026 - 22:58:07
DEPUTADO FEDERAL,5566,,OTAVIO AUGUSTO GIANTOMASSI GOMES,PARTIDO SOCIAL DEMOCRÁTICO,PSD,28868,,Válido,Suplente,04/10/2026 - 22:58:07
DEPUTADO FEDERAL,1510,,RENATA LEMES DE PAIVA MENDES DA COSTA,MOVIMENTO DEMOCRÁTICO BRASILEIRO,MDB,28609,,Válido,Suplente,04/10/2026 - 22:58:07
DEPUTADO FEDERAL,1535,,ÍCARO LOPES MORALES,MOVIMENTO DEMOCRÁTICO BRASILEIRO,MDB,27726,,Válido,Suplente,04/10/2026 - 22:58:07
DEPUTADO FEDERAL,4433,,ELLEN CAMILA DE SOUZA MARTINELLI,FEDERAÇÃO UNIÃO PROGRESSISTA,,27591,,Válido,Suplente,04/10/2026 - 22:58:07
DEPUTADO FEDERAL,4401,,ADRILLES REIS JORGE,FEDERAÇÃO UNIÃO PROGRESSISTA,,26694,,Válido,Suplente,04/10/2026 - 22:58:07
DEPUTADO FEDERAL,2034,,DOUGLAS DE PAULO VIEGAS,PODEMOS,PODEMOS,26579,,Válido,Suplente,04/10/2026 - 22:58:07
DEPUTADO FEDERAL,4422,,CARLOS ALBERTO DA CUNHA,FEDERAÇÃO UNIÃO PROGRESSISTA,,26497,,Válido,Suplente,04/10/2026 - 22:58:07
DEPUTADO FEDERAL,7070,,SILVIO ANDREI RODRIGUES,AVANTE,AVANTE,26409,,Válido,Não eleito,04/10/2026 - 22:58:07
DEPUTADO FEDERAL,4407,,MARINA DE SIQUEIRA PASSADORE,FEDERAÇÃO UNIÃO PROGRESSISTA,,26290,,Válido,Suplente,04/10/2026 - 22:58:07
DEPUTADO FEDERAL,1112,,ALESSANDRA VIEIRA DE CAMARGO TELES,FEDERAÇÃO UNIÃO PROGRESSISTA,,26271,,Válido,Suplente,04/10/2026 - 22:58:07
DEPUTADO FEDERAL,3022,,PEDRO BRUNO DE BARROS PONCIO,PARTIDO NOVO,NOVO,25957,,Válido,Suplente,04/10/2026 - 22:58:07
DEPUTADO FEDERAL,5050,,JULIANO MEDEIROS,FEDERAÇÃO PSOL REDE,,25908,,Válido,Suplente,04/10/2026 - 22:58:07
DEPUTADO FEDERAL,2205,,ZOE MARIA FERNANDEZ MARTINEZ,PARTIDO LIBERAL,PL,25356,,Válido,Suplente,04/10/2026 - 22:58:07
DEPUTADO FEDERAL,2511,,RAPHAEL VITIELLO SILVA,FEDERAÇÃO RENOVAÇÃO SOLIDÁRIA,,24914,,Válido,Suplente,04/10/2026 - 22:58:07
DEPUTADO FEDERAL,1234,,RAPHAEL APARECIDO DE OLIVEIRA,PARTIDO DEMOCRÁTICO TRABALHISTA,PDT,24486,,Válido,Não eleito,04/10/2026 - 22:58:07
DEPUTADO FEDERAL,2292,,FELIPE SANCHES SILVA,PARTIDO LIBERAL,PL,24355,,Válido,Suplente,04/10/2026 - 22:58:07
DEPUTADO FEDERAL,2228,,KLEBER RIBEIRO GALVÃO DE SOUZA,PARTIDO LIBERAL,PL,24352,,Válido,Suplente,04/10/2026 - 22:58:07
DEPUTADO FEDERAL,2275,,SOPHIA BARCLAY GOMES CLAUDINO,PARTIDO LIBERAL,PL,24285,,Válido,Suplente,04/10/2026 - 22:58:07
DEPUTADO FEDERAL,4007,,SHEYLLI CALEFFI,PARTIDO SOCIALISTA BRASILEIRO,PSB,23725,,Válido,Suplente,04/10/2026 - 22:58:07
DEPUTADO FEDERAL,2001,,PAULO SERGIO ABOU ANNI,PODEMOS,PODEMOS,23562,,Válido,Suplente,04/10/2026 - 22:58:07
DEPUTADO FEDERAL,1311,,MARCOS MONTANI CASEIRO,FEDERAÇÃO BRASIL DA ESPERANÇA - FE BRASIL,,23458,,Válido,Suplente,04/10/2026 - 22:58:07
DEPUTADO FEDERAL,2500,,JOSE GUILHERME NEGRAO PEIXOTO,FEDERAÇÃO RENOVAÇÃO SOLIDÁRIA,,23035,,Válido,Suplente,04/10/2026 - 22:58:07
DEPUTADO FEDERAL,2210,,RITA LUZIA ZAMBELLI SALGADO,PARTIDO LIBERAL,PL,22720,,Válido,Suplente,04/10/2026 - 22:58:07
DEPUTADO FEDERAL,5590,,SILVIA ABRAVANEL DE MOURA,PARTIDO SOCIAL DEMOCRÁTICO,PSD,22472,,Válido,Suplente,04/10/2026 - 22:58:07
DEPUTADO FEDERAL,5560,,RACHEL SHEHERAZADE BARBOSA,PARTIDO SOCIAL DEMOCRÁTICO,PSD,22453,,Válido,Suplente,04/10/2026 - 22:58:07
DEPUTADO FEDERAL,4567,,LEONARDO ALVES DE CASTRO,FEDERAÇÃO PSDB CIDADANIA,,22072,,Válido,Suplente,04/10/2026 - 22:58:07
DEPUTADO FEDERAL,2230,,PEDRO SOTERO DE ALBUQUERQUE,PARTIDO LIBERAL,PL,21973,,Válido,Suplente,04/10/2026 - 22:58:07
DEPUTADO FEDERAL,1320,,MARGARIDA DA SILVA CALIXTO,FEDERAÇÃO BRASIL DA ESPERANÇA - FE BRASIL,,21559,,Válido,Suplente,04/10/2026 - 22:58:07
DEPUTADO FEDERAL,1888,,THIAGO DE ÁVILA E SILVA OLIVEIRA,FEDERAÇÃO PSOL REDE,,21423,,Válido,Suplente,04/10/2026 - 22:58:07
DEPUTADO FEDERAL,2202,,KELMON LUÍS DA SILVA SOUZA,PARTIDO LIBERAL,PL,21411,,Válido,Suplente,04/10/2026 - 22:58:07
DEPUTADO FEDERAL,2090,,CAIO CESAR MACHADO DA CUNHA,PODEMOS,PODEMOS,21093,,Válido,Suplente,04/10/2026 - 22:58:07
DEPUTADO FEDERAL,4444,,TÁSSIO RENAM SOUZA BOTELHO,FEDERAÇÃO UNIÃO PROGRESSISTA,,20439,,Válido,Suplente,04/10/2026 - 22:58:07
DEPUTADO FEDERAL,7090,,LUIZ PAULO MADALHANO MAGALHÃES,AVANTE,AVANTE,20007,,Válido,Não eleito,04/10/2026 - 22:58:07
DEPUTADO FEDERAL,7712,,LORENY MAYARA CAETANO ROBERTO,FEDERAÇÃO RENOVAÇÃO SOLIDÁRIA,,19404,,Válido,Suplente,04/10/2026 - 22:58:07
DEPUTADO FEDERAL,1501,,JOSÉ DE PAULA NETO,MOVIMENTO DEMOCRÁTICO BRASILEIRO,MDB,19337,,Válido,Suplente,04/10/2026 - 22:58:07
DEPUTADO FEDERAL,1537,,FLAVIO AUGUSTO DA SILVA,MOVIMENTO DEMOCRÁTICO BRASILEIRO,MDB,19221,,Válido,Suplente,04/10/2026 - 22:58:07
DEPUTADO FEDERAL,1534,,CYNTHIA DIAS MILHIM FERREIRA,MOVIMENTO DEMOCRÁTICO BRASILEIRO,MDB,19048,,Válido,Suplente,04/10/2026 - 22:58:07
DEPUTADO FEDERAL,5577,,MARCUS AUGUSTIN SOLIVA,PARTIDO SOCIAL DEMOCRÁTICO,PSD,18962,,Válido,Suplente,04/10/2026 - 22:58:07
DEPUTADO FEDERAL,1012,,VIVIANE MARCELE DE AQUINO,REPUBLICANOS,REPUBLICANOS,18760,,Válido,Suplente,04/10/2026 - 22:58:07
DEPUTADO FEDERAL,4015,,RODRIGO ANTONIO DE AGOSTINHO MENDONÇA,PARTIDO SOCIALISTA BRASILEIRO,PSB,18461,,Válido,Suplente,04/10/2026 - 22:58:07
DEPUTADO FEDERAL,1350,,JEAN WYLLYS DE MATOS SANTOS,FEDERAÇÃO BRASIL DA ESPERANÇA - FE BRASIL,,18073,,Válido,Suplente,04/10/2026 - 22:58:07
DEPUTADO FEDERAL,2232,,FRANCISCA MANOELA T M DA FONSECA NEVOEIRO,PARTIDO LIBERAL,PL,17734,,Válido,Suplente,04/10/2026 - 22:58:07
DEPUTADO FEDERAL,3012,,FELIPE OSCAR LEMES DA ROSA,PARTIDO NOVO,NOVO,17657,,Válido,Suplente,04/10/2026 - 22:58:07
DEPUTADO FEDERAL,4012,,ELISEU GABRIEL DE PIERI,PARTIDO SOCIALISTA BRASILEIRO,PSB,17203,,Válido,Suplente,04/10/2026 - 22:58:07
DEPUTADO FEDERAL,1021,,JOSE CARLOS VAZ DE LIMA,REPUBLICANOS,REPUBLICANOS,17176,,Válido,Suplente,04/10/2026 - 22:58:07
DEPUTADO FEDERAL,1300,,GREGORY FRANÇA NARESSI,FEDERAÇÃO BRASIL DA ESPERANÇA - FE BRASIL,,16991,,Válido,Suplente,04/10/2026 - 22:58:07
DEPUTADO FEDERAL,1050,,FLAVIO MARTINS ALVES NUNES JUNIOR,REPUBLICANOS,REPUBLICANOS,16570,,Válido,Suplente,04/10/2026 - 22:58:07
DEPUTADO FEDERAL,2290,,TATIANE COSTA DOS SANTOS,PARTIDO LIBERAL,PL,16494,,Válido,Suplente,04/10/2026 - 22:58:07
DEPUTADO FEDERAL,1520,,MARCELO NANINI FRANCI,MOVIMENTO DEMOCRÁTICO BRASILEIRO,MDB,15992,,Válido,Suplente,04/10/2026 - 22:58:07
DEPUTADO FEDERAL,4441,,JOAO BATISTA ROCHA,FEDERAÇÃO UNIÃO PROGRESSISTA,,15623,,Válido,Suplente,04/10/2026 - 22:58:07
DEPUTADO FEDERAL,3050,,CHRISTIAN LOHBAUER,PARTIDO NOVO,NOVO,15553,,Válido,Suplente,04/10/2026 - 22:58:07
DEPUTADO FEDERAL,4404,,SILVIO NAVARRO PEREJON JUNIOR,FEDERAÇÃO UNIÃO PROGRESSISTA,,15399,,Válido,Suplente,04/10/2026 - 22:58:07
DEPUTADO FEDERAL,1211,,EDUARDO MASCARENHAS AGUIAR,PARTIDO DEMOCRÁTICO TRABALHISTA,PDT,15382,,Válido,Não eleito,04/10/2026 - 22:58:07
DEPUTADO FEDERAL,5511,,JULIANA MOREIRA LEITE,PARTIDO SOCIAL DEMOCRÁTICO,PSD,15293,,Válido,Suplente,04/10/2026 - 22:58:07
DEPUTADO FEDERAL,7008,,ALEXANDRE COBRA CYRINO NICOLIELLO VÊNCIO,AVANTE,AVANTE,15220,,Válido,Não eleito,04/10/2026 - 22:58:07
DEPUTADO FEDERAL,1511,,GLEDSON DOUGLAS SIQUEIRA CAVALCANTE,MOVIMENTO DEMOCRÁTICO BRASILEIRO,MDB,15054,,Válido,Suplente,04/10/2026 - 22:58:07
DEPUTADO FEDERAL,4500,,FELIPE AUGUSTO,FEDERAÇÃO PSDB CIDADANIA,,14994,,Válido,Suplente,04/10/2026 - 22:58:07
DEPUTADO FEDERAL,1114,,ANDRE LUIZ DE PAULA MALDONADO,FEDERAÇÃO UNIÃO PROGRESSISTA,,14956,,Válido,Suplente,04/10/2026 - 22:58:07
DEPUTADO FEDERAL,5556,,LUIZ ALFREDO CASTRO RUZZA DALBEN,PARTIDO SOCIAL DEMOCRÁTICO,PSD,14545,,Válido,Suplente,04/10/2026 - 22:58:07
DEPUTADO FEDERAL,2204,,DIOGO PEREIRA FORJAZ,PARTIDO LIBERAL,PL,14242,,Válido,Suplente,04/10/2026 - 22:58:07
DEPUTADO FEDERAL,2240,,KATIA DA SILVA SASTRE,PARTIDO LIBERAL,PL,14201,,Válido,Suplente,04/10/2026 - 22:58:07
DEPUTADO FEDERAL,2322,,RAUL APARECIDO GONCALVES PAULA,FEDERAÇÃO PSDB CIDADANIA,,14199,,Válido,Suplente,04/10/2026 - 22:58:07
DEPUTADO FEDERAL,2226,,LUIZ HENRIQUE WATANABE,PARTIDO LIBERAL,PL,14052,,Válido,Suplente,04/10/2026 - 22:58:07
DEPUTADO FEDERAL,1140,,CRISTIANO MOREIRA PINTO BERALDO,FEDERAÇÃO UNIÃO PROGRESSISTA,,13858,,Válido,Suplente,04/10/2026 - 22:58:07
DEPUTADO FEDERAL,2250,,VITOR LEONARDO SANTOS VARCILIO,PARTIDO LIBERAL,PL,13843,,Válido,Suplente,04/10/2026 - 22:58:07
DEPUTADO FEDERAL,1586,,RENAN PESSOA DA CRUZ,MOVIMENTO DEMOCRÁTICO BRASILEIRO,MDB,13676,,Válido,Suplente,04/10/2026 - 22:58:07
DEPUTADO FEDERAL,1020,,JOAO CARLOS GALASSI,REPUBLICANOS,REPUBLICANOS,13123,,Válido,Suplente,04/10/2026 - 22:58:07
DEPUTADO FEDERAL,5565,,DANIEL HENRIQUE SILVA BASSI,PARTIDO SOCIAL DEMOCRÁTICO,PSD,12799,,Válido,Suplente,04/10/2026 - 22:58:07
DEPUTADO FEDERAL,2285,,VINICIUS RAPOZO DE CARVALHO,PARTIDO LIBERAL,PL,12773,,Válido,Suplente,04/10/2026 - 22:58:07
DEPUTADO FEDERAL,3000,,ALEXIS JOSEPH STEVERLYNCK FONTEYNE,PARTIDO NOVO,NOVO,12627,,Válido,Suplente,04/10/2026 - 22:58:07
DEPUTADO FEDERAL,4423,,ALLAN MIRANDA,FEDERAÇÃO UNIÃO PROGRESSISTA,,12572,,Válido,Suplente,04/10/2026 - 22:58:07
DEPUTADO FEDERAL,2203,,VITORIA REIS SILVA,PARTIDO LIBERAL,PL,12455,,Válido,Suplente,04/10/2026 - 22:58:07
DEPUTADO FEDERAL,4415,,SERGIO JOSE DIAS PACHECO JUNIOR,FEDERAÇÃO UNIÃO PROGRESSISTA,,12138,,Válido,Suplente,04/10/2026 - 22:58:07
DEPUTADO FEDERAL,1308,,DOUGLAS MARTINS IZZO,FEDERAÇÃO BRASIL DA ESPERANÇA - FE BRASIL,,12115,,Válido,Suplente,04/10/2026 - 22:58:07
DEPUTADO FEDERAL,2522,,MARCIO TADEU ANHAIA DE LEMOS,FEDERAÇÃO RENOVAÇÃO SOLIDÁRIA,,12106,,Válido,Suplente,04/10/2026 - 22:58:07
DEPUTADO FEDERAL,2045,,ANDERSON DOS SANTOS MARTINS DE SOUZA,PODEMOS,PODEMOS,11826,,Válido,Suplente,04/10/2026 - 22:58:07
DEPUTADO FEDERAL,1318,,RAQUEL AUXILIADORA DOS SANTOS,FEDERAÇÃO BRASIL DA ESPERANÇA - FE BRASIL,,11732,,Válido,Suplente,04/10/2026 - 22:58:07
DEPUTADO FEDERAL,4077,,RICARDO MAGNUS OSORIO GALVÃO,PARTIDO SOCIALISTA BRASILEIRO,PSB,11729,,Válido,Suplente,04/10/2026 - 22:58:07
DEPUTADO FEDERAL,2520,,SÉRGIO DI PACE DI NIZO,FEDERAÇÃO RENOVAÇÃO SOLIDÁRIA,,11396,,Válido,Suplente,04/10/2026 - 22:58:07
DEPUTADO FEDERAL,2066,,MOACIR COVA,PODEMOS,PODEMOS,11312,,Válido,Suplente,04/10/2026 - 22:58:07
DEPUTADO FEDERAL,7799,,PAULO JOSE DA SILVA JUNIOR,FEDERAÇÃO RENOVAÇÃO SOLIDÁRIA,,11278,,Válido,Suplente,04/10/2026 - 22:58:07
DEPUTADO FEDERAL,4050,,GILSON DE SOUZA,PARTIDO SOCIALISTA BRASILEIRO,PSB,11262,,Válido,Suplente,04/10/2026 - 22:58:07
DEPUTADO FEDERAL,5580,,SILVIO EDUARDO CONEGLIAM PECCIOLI,PARTIDO SOCIAL DEMOCRÁTICO,PSD,11202,,Válido,Suplente,04/10/2026 - 22:58:07
DEPUTADO FEDERAL,1017,,BRUNO RAFAEL MARQUES ZANCHETA,REPUBLICANOS,REPUBLICANOS,11090,,Válido,Suplente,04/10/2026 - 22:58:07
DEPUTADO FEDERAL,2004,,DEYCON FRANCISCO DA SILVA,PODEMOS,PODEMOS,11050,,Válido,Suplente,04/10/2026 - 22:58:07
DEPUTADO FEDERAL,7717,,PAULO AURELIO BIANCHINI,FEDERAÇÃO RENOVAÇÃO SOLIDÁRIA,,10972,,Válido,Suplente,04/10/2026 - 22:58:07
DEPUTADO FEDERAL,1312,,ALEX SANDRO GOMES,FEDERAÇÃO BRASIL DA ESPERANÇA - FE BRASIL,,10733,,Válido,Suplente,04/10/2026 - 22:58:07
DEPUTADO FEDERAL,1310,,EMANUELA OLIVEIRA DE ALMEIDA BARROS,FEDERAÇÃO BRASIL DA ESPERANÇA - FE BRASIL,,10694,,Válido,Suplente,04/10/2026 - 22:58:07
DEPUTADO FEDERAL,2533,,ROBERTO DA PENHA RAMOS,FEDERAÇÃO RENOVAÇÃO SOLIDÁRIA,,10660,,Válido,Suplente,04/10/2026 - 22:58:07
DEPUTADO FEDERAL,1244,,LEANDRO JOSÉ PINTO,PARTIDO DEMOCRÁTICO TRABALHISTA,PDT,10646,,Válido,Não eleito,04/10/2026 - 22:58:07
DEPUTADO FEDERAL,1119,,MARCELO DUCHOVNI SILVA,FEDERAÇÃO UNIÃO PROGRESSISTA,,10628,,Válido,Suplente,04/10/2026 - 22:58:07
DEPUTADO FEDERAL,3020,,ANTONIO CARLOS ALBINO,PARTIDO NOVO,NOVO,10539,,Válido,Suplente,04/10/2026 - 22:58:07
DEPUTADO FEDERAL,2215,,JULIANA ZACARIAS FABRE TEBALDI,PARTIDO LIBERAL,PL,10511,,Válido,Suplente,04/10/2026 - 22:58:07
DEPUTADO FEDERAL,1377,,RUTH LOPES COSTA,FEDERAÇÃO BRASIL DA ESPERANÇA - FE BRASIL,,10427,,Válido,Suplente,04/10/2026 - 22:58:07
DEPUTADO FEDERAL,7022,,ANDRE EDUARDO RIBEIRO,AVANTE,AVANTE,10327,,Válido,Não eleito,04/10/2026 - 22:58:07
DEPUTADO FEDERAL,7077,,GERALDO LUIS SACRAMENTO,AVANTE,AVANTE,10176,,Válido,Não eleito,04/10/2026 - 22:58:07
DEPUTADO FEDERAL,3026,,CARLOS ALBERTO DE SOUZA,PARTIDO NOVO,NOVO,10073,,Válido,Suplente,04/10/2026 - 22:58:07
DEPUTADO FEDERAL,1032,,EDER ALBERTO RAMOS MAXIMO,REPUBLICANOS,REPUBLICANOS,10051,,Válido,Suplente,04/10/2026 - 22:58:07
DEPUTADO FEDERAL,4466,,JOÃO PEDRO REALE COLUCCI,FEDERAÇÃO UNIÃO PROGRESSISTA,,9974,,Válido,Suplente,04/10/2026 - 22:58:07
DEPUTADO FEDERAL,1508,,GUILHERME TORRIGO PALLESI,MOVIMENTO DEMOCRÁTICO BRASILEIRO,MDB,9916,,Válido,Suplente,04/10/2026 - 22:58:07
DEPUTADO FEDERAL,1060,,FLEITAS FIDELES MONTEIRO,REPUBLICANOS,REPUBLICANOS,9771,,Válido,Suplente,04/10/2026 - 22:58:07
DEPUTADO FEDERAL,7788,,REGINA NOEMIA GEROMEL COROCHEL,FEDERAÇÃO RENOVAÇÃO SOLIDÁRIA,,9696,,Válido,Suplente,04/10/2026 - 22:58:07
DEPUTADO FEDERAL,2032,,JEFFERSON SANTOS DA SILVA,PODEMOS,PODEMOS,9690,,Válido,Suplente,04/10/2026 - 22:58:07
DEPUTADO FEDERAL,1509,,LUIS FABIANO CLEMENTE,MOVIMENTO DEMOCRÁTICO BRASILEIRO,MDB,9613,,Válido,Suplente,04/10/2026 - 22:58:07
DEPUTADO FEDERAL,4022,,ALEX ROGERIO CAMARGO DE LACERDA,PARTIDO SOCIALISTA BRASILEIRO,PSB,9516,,Válido,Suplente,04/10/2026 - 22:58:07
DEPUTADO FEDERAL,1290,,TAMIR FELIPE BARCELAR E SANTOS,PARTIDO DEMOCRÁTICO TRABALHISTA,PDT,9438,,Válido,Não eleito,04/10/2026 - 22:58:07
DEPUTADO FEDERAL,1030,,MARCOS JULIANO FERREIRA,REPUBLICANOS,REPUBLICANOS,9421,,Válido,Suplente,04/10/2026 - 22:58:07
DEPUTADO FEDERAL,2252,,REGIS LEANDRO YASUMURA,PARTIDO LIBERAL,PL,9406,,Válido,Suplente,04/10/2026 - 22:58:07
DEPUTADO FEDERAL,1331,,ROSAURA APARECIDA DE ALMEIDA,FEDERAÇÃO BRASIL DA ESPERANÇA - FE BRASIL,,9351,,Válido,Suplente,04/10/2026 - 22:58:07
DEPUTADO FEDERAL,4343,,NANCY APARECIDA FERRUZZI THAME,FEDERAÇÃO BRASIL DA ESPERANÇA - FE BRASIL,,8932,,Válido,Suplente,04/10/2026 - 22:58:07
DEPUTADO FEDERAL,4333,,DANSTER FERNANDES RODRIGUES DE SOUZA,FEDERAÇÃO BRASIL DA ESPERANÇA - FE BRASIL,,8824,,Válido,Suplente,04/10/2026 - 22:58:07
DEPUTADO FEDERAL,4440,,ANA PAULA TAVARES DE OLIVEIRA GOFFI,FEDERAÇÃO UNIÃO PROGRESSISTA,,8770,,Válido,Suplente,04/10/2026 - 22:58:07
DEPUTADO FEDERAL,1117,,ESNAR DONIZETI RIBEIRO LUZ,FEDERAÇÃO UNIÃO PROGRESSISTA,,8751,,Válido,Suplente,04/10/2026 - 22:58:07
DEPUTADO FEDERAL,2282,,FELIPE AUGUSTO TEDESCHI LINTZ,PARTIDO LIBERAL,PL,8737,,Válido,Suplente,04/10/2026 - 22:58:07
DEPUTADO FEDERAL,4519,,LUIZ GUSTAVO DA SILVA ANTONIASSI,FEDERAÇÃO PSDB CIDADANIA,,8602,,Válido,Suplente,04/10/2026 - 22:58:07
DEPUTADO FEDERAL,1530,,RICARDO YOSHIO,MOVIMENTO DEMOCRÁTICO BRASILEIRO,MDB,8531,,Válido,Suplente,04/10/2026 - 22:58:07
DEPUTADO FEDERAL,2027,,CARLOS ALEXANDRE VIANNA SOARES,PODEMOS,PODEMOS,8457,,Válido,Suplente,04/10/2026 - 22:58:07
DEPUTADO FEDERAL,2057,,EDNA FLOR,PODEMOS,PODEMOS,8400,,Válido,Suplente,04/10/2026 - 22:58:07
DEPUTADO FEDERAL,2088,,GUILHERME BATISTA DA SILVA,PODEMOS,PODEMOS,8356,,Válido,Suplente,04/10/2026 - 22:58:07
DEPUTADO FEDERAL,5505,,ANA LÚCIA FERREIRA OLIVEIRA MEIRA,PARTIDO SOCIAL DEMOCRÁTICO,PSD,8332,,Válido,Suplente,04/10/2026 - 22:58:07
DEPUTADO FEDERAL,4001,,SAMUEL FERREIRA DOS SANTOS,PARTIDO SOCIALISTA BRASILEIRO,PSB,8309,,Válido,Suplente,04/10/2026 - 22:58:07
DEPUTADO FEDERAL,5582,,MARCO AURELIO SIMÃO RODRIGUES,PARTIDO SOCIAL DEMOCRÁTICO,PSD,8030,,Válido,Suplente,04/10/2026 - 22:58:07
DEPUTADO FEDERAL,5013,,FABIO JOSE RODRIGUES DE MELLO,FEDERAÇÃO PSOL REDE,,8011,,Válido,Suplente,04/10/2026 - 22:58:07
DEPUTADO FEDERAL,4025,,HERIVELTO DOS SANTOS MORAES,PARTIDO SOCIALISTA BRASILEIRO,PSB,7727,,Válido,Suplente,04/10/2026 - 22:58:07
DEPUTADO FEDERAL,7018,,APARECIDO SARAIVA DA ROCHA,AVANTE,AVANTE,7684,,Válido,Não eleito,04/10/2026 - 22:58:07
DEPUTADO FEDERAL,1545,,SERGIO JOSE TEIXEIRA,MOVIMENTO DEMOCRÁTICO BRASILEIRO,MDB,7629,,Válido,Suplente,04/10/2026 - 22:58:07
DEPUTADO FEDERAL,4096,,IOLANDA KEIKO MIASHIRO OTA,PARTIDO SOCIALISTA BRASILEIRO,PSB,7617,,Válido,Suplente,04/10/2026 - 22:58:07
DEPUTADO FEDERAL,7722,,PAULO ROBERTO DE CAMPOS,FEDERAÇÃO RENOVAÇÃO SOLIDÁRIA,,7601,,Válido,Suplente,04/10/2026 - 22:58:07
DEPUTADO FEDERAL,3040,,LUIZ RICARDO DE CAMARGO,PARTIDO NOVO,NOVO,7548,,Válido,Suplente,04/10/2026 - 22:58:07
DEPUTADO FEDERAL,4488,,JOSUÉ RAMALHO DA SILVA,FEDERAÇÃO UNIÃO PROGRESSISTA,,7452,,Válido,Suplente,04/10/2026 - 22:58:07
DEPUTADO FEDERAL,2260,,SERGIO DE MOURA CAVALCANTI,PARTIDO LIBERAL,PL,7415,,Válido,Suplente,04/10/2026 - 22:58:07
DEPUTADO FEDERAL,5544,,GUILHERME KAUE CASTANHEIRA ALVES,PARTIDO SOCIAL DEMOCRÁTICO,PSD,7378,,Válido,Suplente,04/10/2026 - 22:58:07
DEPUTADO FEDERAL,1363,,RAIMUNDA FERREIRA DE ALMEIDA,FEDERAÇÃO BRASIL DA ESPERANÇA - FE BRASIL,,7373,,Válido,Suplente,04/10/2026 - 22:58:07
DEPUTADO FEDERAL,7030,,MANOEL JARDIM GOMES,AVANTE,AVANTE,7239,,Válido,Não eleito,04/10/2026 - 22:58:07
DEPUTADO FEDERAL,1018,,BUGDAM ALVES NUNES,REPUBLICANOS,REPUBLICANOS,7153,,Válido,Suplente,04/10/2026 - 22:58:07
DEPUTADO FEDERAL,2070,,FRANCINETO LUZ DE AGUIAR,PODEMOS,PODEMOS,7146,,Válido,Suplente,04/10/2026 - 22:58:07
DEPUTADO FEDERAL,4064,,RENATO RAMOS DE SOUZA,PARTIDO SOCIALISTA BRASILEIRO,PSB,7073,,Válido,Suplente,04/10/2026 - 22:58:07
DEPUTADO FEDERAL,2009,,MARCELO JOSÉ ORTEGA,PODEMOS,PODEMOS,6947,,Válido,Suplente,04/10/2026 - 22:58:07
DEPUTADO FEDERAL,2750,,PEDRO LUIZ DE BERNARDE NETTO,DEMOCRACIA CRISTÃ,DC,6874,,Válido,Não eleito,04/10/2026 - 22:58:07
DEPUTADO FEDERAL,3004,,ANNA PAULA NASTRI FERNANDES NUNES,PARTIDO NOVO,NOVO,6872,,Válido,Suplente,04/10/2026 - 22:58:07
DEPUTADO FEDERAL,7007,,MERABE MUNIZ DINIZ CABRAL,AVANTE,AVANTE,6847,,Anulado sub judice,Não eleito,04/10/2026 - 22:58:07
DEPUTADO FEDERAL,1089,,GERICE REGO LIONE,REPUBLICANOS,REPUBLICANOS,6777,,Válido,Suplente,04/10/2026 - 22:58:07
DEPUTADO FEDERAL,1007,,VINICIUS SAUDINO DE MORAES,REPUBLICANOS,REPUBLICANOS,6728,,Válido,Suplente,04/10/2026 - 22:58:07
DEPUTADO FEDERAL,1015,,JUSSARA APARECIDA FERNANDES,REPUBLICANOS,REPUBLICANOS,6623,,Válido,Suplente,04/10/2026 - 22:58:07
DEPUTADO FEDERAL,4090,,LUCIANO HENRIQUE PARRA DA LUZ,PARTIDO SOCIALISTA BRASILEIRO,PSB,6601,,Válido,Suplente,04/10/2026 - 22:58:07
DEPUTADO FEDERAL,4043,,GEOVANNA QUESADA VILAR,PARTIDO SOCIALISTA BRASILEIRO,PSB,6573,,Válido,Suplente,04/10/2026 - 22:58:07
DEPUTADO FEDERAL,1559,,VALQUIRIA NASCIMENTO DOS SANTOS DONELLA,MOVIMENTO DEMOCRÁTICO BRASILEIRO,MDB,6570,,Válido,Suplente,04/10/2026 - 22:58:07
DEPUTADO FEDERAL,1208,,TIAGO ANTUNES DA LUZ NETO,PARTIDO DEMOCRÁTICO TRABALHISTA,PDT,6555,,Válido,Não eleito,04/10/2026 - 22:58:07
DEPUTADO FEDERAL,5517,,REGINA MAURA ZETONE GRESPAN,PARTIDO SOCIAL DEMOCRÁTICO,PSD,6555,,Válido,Suplente,04/10/2026 - 22:58:07
DEPUTADO FEDERAL,2017,,MIRELLE FABIANA TREVISAN,PODEMOS,PODEMOS,6505,,Válido,Suplente,04/10/2026 - 22:58:07
DEPUTADO FEDERAL,4070,,LUCIMEIRE APARECIDA DE ALMEIDA BARBOSA,PARTIDO SOCIALISTA BRASILEIRO,PSB,6279,,Válido,Suplente,04/10/2026 - 22:58:07
DEPUTADO FEDERAL,1130,,FERNANDO PASQUALINO,FEDERAÇÃO UNIÃO PROGRESSISTA,,6235,,Válido,Suplente,04/10/2026 - 22:58:07
DEPUTADO FEDERAL,2555,,ERICA CRISTINA ROCHA GORGA,FEDERAÇÃO RENOVAÇÃO SOLIDÁRIA,,6228,,Válido,Suplente,04/10/2026 - 22:58:07
DEPUTADO FEDERAL,1107,,FERNANDO RIBEIRO FERNANDES,FEDERAÇÃO UNIÃO PROGRESSISTA,,6175,,Válido,Suplente,04/10/2026 - 22:58:07
DEPUTADO FEDERAL,2248,,VANESSA STOCCO BOTAM,PARTIDO LIBERAL,PL,6077,,Válido,Suplente,04/10/2026 - 22:58:07
DEPUTADO FEDERAL,1090,,EDILAINE DANIEL CARVALHO,REPUBLICANOS,REPUBLICANOS,6057,,Anulado sub judice,Não eleito,04/10/2026 - 22:58:07
DEPUTADO FEDERAL,5575,,OTTO FABIO FLORES DE REZENDE,PARTIDO SOCIAL DEMOCRÁTICO,PSD,5925,,Válido,Suplente,04/10/2026 - 22:58:07
DEPUTADO FEDERAL,5022,,WILTON BORGES VIANA,FEDERAÇÃO PSOL REDE,,5923,,Válido,Suplente,04/10/2026 - 22:58:07
DEPUTADO FEDERAL,1222,,JOSÉ ROBERTO MENDONÇA,PARTIDO DEMOCRÁTICO TRABALHISTA,PDT,5904,,Válido,Não eleito,04/10/2026 - 22:58:07
DEPUTADO FEDERAL,4021,,LUIS CARLOS SOARES DE OLIVEIRA,PARTIDO SOCIALISTA BRASILEIRO,PSB,5894,,Válido,Suplente,04/10/2026 - 22:58:07
DEPUTADO FEDERAL,2256,,LAIR MOURA SALA MALAVILA JUSEVICIUS,PARTIDO LIBERAL,PL,5827,,Válido,Suplente,04/10/2026 - 22:58:07
DEPUTADO FEDERAL,5530,,KAROLINE BURUNSIZIAN MAGALHÃES,PARTIDO SOCIAL DEMOCRÁTICO,PSD,5768,,Válido,Suplente,04/10/2026 - 22:58:07
DEPUTADO FEDERAL,2235,,CARLOS ALBERTO GOMES,PARTIDO LIBERAL,PL,5736,,Válido,Suplente,04/10/2026 - 22:58:07
DEPUTADO FEDERAL,4344,,JEAN PEREIRA DE AZEVEDO DO CARMO,FEDERAÇÃO BRASIL DA ESPERANÇA - FE BRASIL,,5717,,Válido,Suplente,04/10/2026 - 22:58:07
DEPUTADO FEDERAL,2207,,CELIO JOSE DE MORAIS,PARTIDO LIBERAL,PL,5708,,Válido,Suplente,04/10/2026 - 22:58:07
DEPUTADO FEDERAL,1340,,WILLIAM VIEIRA DE GOES,FEDERAÇÃO BRASIL DA ESPERANÇA - FE BRASIL,,5636,,Válido,Suplente,04/10/2026 - 22:58:07
DEPUTADO FEDERAL,4042,,ERIK TORQUATO PINTO,PARTIDO SOCIALISTA BRASILEIRO,PSB,5636,,Válido,Suplente,04/10/2026 - 22:58:07
DEPUTADO FEDERAL,1219,,DANIEL MONTEIRO COSTA MUNDURUKU,PARTIDO DEMOCRÁTICO TRABALHISTA,PDT,5450,,Válido,Não eleito,04/10/2026 - 22:58:07
DEPUTADO FEDERAL,1137,,DONIZETI FLORENCIO DE LIMA,FEDERAÇÃO UNIÃO PROGRESSISTA,,5426,,Válido,Suplente,04/10/2026 - 22:58:07
DEPUTADO FEDERAL,4504,,MAYARA APARECIDA LOPES DE OLIVEIRA,FEDERAÇÃO PSDB CIDADANIA,,5421,,Válido,Suplente,04/10/2026 - 22:58:07
DEPUTADO FEDERAL,4450,,CARLOS EDUARDO RICATTO,FEDERAÇÃO UNIÃO PROGRESSISTA,,5406,,Válido,Suplente,04/10/2026 - 22:58:07
DEPUTADO FEDERAL,5532,,RODRIGO SALOMON BATISTA DE DOMINICIS,PARTIDO SOCIAL DEMOCRÁTICO,PSD,5379,,Válido,Suplente,04/10/2026 - 22:58:07
DEPUTADO FEDERAL,1200,,CLÁUDIA FERREIRA DI BONITO,PARTIDO DEMOCRÁTICO TRABALHISTA,PDT,5308,,Válido,Não eleito,04/10/2026 - 22:58:07
DEPUTADO FEDERAL,1367,,MARIANA NEGRI VIDOTTI AMORIM,FEDERAÇÃO BRASIL DA ESPERANÇA - FE BRASIL,,5287,,Válido,Suplente,04/10/2026 - 22:58:07
DEPUTADO FEDERAL,2530,,ZELINDA DRAGO ROCHA,FEDERAÇÃO RENOVAÇÃO SOLIDÁRIA,,5273,,Válido,Suplente,04/10/2026 - 22:58:07
DEPUTADO FEDERAL,1167,,RAFAEL FELIPE DEMARCHI,FEDERAÇÃO UNIÃO PROGRESSISTA,,5190,,Válido,Suplente,04/10/2026 - 22:58:07
DEPUTADO FEDERAL,7012,,LUIZ DE MOURA PEREIRA,AVANTE,AVANTE,5189,,Válido,Não eleito,04/10/2026 - 22:58:07
DEPUTADO FEDERAL,1422,,GABRIEL PIAUHY LIMA DA SILVA,PARTIDO MISSÃO,MISSÃO,5169,,Válido,Suplente,04/10/2026 - 22:58:07
DEPUTADO FEDERAL,1126,,CRISTIANO VECCHI CASTRO LOPES,FEDERAÇÃO UNIÃO PROGRESSISTA,,5139,,Válido,Suplente,04/10/2026 - 22:58:07
DEPUTADO FEDERAL,2087,,JOSE EDUARDO MONTEIRO MIRANDA,PODEMOS,PODEMOS,5125,,Válido,Suplente,04/10/2026 - 22:58:07
DEPUTADO FEDERAL,5077,,LUCIANA VANNI GATTI,FEDERAÇÃO PSOL REDE,,5096,,Válido,Suplente,04/10/2026 - 22:58:07
DEPUTADO FEDERAL,2261,,LEONORA DA SILVA PERICO,PARTIDO LIBERAL,PL,5089,,Válido,Suplente,04/10/2026 - 22:58:07
DEPUTADO FEDERAL,2013,,ADRIANA APARECIDA FELIX,PODEMOS,PODEMOS,5085,,Válido,Suplente,04/10/2026 - 22:58:07
DEPUTADO FEDERAL,7011,,TATIANE LOPES,AVANTE,AVANTE,5057,,Válido,Não eleito,04/10/2026 - 22:58:07
DEPUTADO FEDERAL,1077,,VALDIRENE APARECIDA DE MARCHIORI,REPUBLICANOS,REPUBLICANOS,5025,,Válido,Suplente,04/10/2026 - 22:58:07
DEPUTADO FEDERAL,4555,,SIDNEY SIQUEIRA CAMPOS FERNANDES RODRIGUES,FEDERAÇÃO PSDB CIDADANIA,,5008,,Válido,Suplente,04/10/2026 - 22:58:07
DEPUTADO FEDERAL,7078,,DANIEL AUGUSTO SILVA CURY,AVANTE,AVANTE,4994,,Válido,Não eleito,04/10/2026 - 22:58:07
DEPUTADO FEDERAL,7099,,SARA MARA DE PAULA,AVANTE,AVANTE,4994,,Válido,Não eleito,04/10/2026 - 22:58:07
DEPUTADO FEDERAL,4447,,ANDERSON MARCOS VIANA,FEDERAÇÃO UNIÃO PROGRESSISTA,,4981,,Válido,Suplente,04/10/2026 - 22:58:07
DEPUTADO FEDERAL,2588,,ANA PAULA CARVALHO BEATHALTER,FEDERAÇÃO RENOVAÇÃO SOLIDÁRIA,,4973,,Válido,Suplente,04/10/2026 - 22:58:07
DEPUTADO FEDERAL,1330,,MAYARA VIANA SUZUKI VAC,FEDERAÇÃO BRASIL DA ESPERANÇA - FE BRASIL,,4896,,Válido,Suplente,04/10/2026 - 22:58:07
DEPUTADO FEDERAL,4060,,YAGO DE OLIVEIRA TORRES PINTO,PARTIDO SOCIALISTA BRASILEIRO,PSB,4819,,Válido,Suplente,04/10/2026 - 22:58:07
DEPUTADO FEDERAL,2505,,CARLOS EDUARDO DE OLIVEIRA,FEDERAÇÃO RENOVAÇÃO SOLIDÁRIA,,4814,,Válido,Suplente,04/10/2026 - 22:58:07
DEPUTADO FEDERAL,2287,,MARTINHO CARLOS COLPANI FILHO,PARTIDO LIBERAL,PL,4804,,Válido,Suplente,04/10/2026 - 22:58:07
DEPUTADO FEDERAL,1599,,JEAN DORNELAS,MOVIMENTO DEMOCRÁTICO BRASILEIRO,MDB,4783,,Válido,Suplente,04/10/2026 - 22:58:07
DEPUTADO FEDERAL,4599,,GIRLENIO GOMES DE OLIVEIRA,FEDERAÇÃO PSDB CIDADANIA,,4772,,Válido,Suplente,04/10/2026 - 22:58:07
DEPUTADO FEDERAL,2526,,SERGIO DA SILVA TOBACE,FEDERAÇÃO RENOVAÇÃO SOLIDÁRIA,,4751,,Válido,Suplente,04/10/2026 - 22:58:07
DEPUTADO FEDERAL,2242,,MARCELO CARVALHO CRUZ,PARTIDO LIBERAL,PL,4729,,Válido,Suplente,04/10/2026 - 22:58:07
DEPUTADO FEDERAL,5538,,ALAN SOUSA BOMFIM,PARTIDO SOCIAL DEMOCRÁTICO,PSD,4711,,Válido,Suplente,04/10/2026 - 22:58:07
DEPUTADO FEDERAL,2238,,MANOEL BARBOSA DO NASCIMENTO,PARTIDO LIBERAL,PL,4656,,Válido,Suplente,04/10/2026 - 22:58:07
DEPUTADO FEDERAL,1005,,RENATO TAROCO,REPUBLICANOS,REPUBLICANOS,4643,,Válido,Suplente,04/10/2026 - 22:58:07
DEPUTADO FEDERAL,2067,,NATIELLE GAMA GRACIANO,PODEMOS,PODEMOS,4637,,Válido,Suplente,04/10/2026 - 22:58:07
DEPUTADO FEDERAL,1069,,ANTONIO MARCOS DE ABREU,REPUBLICANOS,REPUBLICANOS,4623,,Válido,Suplente,04/10/2026 - 22:58:07
DEPUTADO FEDERAL,1213,,DAMARES DE OLIVEIRA PINTO,PARTIDO DEMOCRÁTICO TRABALHISTA,PDT,4598,,Válido,Não eleito,04/10/2026 - 22:58:07
DEPUTADO FEDERAL,4023,,LEANDRO FERNANDO VITOR,PARTIDO SOCIALISTA BRASILEIRO,PSB,4587,,Válido,Suplente,04/10/2026 - 22:58:07
DEPUTADO FEDERAL,4402,,RICHARDSON RAMOS DE SOUSA,FEDERAÇÃO UNIÃO PROGRESSISTA,,4580,,Válido,Suplente,04/10/2026 - 22:58:07
DEPUTADO FEDERAL,4577,,ROBERTO MASSAFERA,FEDERAÇÃO PSDB CIDADANIA,,4559,,Válido,Suplente,04/10/2026 - 22:58:07
DEPUTADO FEDERAL,4550,,PRISCILA FRANCO DE OLIVEIRA,FEDERAÇÃO PSDB CIDADANIA,,4529,,Válido,Suplente,04/10/2026 - 22:58:07
DEPUTADO FEDERAL,1125,,DALBERT MEGA FERREIRA,FEDERAÇÃO UNIÃO PROGRESSISTA,,4504,,Válido,Suplente,04/10/2026 - 22:58:07
DEPUTADO FEDERAL,4522,,VANILDA APARECIDA BUENO BORDIERI POLI,FEDERAÇÃO PSDB CIDADANIA,,4480,,Válido,Suplente,04/10/2026 - 22:58:07
DEPUTADO FEDERAL,1314,,ADRIANA MARTINS DE SOUZA,FEDERAÇÃO BRASIL DA ESPERANÇA - FE BRASIL,,4472,,Válido,Suplente,04/10/2026 - 22:58:07
DEPUTADO FEDERAL,4056,,KAROLINA MARCONDES LIMA,PARTIDO SOCIALISTA BRASILEIRO,PSB,4441,,Válido,Suplente,04/10/2026 - 22:58:07
DEPUTADO FEDERAL,1345,,ANIBAL ANTONIO MUNHOZ,FEDERAÇÃO BRASIL DA ESPERANÇA - FE BRASIL,,4434,,Válido,Suplente,04/10/2026 - 22:58:07
DEPUTADO FEDERAL,5524,,ATEVALDO VIEIRA LEITAO,PARTIDO SOCIAL DEMOCRÁTICO,PSD,4328,,Válido,Suplente,04/10/2026 - 22:58:07
DEPUTADO FEDERAL,4510,,MAURO SALVADOR SGUEGLIA DE GOES,FEDERAÇÃO PSDB CIDADANIA,,4278,,Válido,Suplente,04/10/2026 - 22:58:07
DEPUTADO FEDERAL,1155,,MANOEL RICARDO RUIZ,FEDERAÇÃO UNIÃO PROGRESSISTA,,4236,,Válido,Suplente,04/10/2026 - 22:58:07
DEPUTADO FEDERAL,2023,,AUGUSTO EDUARDO VIDAL NETO,PODEMOS,PODEMOS,4220,,Válido,Suplente,04/10/2026 - 22:58:07
DEPUTADO FEDERAL,5523,,CARLOS EDUARDO DE MOURA,PARTIDO SOCIAL DEMOCRÁTICO,PSD,4167,,Válido,Suplente,04/10/2026 - 22:58:07
DEPUTADO FEDERAL,5503,,TALMIR RODRIGUES,PARTIDO SOCIAL DEMOCRÁTICO,PSD,4104,,Válido,Suplente,04/10/2026 - 22:58:07
DEPUTADO FEDERAL,3001,,MARCOS CINTRA CAVALCANTI DE ALBUQUERQUE,PARTIDO NOVO,NOVO,4096,,Válido,Suplente,04/10/2026 - 22:58:07
DEPUTADO FEDERAL,2051,,EDVAL TENORIO LOPES,PODEMOS,PODEMOS,4067,,Válido,Suplente,04/10/2026 - 22:58:07
DEPUTADO FEDERAL,1212,,NILSON BONOME,PARTIDO DEMOCRÁTICO TRABALHISTA,PDT,4061,,Válido,Não eleito,04/10/2026 - 22:58:07
DEPUTADO FEDERAL,1600,,AMANDA COELHO MARZALL,PARTIDO SOCIALISTA DOS TRABALHADORES,PSTU,4043,,Válido,Não eleito,04/10/2026 - 22:58:07
DEPUTADO FEDERAL,4515,,GUILHERME AMORIM UBIALI,FEDERAÇÃO PSDB CIDADANIA,,4033,,Válido,Suplente,04/10/2026 - 22:58:07
DEPUTADO FEDERAL,1531,,HUGO ROCHA ZAMBONI,MOVIMENTO DEMOCRÁTICO BRASILEIRO,MDB,4006,,Válido,Suplente,04/10/2026 - 22:58:07
DEPUTADO FEDERAL,1144,,ANDERSON FERREIRA NUNES,FEDERAÇÃO UNIÃO PROGRESSISTA,,3997,,Válido,Suplente,04/10/2026 - 22:58:07
DEPUTADO FEDERAL,7707,,OZIEL PIRES DE MORAES,FEDERAÇÃO RENOVAÇÃO SOLIDÁRIA,,3964,,Válido,Suplente,04/10/2026 - 22:58:07
DEPUTADO FEDERAL,2544,,FLAVIO ROBERTO SALATINO,FEDERAÇÃO RENOVAÇÃO SOLIDÁRIA,,3935,,Válido,Suplente,04/10/2026 - 22:58:07
DEPUTADO FEDERAL,2507,,RENATO DE SOUZA OLIVEIRA,FEDERAÇÃO RENOVAÇÃO SOLIDÁRIA,,3931,,Válido,Suplente,04/10/2026 - 22:58:07
DEPUTADO FEDERAL,1538,,VALDIR JOSE DA SILVA,MOVIMENTO DEMOCRÁTICO BRASILEIRO,MDB,3920,,Válido,Suplente,04/10/2026 - 22:58:07
DEPUTADO FEDERAL,5509,,LAUDEMIR LINO DE ALENCAR,PARTIDO SOCIAL DEMOCRÁTICO,PSD,3918,,Válido,Suplente,04/10/2026 - 22:58:07
DEPUTADO FEDERAL,1800,,MARCO ANTONIO MILLS MARTINS,FEDERAÇÃO PSOL REDE,,3905,,Válido,Suplente,04/10/2026 - 22:58:07
DEPUTADO FEDERAL,1522,,MORGANA SIQUEIRA,MOVIMENTO DEMOCRÁTICO BRASILEIRO,MDB,3855,,Válido,Suplente,04/10/2026 - 22:58:07
DEPUTADO FEDERAL,5535,,CESAR EDUARDO FERNANDES,PARTIDO SOCIAL DEMOCRÁTICO,PSD,3690,,Válido,Suplente,04/10/2026 - 22:58:07
DEPUTADO FEDERAL,2559,,NOEL AXCAR,FEDERAÇÃO RENOVAÇÃO SOLIDÁRIA,,3665,,Válido,Suplente,04/10/2026 - 22:58:07
DEPUTADO FEDERAL,7001,,PAULO ROBERTO TORRES GALINDO,AVANTE,AVANTE,3618,,Válido,Não eleito,04/10/2026 - 22:58:07
DEPUTADO FEDERAL,1019,,FRANCISCO DE ASSIS CARVALHO ARTEN,REPUBLICANOS,REPUBLICANOS,3585,,Válido,Suplente,04/10/2026 - 22:58:07
DEPUTADO FEDERAL,4030,,MARCELO STRAMA,PARTIDO SOCIALISTA BRASILEIRO,PSB,3556,,Válido,Suplente,04/10/2026 - 22:58:07
DEPUTADO FEDERAL,4080,,EDGAR FRANCISCO DA SILVA,PARTIDO SOCIALISTA BRASILEIRO,PSB,3546,,Válido,Suplente,04/10/2026 - 22:58:07
DEPUTADO FEDERAL,3099,,BARBARA HUYARA DE OLIVEIRA VICTORIANO KOGOS,PARTIDO NOVO,NOVO,3537,,Válido,Suplente,04/10/2026 - 22:58:07
DEPUTADO FEDERAL,1419,,GERALDO CESAR ALMEIDA,PARTIDO MISSÃO,MISSÃO,3503,,Válido,Suplente,04/10/2026 - 22:58:07
DEPUTADO FEDERAL,2245,,JANAINA ZAMBUSI NOGUEIRA BASTOS,PARTIDO LIBERAL,PL,3499,,Válido,Suplente,04/10/2026 - 22:58:07
DEPUTADO FEDERAL,1303,,LUCAS PRATA PENTEADO,FEDERAÇÃO BRASIL DA ESPERANÇA - FE BRASIL,,3448,,Válido,Suplente,04/10/2026 - 22:58:07
DEPUTADO FEDERAL,8000,,RICARDO SENESE,UNIDADE POPULAR,UP,3442,,Válido,Não eleito,04/10/2026 - 22:58:07
DEPUTADO FEDERAL,7005,,MARCIA APARECIDA TASCHETTI,AVANTE,AVANTE,3419,,Válido,Não eleito,04/10/2026 - 22:58:07
DEPUTADO FEDERAL,3017,,MARCO ROGÉRIO DE CARVALHO,PARTIDO NOVO,NOVO,3399,,Válido,Suplente,04/10/2026 - 22:58:07
DEPUTADO FEDERAL,1551,,CASSIO ELMO GONÇALVES GALLO,MOVIMENTO DEMOCRÁTICO BRASILEIRO,MDB,3356,,Válido,Suplente,04/10/2026 - 22:58:07
DEPUTADO FEDERAL,8080,,DANIELLY MILENA OLIVEIRA DOS SANTOS,UNIDADE POPULAR,UP,3322,,Válido,Não eleito,04/10/2026 - 22:58:07
DEPUTADO FEDERAL,2515,,RAY JOSE TEIXEIRA,FEDERAÇÃO RENOVAÇÃO SOLIDÁRIA,,3312,,Válido,Suplente,04/10/2026 - 22:58:07
DEPUTADO FEDERAL,7066,,DIEGO TAVARES,AVANTE,AVANTE,3294,,Válido,Não eleito,04/10/2026 - 22:58:07
DEPUTADO FEDERAL,1040,,DANIELE CRISTINE GALDINO SIQUEIRA,REPUBLICANOS,REPUBLICANOS,3277,,Válido,Suplente,04/10/2026 - 22:58:07
DEPUTADO FEDERAL,1231,,KENIA LIRA SCIASCIO,PARTIDO DEMOCRÁTICO TRABALHISTA,PDT,3268,,Válido,Não eleito,04/10/2026 - 22:58:07
DEPUTADO FEDERAL,3077,,LUIS VICTOR ALVES DE OLIVEIRA,PARTIDO NOVO,NOVO,3258,,Válido,Suplente,04/10/2026 - 22:58:07
DEPUTADO FEDERAL,5078,,JOSEMAR CARLOS DE OLIVEIRA,FEDERAÇÃO PSOL REDE,,3255,,Anulado sub judice,Não eleito,04/10/2026 - 22:58:07
DEPUTADO FEDERAL,5559,,ANGELA MARIA MALUF,PARTIDO SOCIAL DEMOCRÁTICO,PSD,3222,,Válido,Suplente,04/10/2026 - 22:58:07
DEPUTADO FEDERAL,7040,,EDUARDO SIVINSKI,AVANTE,AVANTE,3197,,Válido,Não eleito,04/10/2026 - 22:58:07
DEPUTADO FEDERAL,5019,,EDILENE RODRIGUES SANTANA,FEDERAÇÃO PSOL REDE,,3181,,Válido,Suplente,04/10/2026 - 22:58:07
DEPUTADO FEDERAL,4020,,EWERTON DA SILVA CARVALHO,PARTIDO SOCIALISTA BRASILEIRO,PSB,3158,,Válido,Suplente,04/10/2026 - 22:58:07
DEPUTADO FEDERAL,3066,,MILTON JOSÉ DE SOUZA,PARTIDO NOVO,NOVO,3153,,Válido,Suplente,04/10/2026 - 22:58:07
DEPUTADO FEDERAL,5506,,BRUNO WELLINGTON DOMINGUES,PARTIDO SOCIAL DEMOCRÁTICO,PSD,3129,,Válido,Suplente,04/10/2026 - 22:58:07
DEPUTADO FEDERAL,7789,,ALINE CRISTINA DE SOUZA UBIDA,FEDERAÇÃO RENOVAÇÃO SOLIDÁRIA,,3114,,Válido,Suplente,04/10/2026 - 22:58:07
DEPUTADO FEDERAL,1577,,ALEXANDRE LUIZ TONETTI,MOVIMENTO DEMOCRÁTICO BRASILEIRO,MDB,3067,,Válido,Suplente,04/10/2026 - 22:58:07
DEPUTADO FEDERAL,1230,,ANTONIO MÁRIO DE PAULA FERREIRA IELO,PARTIDO DEMOCRÁTICO TRABALHISTA,PDT,2982,,Válido,Não eleito,04/10/2026 - 22:58:07
DEPUTADO FEDERAL,5547,,DARIO LUIS SOUZA DA SILVA,PARTIDO SOCIAL DEMOCRÁTICO,PSD,2957,,Válido,Suplente,04/10/2026 - 22:58:07
DEPUTADO FEDERAL,4098,,GLEIDSON SHIGUEMI AIACYDA,PARTIDO SOCIALISTA BRASILEIRO,PSB,2955,,Válido,Suplente,04/10/2026 - 22:58:07
DEPUTADO FEDERAL,3088,,TERESINHA DE ALMEIDA RAMOS NEVES,PARTIDO NOVO,NOVO,2901,,Válido,Suplente,04/10/2026 - 22:58:07
DEPUTADO FEDERAL,4066,,BENEDITO FURTADO DE ANDRADE,PARTIDO SOCIALISTA BRASILEIRO,PSB,2836,,Válido,Suplente,04/10/2026 - 22:58:07
DEPUTADO FEDERAL,1009,,CLAUDIO LUIS CAIVANO,REPUBLICANOS,REPUBLICANOS,2829,,Válido,Suplente,04/10/2026 - 22:58:07
DEPUTADO FEDERAL,2298,,RAFAELA CRISTINA HERNANDEZ,PARTIDO LIBERAL,PL,2795,,Válido,Suplente,04/10/2026 - 22:58:07
DEPUTADO FEDERAL,4041,,LUZIMAR RODRIGUES DA SILVA,PARTIDO SOCIALISTA BRASILEIRO,PSB,2781,,Válido,Suplente,04/10/2026 - 22:58:07
DEPUTADO FEDERAL,3008,,CLÁUDIA SILVA RODRIGUES LEAL,PARTIDO NOVO,NOVO,2764,,Válido,Suplente,04/10/2026 - 22:58:07
DEPUTADO FEDERAL,1233,,GLAUCE KELLY DOS SANTOS ADÃO LIMA,PARTIDO DEMOCRÁTICO TRABALHISTA,PDT,2752,,Válido,Não eleito,04/10/2026 - 22:58:07
DEPUTADO FEDERAL,2038,,LUCIANO GALESCO,PODEMOS,PODEMOS,2738,,Válido,Suplente,04/10/2026 - 22:58:07
DEPUTADO FEDERAL,5567,,PAOLA PROSPERO MACHADO,PARTIDO SOCIAL DEMOCRÁTICO,PSD,2711,,Válido,Suplente,04/10/2026 - 22:58:07
DEPUTADO FEDERAL,2267,,ROGERIO LUIZ ZERAIK ABDALLA,PARTIDO LIBERAL,PL,2709,,Válido,Suplente,04/10/2026 - 22:58:07
DEPUTADO FEDERAL,1388,,ROSEMEIRE FORATO,FEDERAÇÃO BRASIL DA ESPERANÇA - FE BRASIL,,2707,,Válido,Suplente,04/10/2026 - 22:58:07
DEPUTADO FEDERAL,2050,,RICARDO FABRIZIO PACHECO DE OLIVEIRA,PODEMOS,PODEMOS,2663,,Válido,Suplente,04/10/2026 - 22:58:07
DEPUTADO FEDERAL,4099,,RUBENS CLAUDIO SIQUEIRA NERI,PARTIDO SOCIALISTA BRASILEIRO,PSB,2661,,Válido,Suplente,04/10/2026 - 22:58:07
DEPUTADO FEDERAL,5028,,RODRIGO OLEGARIO CARMELITA,FEDERAÇÃO PSOL REDE,,2658,,Válido,Suplente,04/10/2026 - 22:58:07
DEPUTADO FEDERAL,5554,,CARLOS ALBERTO DE CARVALHO,PARTIDO SOCIAL DEMOCRÁTICO,PSD,2623,,Válido,Suplente,04/10/2026 - 22:58:07
DEPUTADO FEDERAL,1514,,IEDA CALDEIRA DA SILVA,MOVIMENTO DEMOCRÁTICO BRASILEIRO,MDB,2578,,Válido,Suplente,04/10/2026 - 22:58:07
DEPUTADO FEDERAL,7060,,DAVID CORREA DE SOUZA,AVANTE,AVANTE,2556,,Válido,Não eleito,04/10/2026 - 22:58:07
DEPUTADO FEDERAL,2289,,MIRIAM MELCHIORI DE MATOS,PARTIDO LIBERAL,PL,2551,,Válido,Suplente,04/10/2026 - 22:58:07
DEPUTADO FEDERAL,1038,,TERESINHA DE CARVALHO,REPUBLICANOS,REPUBLICANOS,2519,,Válido,Suplente,04/10/2026 - 22:58:07
DEPUTADO FEDERAL,4011,,GILMAR BORGES DE ALMEIDA,PARTIDO SOCIALISTA BRASILEIRO,PSB,2518,,Válido,Suplente,04/10/2026 - 22:58:07
DEPUTADO FEDERAL,7015,,CRISTIANE FERREIRA PASSOS LASTORIA,AVANTE,AVANTE,2505,,Válido,Não eleito,04/10/2026 - 22:58:07
DEPUTADO FEDERAL,1166,,JOSENILDO RIBEIRO DE FREITAS,FEDERAÇÃO UNIÃO PROGRESSISTA,,2493,,Válido,Suplente,04/10/2026 - 22:58:07
DEPUTADO FEDERAL,2599,,EMERSON JOAQUIM DE LIMA,FEDERAÇÃO RENOVAÇÃO SOLIDÁRIA,,2482,,Válido,Suplente,04/10/2026 - 22:58:07
DEPUTADO FEDERAL,7780,,FERNANDO SILVA MOREIRA DOS SANTOS,FEDERAÇÃO RENOVAÇÃO SOLIDÁRIA,,2475,,Válido,Suplente,04/10/2026 - 22:58:07
DEPUTADO FEDERAL,1101,,MARIA GORETE SANTOS DE TOLEDO,FEDERAÇÃO UNIÃO PROGRESSISTA,,2465,,Válido,Suplente,04/10/2026 - 22:58:07
DEPUTADO FEDERAL,4480,,RODRIGO HENRIQUES SIQUEIRA,FEDERAÇÃO UNIÃO PROGRESSISTA,,2455,,Válido,Suplente,04/10/2026 - 22:58:07
DEPUTADO FEDERAL,2218,,ALESSANDRA VASCONCELLOS DO VALLE SIQUIERI,PARTIDO LIBERAL,PL,2449,,Válido,Suplente,04/10/2026 - 22:58:07
DEPUTADO FEDERAL,1584,,BRUNA CAROLINE ITUASSU,MOVIMENTO DEMOCRÁTICO BRASILEIRO,MDB,2419,,Válido,Suplente,04/10/2026 - 22:58:07
DEPUTADO FEDERAL,1523,,APARECIDO PASCHOAL,MOVIMENTO DEMOCRÁTICO BRASILEIRO,MDB,2405,,Válido,Suplente,04/10/2026 - 22:58:07
DEPUTADO FEDERAL,2214,,FHRAN DA SILVA MARÇAL,PARTIDO LIBERAL,PL,2384,,Válido,Suplente,04/10/2026 - 22:58:07
DEPUTADO FEDERAL,2780,,ADALBERTO CORRÊA DE AMORIM,DEMOCRACIA CRISTÃ,DC,2374,,Válido,Não eleito,04/10/2026 - 22:58:07
DEPUTADO FEDERAL,2052,,LIGIA CRISTINA CONDURSI DA SILVA,PODEMOS,PODEMOS,2366,,Válido,Suplente,04/10/2026 - 22:58:07
DEPUTADO FEDERAL,2002,,ELITON SOUSA LEITE,PODEMOS,PODEMOS,2362,,Válido,Suplente,04/10/2026 - 22:58:07
DEPUTADO FEDERAL,4420,,ROBERTO SEBASTIAO PETERNELLI JUNIOR,FEDERAÇÃO UNIÃO PROGRESSISTA,,2357,,Válido,Suplente,04/10/2026 - 22:58:07
DEPUTADO FEDERAL,1512,,KETLEN EVELIN SILVA VIEIRA,MOVIMENTO DEMOCRÁTICO BRASILEIRO,MDB,2352,,Válido,Suplente,04/10/2026 - 22:58:07
DEPUTADO FEDERAL,1578,,CRISTINA DA COSTA BARROS,MOVIMENTO DEMOCRÁTICO BRASILEIRO,MDB,2340,,Válido,Suplente,04/10/2026 - 22:58:07
DEPUTADO FEDERAL,4546,,RAUL CHRISTIANO DE OLIVEIRA SANCHEZ,FEDERAÇÃO PSDB CIDADANIA,,2330,,Válido,Suplente,04/10/2026 - 22:58:07
DEPUTADO FEDERAL,2577,,RAFAEL DE ALCANTARA RODRIGUES PELOSI,FEDERAÇÃO RENOVAÇÃO SOLIDÁRIA,,2328,,Válido,Suplente,04/10/2026 - 22:58:07
DEPUTADO FEDERAL,4540,,WILLIAN FERNANDES BRAGA,FEDERAÇÃO PSDB CIDADANIA,,2324,,Válido,Suplente,04/10/2026 - 22:58:07
DEPUTADO FEDERAL,1505,,GUILHERME LAZO SOLANO NETO,MOVIMENTO DEMOCRÁTICO BRASILEIRO,MDB,2319,,Válido,Suplente,04/10/2026 - 22:58:07
DEPUTADO FEDERAL,2580,,CLAUDIO ERNANI MARCONDES DE MIRANDA,FEDERAÇÃO RENOVAÇÃO SOLIDÁRIA,,2318,,Válido,Suplente,04/10/2026 - 22:58:07
DEPUTADO FEDERAL,1583,,ERNESTO TEIXEIRA DA CUNHA,MOVIMENTO DEMOCRÁTICO BRASILEIRO,MDB,2309,,Válido,Suplente,04/10/2026 - 22:58:07
DEPUTADO FEDERAL,1123,,JULIANA KATIA RODRIGUES,FEDERAÇÃO UNIÃO PROGRESSISTA,,2306,,Válido,Suplente,04/10/2026 - 22:58:07
DEPUTADO FEDERAL,8010,,THAIS GASPARINI,UNIDADE POPULAR,UP,2278,,Válido,Não eleito,04/10/2026 - 22:58:07
DEPUTADO FEDERAL,3010,,FABIO PHELIPE GARCIA PAGNOZZI,PARTIDO NOVO,NOVO,2268,,Válido,Suplente,04/10/2026 - 22:58:07
DEPUTADO FEDERAL,1307,,AUREO BACELAR DA SILVA,FEDERAÇÃO BRASIL DA ESPERANÇA - FE BRASIL,,2247,,Válido,Suplente,04/10/2026 - 22:58:07
DEPUTADO FEDERAL,4445,,SHEILA CRISTINA THOMAZ FERREIRA,FEDERAÇÃO UNIÃO PROGRESSISTA,,2211,,Válido,Suplente,04/10/2026 - 22:58:07
DEPUTADO FEDERAL,1326,,EMERSON DE ABREU SANTANA,FEDERAÇÃO BRASIL DA ESPERANÇA - FE BRASIL,,2201,,Válido,Suplente,04/10/2026 - 22:58:07
DEPUTADO FEDERAL,2236,,TIEMI SMOSKOVISKY HENRIQUE,PARTIDO LIBERAL,PL,2190,,Válido,Suplente,04/10/2026 - 22:58:07
DEPUTADO FEDERAL,5551,,JOEL DOS SANTOS MONTEIRO,PARTIDO SOCIAL DEMOCRÁTICO,PSD,2186,,Válido,Suplente,04/10/2026 - 22:58:07
DEPUTADO FEDERAL,2003,,JUAREZ JUVENCIO DOS SANTOS,PODEMOS,PODEMOS,2163,,Válido,Suplente,04/10/2026 - 22:58:07
DEPUTADO FEDERAL,2508,,ROSA MARIA SCANAVINI,FEDERAÇÃO RENOVAÇÃO SOLIDÁRIA,,2159,,Válido,Suplente,04/10/2026 - 22:58:07
DEPUTADO FEDERAL,1518,,SILAS ALVES FEITOSA,MOVIMENTO DEMOCRÁTICO BRASILEIRO,MDB,2146,,Válido,Suplente,04/10/2026 - 22:58:07
DEPUTADO FEDERAL,4032,,PAULA RODRIGUES GRANATO,PARTIDO SOCIALISTA BRASILEIRO,PSB,2129,,Válido,Suplente,04/10/2026 - 22:58:07
DEPUTADO FEDERAL,4448,,THAIS MARGARIDO ALENCAR,FEDERAÇÃO UNIÃO PROGRESSISTA,,2127,,Válido,Suplente,04/10/2026 - 22:58:07
DEPUTADO FEDERAL,5001,,JOSE DE RIBAMAR DA SILVA PASSOS,FEDERAÇÃO PSOL REDE,,2124,,Válido,Suplente,04/10/2026 - 22:58:07
DEPUTADO FEDERAL,5558,,LISANDRO CASSIO DEODATO RIBEIRO,PARTIDO SOCIAL DEMOCRÁTICO,PSD,2114,,Válido,Suplente,04/10/2026 - 22:58:07
DEPUTADO FEDERAL,1236,,JOSUÉ ALVES MACEDO,PARTIDO DEMOCRÁTICO TRABALHISTA,PDT,2089,,Válido,Não eleito,04/10/2026 - 22:58:07
DEPUTADO FEDERAL,1579,,ELEAZAR MUNIZ JUNIOR,MOVIMENTO DEMOCRÁTICO BRASILEIRO,MDB,2062,,Válido,Suplente,04/10/2026 - 22:58:07
DEPUTADO FEDERAL,2217,,CLAUDIO DIAS ANTONIO FERREIRA,PARTIDO LIBERAL,PL,2053,,Válido,Suplente,04/10/2026 - 22:58:07
DEPUTADO FEDERAL,1118,,JURANDIR ANTONIO SPINELLI,FEDERAÇÃO UNIÃO PROGRESSISTA,,2049,,Válido,Suplente,04/10/2026 - 22:58:07
DEPUTADO FEDERAL,1519,,NANCI BASTOS DE OLIVEIRA MARTIN,MOVIMENTO DEMOCRÁTICO BRASILEIRO,MDB,2033,,Válido,Suplente,04/10/2026 - 22:58:07
DEPUTADO FEDERAL,4078,,LUCAS EMANUEL RICCI DANTAS,PARTIDO SOCIALISTA BRASILEIRO,PSB,2022,,Válido,Suplente,04/10/2026 - 22:58:07
DEPUTADO FEDERAL,1210,,WILSON CABRAL DE SOUSA JUNIOR,PARTIDO DEMOCRÁTICO TRABALHISTA,PDT,2019,,Válido,Não eleito,04/10/2026 - 22:58:07
DEPUTADO FEDERAL,7050,,LUIZ ANTONIO ESCOBAR MARTINS,AVANTE,AVANTE,1995,,Válido,Não eleito,04/10/2026 - 22:58:07
DEPUTADO FEDERAL,4055,,CEZAR FELIPE RIBEIRO GREGÓRIO,PARTIDO SOCIALISTA BRASILEIRO,PSB,1986,,Válido,Suplente,04/10/2026 - 22:58:07
DEPUTADO FEDERAL,2333,,HELIO PEREIRA DA SILVA,FEDERAÇÃO PSDB CIDADANIA,,1981,,Válido,Suplente,04/10/2026 - 22:58:07
DEPUTADO FEDERAL,3036,,ASSIS LEO PADILHA E SOUZA,PARTIDO NOVO,NOVO,1978,,Válido,Suplente,04/10/2026 - 22:58:07
DEPUTADO FEDERAL,5519,,ALMIR BASTOS DE ARAUJO,PARTIDO SOCIAL DEMOCRÁTICO,PSD,1973,,Válido,Suplente,04/10/2026 - 22:58:07
DEPUTADO FEDERAL,2266,,ALESSANDRA ROBERTO PRADO DUARTE,PARTIDO LIBERAL,PL,1953,,Válido,Suplente,04/10/2026 - 22:58:07
DEPUTADO FEDERAL,1456,,CAIO ZANON DE MENDONÇA,PARTIDO MISSÃO,MISSÃO,1946,,Válido,Suplente,04/10/2026 - 22:58:07
DEPUTADO FEDERAL,1044,,ANDRE ROSSI MOLINARO,REPUBLICANOS,REPUBLICANOS,1946,,Válido,Suplente,04/10/2026 - 22:58:07
DEPUTADO FEDERAL,5569,,APARECIDO DONIZETE ALVES CIPRIANO,PARTIDO SOCIAL DEMOCRÁTICO,PSD,1932,,Válido,Suplente,04/10/2026 - 22:58:07
DEPUTADO FEDERAL,4005,,ANTONIO ALVES DOS SANTOS,PARTIDO SOCIALISTA BRASILEIRO,PSB,1928,,Válido,Suplente,04/10/2026 - 22:58:07
DEPUTADO FEDERAL,5006,,AUDEIDE CARDOSO,FEDERAÇÃO PSOL REDE,,1911,,Válido,Suplente,04/10/2026 - 22:58:07
DEPUTADO FEDERAL,2099,,ANDERSON FIGUEIRA LOPES,PODEMOS,PODEMOS,1910,,Válido,Suplente,04/10/2026 - 22:58:07
DEPUTADO FEDERAL,5502,,RONALDO AUGUSTO BRETAS MARZAGAO JUNIOR,PARTIDO SOCIAL DEMOCRÁTICO,PSD,1904,,Válido,Suplente,04/10/2026 - 22:58:07
DEPUTADO FEDERAL,2012,,JULIANA EUGENIA FRANCISCO SILVA,PODEMOS,PODEMOS,1904,,Válido,Suplente,04/10/2026 - 22:58:07
DEPUTADO FEDERAL,4521,,JEFFERSON AUGUSTO FARIA,FEDERAÇÃO PSDB CIDADANIA,,1893,,Válido,Suplente,04/10/2026 - 22:58:07
DEPUTADO FEDERAL,4065,,ITAMAR RODRIGUES MAIA,PARTIDO SOCIALISTA BRASILEIRO,PSB,1876,,Válido,Suplente,04/10/2026 - 22:58:07
DEPUTADO FEDERAL,1003,,OSVALDO DE QUADRO,REPUBLICANOS,REPUBLICANOS,1875,,Válido,Suplente,04/10/2026 - 22:58:07
DEPUTADO FEDERAL,4442,,JOSIANE CRISTINA DE OLIVEIRA PORTES,FEDERAÇÃO UNIÃO PROGRESSISTA,,1870,,Válido,Suplente,04/10/2026 - 22:58:07
DEPUTADO FEDERAL,2092,,LUIZ CARLOS DE PAULA,PODEMOS,PODEMOS,1851,,Válido,Suplente,04/10/2026 - 22:58:07
DEPUTADO FEDERAL,1589,,EDUARDO LIMA DE SOUZA,MOVIMENTO DEMOCRÁTICO BRASILEIRO,MDB,1841,,Válido,Suplente,04/10/2026 - 22:58:07
DEPUTADO FEDERAL,2006,,EVANDRO APARECIDO IZIDORO,PODEMOS,PODEMOS,1841,,Válido,Suplente,04/10/2026 - 22:58:07
DEPUTADO FEDERAL,1309,,RUTH MARY DA SILVA,FEDERAÇÃO BRASIL DA ESPERANÇA - FE BRASIL,,1829,,Válido,Suplente,04/10/2026 - 22:58:07
DEPUTADO FEDERAL,5042,,RAFAEL PACHECO ALQUEZAR,FEDERAÇÃO PSOL REDE,,1827,,Válido,Suplente,04/10/2026 - 22:58:07
DEPUTADO FEDERAL,6555,,MARI LAILA TANIOS MAALOULI,FEDERAÇÃO BRASIL DA ESPERANÇA - FE BRASIL,,1814,,Válido,Suplente,04/10/2026 - 22:58:07
DEPUTADO FEDERAL,1525,,REGINA LEITE TOLENTINO,MOVIMENTO DEMOCRÁTICO BRASILEIRO,MDB,1808,,Válido,Suplente,04/10/2026 - 22:58:07
DEPUTADO FEDERAL,2055,,DANIELA CRISTINA TELES,PODEMOS,PODEMOS,1804,,Válido,Suplente,04/10/2026 - 22:58:07
DEPUTADO FEDERAL,4088,,MARIA APARECIDA AIRES,PARTIDO SOCIALISTA BRASILEIRO,PSB,1777,,Válido,Suplente,04/10/2026 - 22:58:07
DEPUTADO FEDERAL,2501,,NELSON DOS SANTOS GIMENEZ,FEDERAÇÃO RENOVAÇÃO SOLIDÁRIA,,1752,,Válido,Suplente,04/10/2026 - 22:58:07
DEPUTADO FEDERAL,1174,,JULYVER MODESTO DE ARAUJO,FEDERAÇÃO UNIÃO PROGRESSISTA,,1726,,Válido,Suplente,04/10/2026 - 22:58:07
DEPUTADO FEDERAL,2264,,ADRIANO DA COSTA E SILVA,PARTIDO LIBERAL,PL,1720,,Anulado sub judice,Não eleito,04/10/2026 - 22:58:07
DEPUTADO FEDERAL,2538,,HERMES RODRIGUES NERY,FEDERAÇÃO RENOVAÇÃO SOLIDÁRIA,,1709,,Válido,Suplente,04/10/2026 - 22:58:07
DEPUTADO FEDERAL,1027,,RICARDO HOLZ VIDAL DOS SANTOS,REPUBLICANOS,REPUBLICANOS,1692,,Válido,Suplente,04/10/2026 - 22:58:07
DEPUTADO FEDERAL,1401,,DIEGO ALEXANDRE GONZALEZ BENTIM,PARTIDO MISSÃO,MISSÃO,1684,,Válido,Suplente,04/10/2026 - 22:58:07
DEPUTADO FEDERAL,1305,,EMERSON MARCELO VIEIRA,FEDERAÇÃO BRASIL DA ESPERANÇA - FE BRASIL,,1671,,Válido,Suplente,04/10/2026 - 22:58:07
DEPUTADO FEDERAL,3021,,EZEQUIAS FELIPPE RODRIGUES,PARTIDO NOVO,NOVO,1660,,Válido,Suplente,04/10/2026 - 22:58:07
DEPUTADO FEDERAL,1598,,FRANCISCO TELMO CAMELO,MOVIMENTO DEMOCRÁTICO BRASILEIRO,MDB,1650,,Válido,Suplente,04/10/2026 - 22:58:07
DEPUTADO FEDERAL,1315,,KERLLYN DE OLIVEIRA MENEGUSSE,FEDERAÇÃO BRASIL DA ESPERANÇA - FE BRASIL,,1647,,Válido,Suplente,04/10/2026 - 22:58:07
DEPUTADO FEDERAL,7076,,MARLI SILVA PEREIRA,AVANTE,AVANTE,1623,,Válido,Não eleito,04/10/2026 - 22:58:07
DEPUTADO FEDERAL,5016,,GABRIEL DE MEDEIROS JACQUES,FEDERAÇÃO PSOL REDE,,1618,,Válido,Suplente,04/10/2026 - 22:58:07
DEPUTADO FEDERAL,1258,,WANDER KAZUMI OKUMURA,PARTIDO DEMOCRÁTICO TRABALHISTA,PDT,1611,,Válido,Não eleito,04/10/2026 - 22:58:07
DEPUTADO FEDERAL,5090,,NELSON DA SILVA SALES FILHO,FEDERAÇÃO PSOL REDE,,1610,,Válido,Suplente,04/10/2026 - 22:58:07
DEPUTADO FEDERAL,5080,,ADERITO CASSIO DE ASSIS DUTRA,FEDERAÇÃO PSOL REDE,,1606,,Válido,Suplente,04/10/2026 - 22:58:07
DEPUTADO FEDERAL,5540,,WILLIAM GABRIEL CALLEGARO,PARTIDO SOCIAL DEMOCRÁTICO,PSD,1606,,Válido,Suplente,04/10/2026 - 22:58:07
DEPUTADO FEDERAL,2231,,THIAGO RODRIGUES DE OLIVEIRA ARAUJO,PARTIDO LIBERAL,PL,1595,,Válido,Suplente,04/10/2026 - 22:58:07
DEPUTADO FEDERAL,1554,,MARIO AUGUSTO AMARO MIRANDA,MOVIMENTO DEMOCRÁTICO BRASILEIRO,MDB,1585,,Válido,Suplente,04/10/2026 - 22:58:07
DEPUTADO FEDERAL,1441,,LUDYMILLA DIAS DE OLIVEIRA,PARTIDO MISSÃO,MISSÃO,1584,,Válido,Suplente,04/10/2026 - 22:58:07
DEPUTADO FEDERAL,1570,,ARMANDO FERREIRO RODRIGUES,MOVIMENTO DEMOCRÁTICO BRASILEIRO,MDB,1569,,Válido,Suplente,04/10/2026 - 22:58:07
DEPUTADO FEDERAL,1503,,ROSENILDA FRANCELINA DA SILVA,MOVIMENTO DEMOCRÁTICO BRASILEIRO,MDB,1560,,Válido,Suplente,04/10/2026 - 22:58:07
DEPUTADO FEDERAL,4094,,LUCAS ALVES BARRETO,PARTIDO SOCIALISTA BRASILEIRO,PSB,1557,,Válido,Suplente,04/10/2026 - 22:58:07
DEPUTADO FEDERAL,3053,,TOMIO OTSUKA,PARTIDO NOVO,NOVO,1551,,Válido,Suplente,04/10/2026 - 22:58:07
DEPUTADO FEDERAL,8008,,KARLA APARECIDA ALBUQUERQUE DOS SANTOS,UNIDADE POPULAR,UP,1545,,Válido,Não eleito,04/10/2026 - 22:58:07
DEPUTADO FEDERAL,5513,,NATHALIA FREITAS CANDIDO DE OLIVEIRA,PARTIDO SOCIAL DEMOCRÁTICO,PSD,1533,,Válido,Suplente,04/10/2026 - 22:58:07
DEPUTADO FEDERAL,1223,,GILSON DA ROCHA CARDOSO,PARTIDO DEMOCRÁTICO TRABALHISTA,PDT,1509,,Válido,Não eleito,04/10/2026 - 22:58:07
DEPUTADO FEDERAL,1255,,MARCIO BURGUINHA DE JESUS DO REGO,PARTIDO DEMOCRÁTICO TRABALHISTA,PDT,1503,,Válido,Não eleito,04/10/2026 - 22:58:07
DEPUTADO FEDERAL,2253,,ALVARO JOSE VAL GIRIOLI,PARTIDO LIBERAL,PL,1465,,Válido,Suplente,04/10/2026 - 22:58:07
DEPUTADO FEDERAL,4507,,ABEL DINIZ FIEL,FEDERAÇÃO PSDB CIDADANIA,,1460,,Válido,Suplente,04/10/2026 - 22:58:07
DEPUTADO FEDERAL,1899,,MÁRLON JACINTO REIS,FEDERAÇÃO PSOL REDE,,1455,,Válido,Suplente,04/10/2026 - 22:58:07
DEPUTADO FEDERAL,7025,,PAULO ROGERIO DOS SANTOS,AVANTE,AVANTE,1443,,Válido,Não eleito,04/10/2026 - 22:58:07
DEPUTADO FEDERAL,2766,,FAUSTO DA COSTA JUNIOR,DEMOCRACIA CRISTÃ,DC,1431,,Válido,Não eleito,04/10/2026 - 22:58:07
DEPUTADO FEDERAL,5520,,ELISANDRA PEDROSO FERREIRA,PARTIDO SOCIAL DEMOCRÁTICO,PSD,1428,,Válido,Suplente,04/10/2026 - 22:58:07
DEPUTADO FEDERAL,7744,,VIVIANE DOS SANTOS OLIVEIRA,FEDERAÇÃO RENOVAÇÃO SOLIDÁRIA,,1426,,Válido,Suplente,04/10/2026 - 22:58:07
DEPUTADO FEDERAL,2068,,PAULO SERGIO OLIVEIRA,PODEMOS,PODEMOS,1419,,Válido,Suplente,04/10/2026 - 22:58:07
DEPUTADO FEDERAL,2014,,EMANUEL JEFFERSON MARINHO DA SILVA,PODEMOS,PODEMOS,1407,,Válido,Suplente,04/10/2026 - 22:58:07
DEPUTADO FEDERAL,4045,,ROSIANE MACIEL DE FARIAS,PARTIDO SOCIALISTA BRASILEIRO,PSB,1400,,Válido,Suplente,04/10/2026 - 22:58:07
DEPUTADO FEDERAL,7010,,SUSANNA DO VAL MOORE,AVANTE,AVANTE,1377,,Válido,Não eleito,04/10/2026 - 22:58:07
DEPUTADO FEDERAL,4543,,ALINE ESTEFANIA DE MOURA BICUDO,FEDERAÇÃO PSDB CIDADANIA,,1376,,Válido,Suplente,04/10/2026 - 22:58:07
DEPUTADO FEDERAL,4054,,FILIPE PANACE MENINO,PARTIDO SOCIALISTA BRASILEIRO,PSB,1363,,Válido,Suplente,04/10/2026 - 22:58:07
DEPUTADO FEDERAL,2728,,ALEXANDRE DIOTTO LIRANI,DEMOCRACIA CRISTÃ,DC,1360,,Válido,Não eleito,04/10/2026 - 22:58:07
DEPUTADO FEDERAL,2268,,EDIVALDO MARCELO ABENÇOADO DOS SANTOS LEAL,PARTIDO LIBERAL,PL,1360,,Válido,Suplente,04/10/2026 - 22:58:07
DEPUTADO FEDERAL,2756,,MARCIA DAS DORES SILVA,DEMOCRACIA CRISTÃ,DC,1352,,Válido,Não eleito,04/10/2026 - 22:58:07
DEPUTADO FEDERAL,3070,,DOUGLAS MELO DE SOUSA,PARTIDO NOVO,NOVO,1347,,Válido,Suplente,04/10/2026 - 22:58:07
DEPUTADO FEDERAL,5508,,ISRAEL DAYAN DE SOUZA MAGNANI,PARTIDO SOCIAL DEMOCRÁTICO,PSD,1342,,Válido,Suplente,04/10/2026 - 22:58:07
DEPUTADO FEDERAL,4474,,ANDERSON DE JESUS LAUREANO,FEDERAÇÃO UNIÃO PROGRESSISTA,,1341,,Válido,Suplente,04/10/2026 - 22:58:07
DEPUTADO FEDERAL,2281,,MARCOS JOSÉ PEREIRA,PARTIDO LIBERAL,PL,1331,,Válido,Suplente,04/10/2026 - 22:58:07
DEPUTADO FEDERAL,1220,,NATALINO DAVI DA SILVA,PARTIDO DEMOCRÁTICO TRABALHISTA,PDT,1317,,Válido,Não eleito,04/10/2026 - 22:58:07
DEPUTADO FEDERAL,2080,,WANESSA SOUSA BOMFIM,PODEMOS,PODEMOS,1277,,Válido,Suplente,04/10/2026 - 22:58:07
DEPUTADO FEDERAL,1056,,RITA DE CASSIA SANTANA,REPUBLICANOS,REPUBLICANOS,1271,,Válido,Suplente,04/10/2026 - 22:58:07
DEPUTADO FEDERAL,3067,,JOELMA FRANCO DA CUNHA,PARTIDO NOVO,NOVO,1257,,Válido,Suplente,04/10/2026 - 22:58:07
DEPUTADO FEDERAL,3045,,PEDRO CANDIDO CORDEIRO JUNIOR,PARTIDO NOVO,NOVO,1251,,Válido,Suplente,04/10/2026 - 22:58:07
DEPUTADO FEDERAL,1201,,DANIELA APARECIDA RODRIGUEIRO,PARTIDO DEMOCRÁTICO TRABALHISTA,PDT,1248,,Válido,Não eleito,04/10/2026 - 22:58:07
DEPUTADO FEDERAL,2082,,NERIA LUCIO BUZATTO,PODEMOS,PODEMOS,1247,,Válido,Suplente,04/10/2026 - 22:58:07
DEPUTADO FEDERAL,2723,,SIDINEI GIRON,DEMOCRACIA CRISTÃ,DC,1243,,Válido,Não eleito,04/10/2026 - 22:58:07
DEPUTADO FEDERAL,7080,,ANTONIO GILBERTO DA SILVA,AVANTE,AVANTE,1241,,Válido,Não eleito,04/10/2026 - 22:58:07
DEPUTADO FEDERAL,4067,,ADOLPHO HENRIQUE DE PAULA RAMOS,PARTIDO SOCIALISTA BRASILEIRO,PSB,1232,,Anulado sub judice,Não eleito,04/10/2026 - 22:58:07
DEPUTADO FEDERAL,1507,,RUBINEIA MOREIRA BERGAMINI,MOVIMENTO DEMOCRÁTICO BRASILEIRO,MDB,1223,,Válido,Suplente,04/10/2026 - 22:58:07
DEPUTADO FEDERAL,1404,,PYETRO HENRICO MARTINS PATERNO,PARTIDO MISSÃO,MISSÃO,1223,,Válido,Suplente,04/10/2026 - 22:58:07
DEPUTADO FEDERAL,7075,,ADAMS CARDOSO OLIVEIRA,AVANTE,AVANTE,1217,,Válido,Não eleito,04/10/2026 - 22:58:07
DEPUTADO FEDERAL,4051,,LEONARDO PONTES DE SANTANA,PARTIDO SOCIALISTA BRASILEIRO,PSB,1208,,Válido,Suplente,04/10/2026 - 22:58:07
DEPUTADO FEDERAL,7710,,LUCAS NUNES DE ALMEIDA,FEDERAÇÃO RENOVAÇÃO SOLIDÁRIA,,1205,,Válido,Suplente,04/10/2026 - 22:58:07
DEPUTADO FEDERAL,1202,,JOÃO PAULO RODRIGUES DE SOUZA,PARTIDO DEMOCRÁTICO TRABALHISTA,PDT,1195,,Válido,Não eleito,04/10/2026 - 22:58:07
DEPUTADO FEDERAL,4002,,JULIANA GOMES CURVELO,PARTIDO SOCIALISTA BRASILEIRO,PSB,1195,,Válido,Suplente,04/10/2026 - 22:58:07
DEPUTADO FEDERAL,4516,,MATHEUS HENRIQUE CERDEIRA LUIZ,FEDERAÇÃO PSDB CIDADANIA,,1183,,Válido,Suplente,04/10/2026 - 22:58:07
DEPUTADO FEDERAL,7715,,ALINE APARECIDA TRISTÃO DA SILVA,FEDERAÇÃO RENOVAÇÃO SOLIDÁRIA,,1182,,Válido,Suplente,04/10/2026 - 22:58:07
DEPUTADO FEDERAL,1385,,DIEGO OLIVEIRA TURATO,FEDERAÇÃO BRASIL DA ESPERANÇA - FE BRASIL,,1176,,Válido,Suplente,04/10/2026 - 22:58:07
DEPUTADO FEDERAL,4530,,JACKSON DE JESUS,FEDERAÇÃO PSDB CIDADANIA,,1175,,Válido,Suplente,04/10/2026 - 22:58:07
DEPUTADO FEDERAL,4018,,ANA CLEIA MENEGUETTI,PARTIDO SOCIALISTA BRASILEIRO,PSB,1172,,Válido,Suplente,04/10/2026 - 22:58:07
DEPUTADO FEDERAL,1260,,SILAS CARLOS DE OLIVEIRA,PARTIDO DEMOCRÁTICO TRABALHISTA,PDT,1160,,Válido,Não eleito,04/10/2026 - 22:58:07
DEPUTADO FEDERAL,1336,,CICERA MARIA DA CONCEICAO,FEDERAÇÃO BRASIL DA ESPERANÇA - FE BRASIL,,1159,,Válido,Suplente,04/10/2026 - 22:58:07
DEPUTADO FEDERAL,2098,,LAIS HELENA ANTONIO DOS SANTOS ALOISE,PODEMOS,PODEMOS,1157,,Válido,Suplente,04/10/2026 - 22:58:07
DEPUTADO FEDERAL,7711,,NATHALIA CECCONELLO PACCOLA,FEDERAÇÃO RENOVAÇÃO SOLIDÁRIA,,1152,,Válido,Suplente,04/10/2026 - 22:58:07
DEPUTADO FEDERAL,7775,,CARLA MULLER MENDES,FEDERAÇÃO RENOVAÇÃO SOLIDÁRIA,,1145,,Válido,Suplente,04/10/2026 - 22:58:07
DEPUTADO FEDERAL,1218,,KELI CRISTINA ALMEIDA DA LUZ,PARTIDO DEMOCRÁTICO TRABALHISTA,PDT,1144,,Válido,Não eleito,04/10/2026 - 22:58:07
DEPUTADO FEDERAL,1562,,ANDRÉ DE JESUS SANTOS,MOVIMENTO DEMOCRÁTICO BRASILEIRO,MDB,1121,,Válido,Suplente,04/10/2026 - 22:58:07
DEPUTADO FEDERAL,3090,,AILTON RODRIGUES MACHADO,PARTIDO NOVO,NOVO,1118,,Válido,Suplente,04/10/2026 - 22:58:07
DEPUTADO FEDERAL,5516,,FERNANDO AGUIAR DOS SANTOS,PARTIDO SOCIAL DEMOCRÁTICO,PSD,1109,,Válido,Suplente,04/10/2026 - 22:58:07
DEPUTADO FEDERAL,4003,,CESAR EDUARDO BARBARESCO,PARTIDO SOCIALISTA BRASILEIRO,PSB,1105,,Válido,Suplente,04/10/2026 - 22:58:07
DEPUTADO FEDERAL,1581,,BRUNO ARAUJO COSTA,MOVIMENTO DEMOCRÁTICO BRASILEIRO,MDB,1083,,Válido,Suplente,04/10/2026 - 22:58:07
DEPUTADO FEDERAL,1517,,JOSEFA ANADETE DOS SANTOS SILVA,MOVIMENTO DEMOCRÁTICO BRASILEIRO,MDB,1072,,Válido,Suplente,04/10/2026 - 22:58:07
DEPUTADO FEDERAL,1558,,ALEXANDRE SILVEIRA FINAZZI,MOVIMENTO DEMOCRÁTICO BRASILEIRO,MDB,1069,,Válido,Suplente,04/10/2026 - 22:58:07
DEPUTADO FEDERAL,3065,,GUSTAVO LEOPOLDO RODRIGUES DARÉ,PARTIDO NOVO,NOVO,1062,,Válido,Suplente,04/10/2026 - 22:58:07
DEPUTADO FEDERAL,3009,,OLIVIA MENDES LEAL COSTA,PARTIDO NOVO,NOVO,1055,,Válido,Suplente,04/10/2026 - 22:58:07
DEPUTADO FEDERAL,2733,,ALFREDO MELARE NETO,DEMOCRACIA CRISTÃ,DC,1054,,Válido,Não eleito,04/10/2026 - 22:58:07
DEPUTADO FEDERAL,3577,,OSVALDO BORGES CARDOSO,DEMOCRATA,,1053,,Válido,Não eleito,04/10/2026 - 22:58:07
DEPUTADO FEDERAL,7770,,ULISSES GARCIA MACHADO,FEDERAÇÃO RENOVAÇÃO SOLIDÁRIA,,1035,,Válido,Suplente,04/10/2026 - 22:58:07
DEPUTADO FEDERAL,2025,,CRISTIANE NASCIMENTO PEREIRA,PODEMOS,PODEMOS,1026,,Válido,Suplente,04/10/2026 - 22:58:07
DEPUTADO FEDERAL,3006,,OSWALDO VIDAL DE OLIVEIRA FILHO,PARTIDO NOVO,NOVO,1012,,Válido,Suplente,04/10/2026 - 22:58:07
DEPUTADO FEDERAL,4033,,TIAGO REIS DOS SANTOS,PARTIDO SOCIALISTA BRASILEIRO,PSB,1010,,Válido,Suplente,04/10/2026 - 22:58:07
DEPUTADO FEDERAL,3093,,MARCOS VITOR LESSA,PARTIDO NOVO,NOVO,1003,,Válido,Suplente,04/10/2026 - 22:58:07
DEPUTADO FEDERAL,3038,,PEDRO RODRIGUES DE MIRANDA NETO,PARTIDO NOVO,NOVO,993,,Válido,Suplente,04/10/2026 - 22:58:07
DEPUTADO FEDERAL,2523,,LILIAN BATISTA VENTURA SOARES,FEDERAÇÃO RENOVAÇÃO SOLIDÁRIA,,989,,Válido,Suplente,04/10/2026 - 22:58:07
DEPUTADO FEDERAL,2262,,GRAZIELA APARECIDA DA COSTA GALVÃO,PARTIDO LIBERAL,PL,974,,Válido,Suplente,04/10/2026 - 22:58:07
DEPUTADO FEDERAL,4566,,ODAIR JOSÉ DE JESUS,FEDERAÇÃO PSDB CIDADANIA,,968,,Válido,Suplente,04/10/2026 - 22:58:07
DEPUTADO FEDERAL,4533,,MARCIO REIS DOS SANTOS,FEDERAÇÃO PSDB CIDADANIA,,968,,Válido,Suplente,04/10/2026 - 22:58:07
DEPUTADO FEDERAL,5007,,FLAVIO CASIMIRO DE SOUSA,FEDERAÇÃO PSOL REDE,,963,,Válido,Suplente,04/10/2026 - 22:58:07
DEPUTADO FEDERAL,3037,,PAULO PROIETI,PARTIDO NOVO,NOVO,963,,Válido,Suplente,04/10/2026 - 22:58:07
DEPUTADO FEDERAL,7006,,EUCLYDES DIAS BUCHLER,AVANTE,AVANTE,958,,Válido,Não eleito,04/10/2026 - 22:58:07
DEPUTADO FEDERAL,7026,,ELCIO BATISTA,AVANTE,AVANTE,958,,Válido,Não eleito,04/10/2026 - 22:58:07
DEPUTADO FEDERAL,4063,,JOSE ALFREDO BOSI,PARTIDO SOCIALISTA BRASILEIRO,PSB,953,,Válido,Suplente,04/10/2026 - 22:58:07
DEPUTADO FEDERAL,1245,,ANTONIO JOSÉ BRILHANTE,PARTIDO DEMOCRÁTICO TRABALHISTA,PDT,944,,Válido,Não eleito,04/10/2026 - 22:58:07
DEPUTADO FEDERAL,4047,,ODAIR EUSTAQUIO RIBEIRO GOMES,PARTIDO SOCIALISTA BRASILEIRO,PSB,938,,Válido,Suplente,04/10/2026 - 22:58:07
DEPUTADO FEDERAL,4512,,EUGENIO PINTO DE FREITAS FILHO,FEDERAÇÃO PSDB CIDADANIA,,928,,Válido,Suplente,04/10/2026 - 22:58:07
DEPUTADO FEDERAL,3035,,MÁRIO CEZAR SUTIL,PARTIDO NOVO,NOVO,925,,Válido,Suplente,04/10/2026 - 22:58:07
DEPUTADO FEDERAL,2029,,GEOVANI ROGÉRIO RUFINO VIEIRA,PODEMOS,PODEMOS,922,,Válido,Suplente,04/10/2026 - 22:58:07
DEPUTADO FEDERAL,5552,,ADRIANA HOPPE SCHNEIDER,PARTIDO SOCIAL DEMOCRÁTICO,PSD,921,,Válido,Suplente,04/10/2026 - 22:58:07
DEPUTADO FEDERAL,3056,,DÁCIO GOMYDE PRETONI,PARTIDO NOVO,NOVO,915,,Válido,Suplente,04/10/2026 - 22:58:07
DEPUTADO FEDERAL,4588,,JOSE ROBERTO DE CASTRO,FEDERAÇÃO PSDB CIDADANIA,,911,,Válido,Suplente,04/10/2026 - 22:58:07
DEPUTADO FEDERAL,7720,,FERNANDO TEIXEIRA LOUREIRO,FEDERAÇÃO RENOVAÇÃO SOLIDÁRIA,,910,,Válido,Suplente,04/10/2026 - 22:58:07
DEPUTADO FEDERAL,1516,,DANIEL NEVES DE FARIA,MOVIMENTO DEMOCRÁTICO BRASILEIRO,MDB,908,,Válido,Suplente,04/10/2026 - 22:58:07
DEPUTADO FEDERAL,4523,,EDISON FERNANDO DA SILVA,FEDERAÇÃO PSDB CIDADANIA,,902,,Válido,Suplente,04/10/2026 - 22:58:07
DEPUTADO FEDERAL,5040,,MARIA ELI FERNANDES DOS SANTOS MANIÇOBA,FEDERAÇÃO PSOL REDE,,902,,Válido,Suplente,04/10/2026 - 22:58:07
DEPUTADO FEDERAL,2570,,JOSE WANDERLEY KOPCZYNSKI BARBOSA PEDROSO,FEDERAÇÃO RENOVAÇÃO SOLIDÁRIA,,897,,Válido,Suplente,04/10/2026 - 22:58:07
DEPUTADO FEDERAL,2727,,ALBERTO FELIPPE HADDAD FILHO,DEMOCRACIA CRISTÃ,DC,896,,Válido,Não eleito,04/10/2026 - 22:58:07
DEPUTADO FEDERAL,5507,,DEBORA CRISTINA DE MOURA RODRIGUES,PARTIDO SOCIAL DEMOCRÁTICO,PSD,891,,Válido,Suplente,04/10/2026 - 22:58:07
DEPUTADO FEDERAL,3002,,MARIA ISABELLA GEDEON IZAR,PARTIDO NOVO,NOVO,889,,Válido,Suplente,04/10/2026 - 22:58:07
DEPUTADO FEDERAL,1521,,TOMIO YANO JUNIOR,MOVIMENTO DEMOCRÁTICO BRASILEIRO,MDB,872,,Válido,Suplente,04/10/2026 - 22:58:07
DEPUTADO FEDERAL,3034,,RAQUEL RAFAELA CHAVES DA SILVA,PARTIDO NOVO,NOVO,868,,Válido,Suplente,04/10/2026 - 22:58:07
DEPUTADO FEDERAL,1597,,SAMUEL DE JESUS SANTOS PEREIRA,MOVIMENTO DEMOCRÁTICO BRASILEIRO,MDB,858,,Válido,Suplente,04/10/2026 - 22:58:07
DEPUTADO FEDERAL,4568,,LUIS ROBERTO PORTINHO RODOVALHO,FEDERAÇÃO PSDB CIDADANIA,,857,,Válido,Suplente,04/10/2026 - 22:58:07
DEPUTADO FEDERAL,2018,,DANIEL ARAUJO NEVES SANTIAGO LIMA,PODEMOS,PODEMOS,851,,Válido,Suplente,04/10/2026 - 22:58:07
DEPUTADO FEDERAL,1818,,ALINE DINIZ DA COSTA,FEDERAÇÃO PSOL REDE,,842,,Válido,Suplente,04/10/2026 - 22:58:07
DEPUTADO FEDERAL,1442,,MARIANO HIROAKI SHIROMA,PARTIDO MISSÃO,MISSÃO,840,,Válido,Suplente,04/10/2026 - 22:58:07
DEPUTADO FEDERAL,4417,,RICARDO AMANTINI FILHO,FEDERAÇÃO UNIÃO PROGRESSISTA,,838,,Válido,Suplente,04/10/2026 - 22:58:07
DEPUTADO FEDERAL,2714,,MARIO CESAR ORSOLAN,DEMOCRACIA CRISTÃ,DC,831,,Válido,Não eleito,04/10/2026 - 22:58:07
DEPUTADO FEDERAL,1226,,MARCOS ROBERTO COELHO,PARTIDO DEMOCRÁTICO TRABALHISTA,PDT,827,,Válido,Não eleito,04/10/2026 - 22:58:07
DEPUTADO FEDERAL,7021,,AMARO XIMENES DE MELO,AVANTE,AVANTE,822,,Válido,Não eleito,04/10/2026 - 22:58:07
DEPUTADO FEDERAL,7730,,GILSON PIMENTEL BARRETO,FEDERAÇÃO RENOVAÇÃO SOLIDÁRIA,,822,,Válido,Suplente,04/10/2026 - 22:58:07
DEPUTADO FEDERAL,1232,,WILSON WANDERLEI VIEIRA JUNIOR,PARTIDO DEMOCRÁTICO TRABALHISTA,PDT,819,,Válido,Não eleito,04/10/2026 - 22:58:07
DEPUTADO FEDERAL,1616,,ARTHUR CEZARIO DOS SANTOS,PARTIDO SOCIALISTA DOS TRABALHADORES,PSTU,812,,Válido,Não eleito,04/10/2026 - 22:58:07
DEPUTADO FEDERAL,4511,,VLADIMIR ALVES DE SOUZA,FEDERAÇÃO PSDB CIDADANIA,,811,,Válido,Suplente,04/10/2026 - 22:58:07
DEPUTADO FEDERAL,7767,,JOSE CARLOS ESPIRITO SANTO MURILO,FEDERAÇÃO RENOVAÇÃO SOLIDÁRIA,,809,,Válido,Suplente,04/10/2026 - 22:58:07
DEPUTADO FEDERAL,2735,,DORACI MARIANO,DEMOCRACIA CRISTÃ,DC,808,,Válido,Não eleito,04/10/2026 - 22:58:07
DEPUTADO FEDERAL,1447,,MARCEL MACHADO MUSCAT,PARTIDO MISSÃO,MISSÃO,803,,Válido,Suplente,04/10/2026 - 22:58:07
DEPUTADO FEDERAL,2312,,RENATA APARECIDA SIQUEIRA,FEDERAÇÃO PSDB CIDADANIA,,801,,Válido,Suplente,04/10/2026 - 22:58:07
DEPUTADO FEDERAL,2513,,WAGNER CIPRIANO ARAÚJO,FEDERAÇÃO RENOVAÇÃO SOLIDÁRIA,,796,,Válido,Suplente,04/10/2026 - 22:58:07
DEPUTADO FEDERAL,1415,,YASMIN TAMIRES SARRAF,PARTIDO MISSÃO,MISSÃO,795,,Válido,Suplente,04/10/2026 - 22:58:07
DEPUTADO FEDERAL,2517,,AMARILUZ GARCIA FERREIRA SILVA,FEDERAÇÃO RENOVAÇÃO SOLIDÁRIA,,792,,Válido,Suplente,04/10/2026 - 22:58:07
DEPUTADO FEDERAL,1215,,DANIEL SANTOS OLIVEIRA GALANI,PARTIDO DEMOCRÁTICO TRABALHISTA,PDT,791,,Válido,Não eleito,04/10/2026 - 22:58:07
DEPUTADO FEDERAL,2777,,ANTONIO RODRIGO BATISTA DE OLIVEIRA MORAES,DEMOCRACIA CRISTÃ,DC,788,,Anulado sub judice,Não eleito,04/10/2026 - 22:58:07
DEPUTADO FEDERAL,7089,,VESPASIANO SAULO DA COSTA E SILVA,AVANTE,AVANTE,785,,Válido,Não eleito,04/10/2026 - 22:58:07
DEPUTADO FEDERAL,4443,,MARIA LUCIA MENESES MATTOS,FEDERAÇÃO UNIÃO PROGRESSISTA,,780,,Válido,Suplente,04/10/2026 - 22:58:07
DEPUTADO FEDERAL,2709,,SERGIO PINTO BOMFIM,DEMOCRACIA CRISTÃ,DC,773,,Anulado sub judice,Não eleito,04/10/2026 - 22:58:07
DEPUTADO FEDERAL,1014,,JOAO SIQUEIRA DE FARIAS,REPUBLICANOS,REPUBLICANOS,771,,Válido,Suplente,04/10/2026 - 22:58:07
DEPUTADO FEDERAL,3024,,STELLA MARIA CURY CALIA,PARTIDO NOVO,NOVO,765,,Válido,Suplente,04/10/2026 - 22:58:07
DEPUTADO FEDERAL,5023,,HERICA DA SILVA GERONYMO OLIVEIRA DE FRANÇA,FEDERAÇÃO PSOL REDE,,764,,Válido,Suplente,04/10/2026 - 22:58:07
DEPUTADO FEDERAL,5012,,THUANY FARIA CORRÊA,FEDERAÇÃO PSOL REDE,,755,,Válido,Suplente,04/10/2026 - 22:58:07
DEPUTADO FEDERAL,1147,,REGIANE APARECIDA DE SOUZA NEVES,FEDERAÇÃO UNIÃO PROGRESSISTA,,753,,Válido,Suplente,04/10/2026 - 22:58:07
DEPUTADO FEDERAL,5549,,LUCILA RUIZ GARCIA,PARTIDO SOCIAL DEMOCRÁTICO,PSD,751,,Válido,Suplente,04/10/2026 - 22:58:07
DEPUTADO FEDERAL,2296,,THIAGO FELIPE NEVES,PARTIDO LIBERAL,PL,748,,Válido,Suplente,04/10/2026 - 22:58:07
DEPUTADO FEDERAL,4499,,RENAN DIAS DA MATA,FEDERAÇÃO UNIÃO PROGRESSISTA,,747,,Válido,Suplente,04/10/2026 - 22:58:07
DEPUTADO FEDERAL,3073,,AMANDA OLIVEIRA DE CASTRO,PARTIDO NOVO,NOVO,747,,Válido,Suplente,04/10/2026 - 22:58:07
DEPUTADO FEDERAL,3023,,KARIN RACHEL ARANHA MOHAMED FAYZ,PARTIDO NOVO,NOVO,746,,Válido,Suplente,04/10/2026 - 22:58:07
DEPUTADO FEDERAL,4026,,GILMAR TRECCO CAVACA,PARTIDO SOCIALISTA BRASILEIRO,PSB,746,,Válido,Suplente,04/10/2026 - 22:58:07
DEPUTADO FEDERAL,5578,,FILIPE BEHRENDS DE SOUZA,PARTIDO SOCIAL DEMOCRÁTICO,PSD,740,,Válido,Suplente,04/10/2026 - 22:58:07
DEPUTADO FEDERAL,2712,,JOEL FRANCISCO BARBOSA,DEMOCRACIA CRISTÃ,DC,738,,Válido,Não eleito,04/10/2026 - 22:58:07
DEPUTADO FEDERAL,2016,,VALDETE GOMES DUTRA PEREIRA,PODEMOS,PODEMOS,737,,Válido,Suplente,04/10/2026 - 22:58:07
DEPUTADO FEDERAL,3018,,JOÃO CAETANO DA PAIXÃO,PARTIDO NOVO,NOVO,733,,Válido,Suplente,04/10/2026 - 22:58:07
DEPUTADO FEDERAL,3672,,ABEL COSTA,AGIR,AGIR,726,,Anulado sub judice,Não eleito,04/10/2026 - 22:58:07
DEPUTADO FEDERAL,2061,,JULIANA DE SOUSA SANTOS,PODEMOS,PODEMOS,726,,Válido,Suplente,04/10/2026 - 22:58:07
DEPUTADO FEDERAL,2243,,RENATA PUCCI,PARTIDO LIBERAL,PL,724,,Válido,Suplente,04/10/2026 - 22:58:07
DEPUTADO FEDERAL,3670,,FABIANO AURELIO MARTINS,AGIR,AGIR,722,,Anulado sub judice,Não eleito,04/10/2026 - 22:58:07
DEPUTADO FEDERAL,1587,,JULIANO FERREIRA DOS SANTOS GERMANO,MOVIMENTO DEMOCRÁTICO BRASILEIRO,MDB,715,,Válido,Suplente,04/10/2026 - 22:58:07
DEPUTADO FEDERAL,5534,,ANTONIO JARES MODESTO PEDROSO,PARTIDO SOCIAL DEMOCRÁTICO,PSD,710,,Válido,Suplente,04/10/2026 - 22:58:07
DEPUTADO FEDERAL,3082,,JABS CRES MAIA SANTOS,PARTIDO NOVO,NOVO,704,,Válido,Suplente,04/10/2026 - 22:58:07
DEPUTADO FEDERAL,7058,,SIDNEI SABELA,AVANTE,AVANTE,702,,Válido,Não eleito,04/10/2026 - 22:58:07
DEPUTADO FEDERAL,3522,,GILMAR ANDRE DOS SANTOS NEVES DE LAVOR,DEMOCRATA,,701,,Válido,Não eleito,04/10/2026 - 22:58:07
DEPUTADO FEDERAL,5527,,ANA PAULA ZARBIETTI,PARTIDO SOCIAL DEMOCRÁTICO,PSD,696,,Válido,Suplente,04/10/2026 - 22:58:07
DEPUTADO FEDERAL,4414,,JOYCE PAULINO LEANDRO,FEDERAÇÃO UNIÃO PROGRESSISTA,,693,,Válido,Suplente,04/10/2026 - 22:58:07
DEPUTADO FEDERAL,1025,,ROGERIO DA SILVA CERQUEIRA,REPUBLICANOS,REPUBLICANOS,689,,Válido,Suplente,04/10/2026 - 22:58:07
DEPUTADO FEDERAL,3044,,LUIZA REJANE ROCHA ANDREOLLI,PARTIDO NOVO,NOVO,686,,Válido,Suplente,04/10/2026 - 22:58:07
DEPUTADO FEDERAL,4565,,PEDRO HENRIQUE BARROSO DE ALMEIDA,FEDERAÇÃO PSDB CIDADANIA,,681,,Válido,Suplente,04/10/2026 - 22:58:07
DEPUTADO FEDERAL,4484,,CAROLINA SPALLUTTO ANTUNES,FEDERAÇÃO UNIÃO PROGRESSISTA,,676,,Válido,Suplente,04/10/2026 - 22:58:07
DEPUTADO FEDERAL,1410,,CRISTIANE PRISCILA NAVARRO,PARTIDO MISSÃO,MISSÃO,673,,Válido,Suplente,04/10/2026 - 22:58:07
DEPUTADO FEDERAL,2005,,LAYLAH GABRIELA ANTUNES,PODEMOS,PODEMOS,673,,Válido,Suplente,04/10/2026 - 22:58:07
DEPUTADO FEDERAL,2512,,FERNANDA FERREIRA DOS SANTOS,FEDERAÇÃO RENOVAÇÃO SOLIDÁRIA,,670,,Válido,Suplente,04/10/2026 - 22:58:07
DEPUTADO FEDERAL,3014,,JULIA BEATRIZ COELHO,PARTIDO NOVO,NOVO,666,,Válido,Suplente,04/10/2026 - 22:58:07
DEPUTADO FEDERAL,7700,,FABIO DEL MONTE SOBRINHO,FEDERAÇÃO RENOVAÇÃO SOLIDÁRIA,,665,,Válido,Suplente,04/10/2026 - 22:58:07
DEPUTADO FEDERAL,2035,,LAURICE YOKO ARITA,PODEMOS,PODEMOS,661,,Válido,Suplente,04/10/2026 - 22:58:07
DEPUTADO FEDERAL,5514,,GREGORIO JAFET AJAJ,PARTIDO SOCIAL DEMOCRÁTICO,PSD,660,,Válido,Suplente,04/10/2026 - 22:58:07
DEPUTADO FEDERAL,1317,,SILVIA PEDRINA PANCHAME KRUMPANZL,FEDERAÇÃO BRASIL DA ESPERANÇA - FE BRASIL,,659,,Válido,Suplente,04/10/2026 - 22:58:07
DEPUTADO FEDERAL,4527,,ALEXSANDRO RIBEIRO TEIXEIRA,FEDERAÇÃO PSDB CIDADANIA,,657,,Válido,Suplente,04/10/2026 - 22:58:07
DEPUTADO FEDERAL,3005,,RAFAEL RIBEIRO ZUCCO,PARTIDO NOVO,NOVO,648,,Válido,Suplente,04/10/2026 - 22:58:07
DEPUTADO FEDERAL,1267,,FRANKLIN ANDRADE DA SILVA,PARTIDO DEMOCRÁTICO TRABALHISTA,PDT,644,,Válido,Não eleito,04/10/2026 - 22:58:07
DEPUTADO FEDERAL,2008,,RITA DE CASSIA DE ANDRADE SOUZA,PODEMOS,PODEMOS,643,,Válido,Suplente,04/10/2026 - 22:58:07
DEPUTADO FEDERAL,1008,,ALEX SANDRO JUNIO DA SILVA BENTO,REPUBLICANOS,REPUBLICANOS,641,,Válido,Suplente,04/10/2026 - 22:58:07
DEPUTADO FEDERAL,7073,,ELAINE MOREIRA FERREIRA,AVANTE,AVANTE,637,,Válido,Não eleito,04/10/2026 - 22:58:07
DEPUTADO FEDERAL,1506,,ELIS REGINA VIEIRA RUANO,MOVIMENTO DEMOCRÁTICO BRASILEIRO,MDB,630,,Válido,Suplente,04/10/2026 - 22:58:07
DEPUTADO FEDERAL,5014,,ADRIANO NASCIMENTO DOS SANTOS,FEDERAÇÃO PSOL REDE,,629,,Válido,Suplente,04/10/2026 - 22:58:07
DEPUTADO FEDERAL,5572,,REGINALDO ALBUQUERQUE BISPO TIMM,PARTIDO SOCIAL DEMOCRÁTICO,PSD,623,,Válido,Suplente,04/10/2026 - 22:58:07
DEPUTADO FEDERAL,2550,,LUIZA HELENA XAVIER OWHOKA,FEDERAÇÃO RENOVAÇÃO SOLIDÁRIA,,621,,Válido,Suplente,04/10/2026 - 22:58:07
DEPUTADO FEDERAL,7009,,ADAUTO BENTIVEGNA FILHO,AVANTE,AVANTE,615,,Válido,Não eleito,04/10/2026 - 22:58:07
DEPUTADO FEDERAL,4513,,JOAO PEREIRA LIMA JUNIOR,FEDERAÇÃO PSDB CIDADANIA,,615,,Válido,Suplente,04/10/2026 - 22:58:07
DEPUTADO FEDERAL,2708,,JULIANA CORREA PEREIRA DA SILVA,DEMOCRACIA CRISTÃ,DC,613,,Válido,Não eleito,04/10/2026 - 22:58:07
DEPUTADO FEDERAL,4006,,ALEXSANDRA RIBEIRO RODRIGUES DA SILVA,PARTIDO SOCIALISTA BRASILEIRO,PSB,613,,Válido,Suplente,04/10/2026 - 22:58:07
DEPUTADO FEDERAL,4014,,CARLOS HENRIQUE DOS SANTOS,PARTIDO SOCIALISTA BRASILEIRO,PSB,611,,Válido,Suplente,04/10/2026 - 22:58:07
DEPUTADO FEDERAL,5518,,PATRICIA AIELLO FIGUEIRA RODRIGUES,PARTIDO SOCIAL DEMOCRÁTICO,PSD,610,,Válido,Suplente,04/10/2026 - 22:58:07
DEPUTADO FEDERAL,4520,,ROBERT JACYNTO DE PAIVA,FEDERAÇÃO PSDB CIDADANIA,,609,,Válido,Suplente,04/10/2026 - 22:58:07
DEPUTADO FEDERAL,1251,,SANZIO RODRIGUES DA SILVA,PARTIDO DEMOCRÁTICO TRABALHISTA,PDT,607,,Válido,Não eleito,04/10/2026 - 22:58:07
DEPUTADO FEDERAL,3080,,SIDNEY CARVALHO ELIAS,PARTIDO NOVO,NOVO,607,,Válido,Suplente,04/10/2026 - 22:58:07
DEPUTADO FEDERAL,1811,,RICARDO ANDRE BARROS DE MORAES,FEDERAÇÃO PSOL REDE,,604,,Válido,Suplente,04/10/2026 - 22:58:07
DEPUTADO FEDERAL,1221,,ARAFETH ALI HUSSEIN NASREDDINE,PARTIDO DEMOCRÁTICO TRABALHISTA,PDT,603,,Válido,Não eleito,04/10/2026 - 22:58:07
DEPUTADO FEDERAL,1440,,NATALIA DOS SANTOS MINZIO,PARTIDO MISSÃO,MISSÃO,595,,Válido,Suplente,04/10/2026 - 22:58:07
DEPUTADO FEDERAL,1270,,ELZA ALVES DE CARVALHO,PARTIDO DEMOCRÁTICO TRABALHISTA,PDT,594,,Válido,Não eleito,04/10/2026 - 22:58:07
DEPUTADO FEDERAL,4089,,ALMIR ROGERIO DOS SANTOS,PARTIDO SOCIALISTA BRASILEIRO,PSB,592,,Válido,Suplente,04/10/2026 - 22:58:07
DEPUTADO FEDERAL,1471,,ROGÉRIO CHIMIONATO,PARTIDO MISSÃO,MISSÃO,584,,Válido,Suplente,04/10/2026 - 22:58:07
DEPUTADO FEDERAL,1024,,ANGELO LUIZ CESARIO,REPUBLICANOS,REPUBLICANOS,580,,Válido,Suplente,04/10/2026 - 22:58:07
DEPUTADO FEDERAL,2772,,ALBERY MARTINS E SILVA,DEMOCRACIA CRISTÃ,DC,578,,Válido,Não eleito,04/10/2026 - 22:58:07
DEPUTADO FEDERAL,4558,,JOÃO MARCOS CRUZ DE OLIVEIRA,FEDERAÇÃO PSDB CIDADANIA,,575,,Válido,Suplente,04/10/2026 - 22:58:07
DEPUTADO FEDERAL,4578,,EDUARDO CRISTIANO RIJO PINTO,FEDERAÇÃO PSDB CIDADANIA,,574,,Válido,Suplente,04/10/2026 - 22:58:07
DEPUTADO FEDERAL,1256,,LUCINETHE JARDIM,PARTIDO DEMOCRÁTICO TRABALHISTA,PDT,569,,Válido,Não eleito,04/10/2026 - 22:58:07
DEPUTADO FEDERAL,4057,,ELISABETE DE JESUS,PARTIDO SOCIALISTA BRASILEIRO,PSB,569,,Válido,Suplente,04/10/2026 - 22:58:07
DEPUTADO FEDERAL,7017,,ADRIANA FROIO PERFEITO,AVANTE,AVANTE,563,,Válido,Não eleito,04/10/2026 - 22:58:07
DEPUTADO FEDERAL,1225,,JOSÉ CARLOS LUIS,PARTIDO DEMOCRÁTICO TRABALHISTA,PDT,560,,Válido,Não eleito,04/10/2026 - 22:58:07
DEPUTADO FEDERAL,1145,,CAROLINE DE CAMPOS DEL VECCHIO,FEDERAÇÃO UNIÃO PROGRESSISTA,,559,,Válido,Suplente,04/10/2026 - 22:58:07
DEPUTADO FEDERAL,1411,,RICARDO AUGUSTO HONÓRIO ALVES,PARTIDO MISSÃO,MISSÃO,557,,Válido,Suplente,04/10/2026 - 22:58:07
DEPUTADO FEDERAL,1203,,CAROLINA DE BRITO POLICELLI,PARTIDO DEMOCRÁTICO TRABALHISTA,PDT,550,,Válido,Não eleito,04/10/2026 - 22:58:07
DEPUTADO FEDERAL,1407,,LUIS GUSTAVO VERDICCHIO BENA,PARTIDO MISSÃO,MISSÃO,550,,Válido,Suplente,04/10/2026 - 22:58:07
DEPUTADO FEDERAL,7045,,FRANCISCO ALEXANDRE FILHO,AVANTE,AVANTE,546,,Válido,Não eleito,04/10/2026 - 22:58:07
DEPUTADO FEDERAL,7014,,MILTON ROBERTO DE SOUZA ARRUDA JÚNIOR,AVANTE,AVANTE,545,,Válido,Não eleito,04/10/2026 - 22:58:07
DEPUTADO FEDERAL,7701,,MARCO BATISTA DE OLIVEIRA,FEDERAÇÃO RENOVAÇÃO SOLIDÁRIA,,542,,Válido,Suplente,04/10/2026 - 22:58:07
DEPUTADO FEDERAL,2730,,SIMONE VIEIRA LIMA,DEMOCRACIA CRISTÃ,DC,539,,Válido,Não eleito,04/10/2026 - 22:58:07
DEPUTADO FEDERAL,7016,,JORGE RICARDO SALLES RAMOS,AVANTE,AVANTE,536,,Válido,Não eleito,04/10/2026 - 22:58:07
DEPUTADO FEDERAL,3072,,FERNANDO DA SILVA BREVIGLIERI,PARTIDO NOVO,NOVO,534,,Válido,Suplente,04/10/2026 - 22:58:07
DEPUTADO FEDERAL,2799,,JULIANO RODRIGO AZALI MORENO,DEMOCRACIA CRISTÃ,DC,531,,Válido,Não eleito,04/10/2026 - 22:58:07
DEPUTADO FEDERAL,2552,,MARCELO AUGUSTO FIDELIS,FEDERAÇÃO RENOVAÇÃO SOLIDÁRIA,,531,,Válido,Suplente,04/10/2026 - 22:58:07
DEPUTADO FEDERAL,1560,,MATHEUS LUCAS BERNARDO DE SOUZA,MOVIMENTO DEMOCRÁTICO BRASILEIRO,MDB,529,,Válido,Suplente,04/10/2026 - 22:58:07
DEPUTADO FEDERAL,5596,,MARIA APARECIDA PINTO,PARTIDO SOCIAL DEMOCRÁTICO,PSD,527,,Válido,Suplente,04/10/2026 - 22:58:07
DEPUTADO FEDERAL,1453,,MAURÍCIO DOMINGUES DA SILVA,PARTIDO MISSÃO,MISSÃO,526,,Válido,Suplente,04/10/2026 - 22:58:07
DEPUTADO FEDERAL,4091,,MARIA DO CARMO PORTELA RUMBO,PARTIDO SOCIALISTA BRASILEIRO,PSB,526,,Válido,Suplente,04/10/2026 - 22:58:07
DEPUTADO FEDERAL,1085,,DANUTTA DE FIGUEIREDO FALCÃO ROSSETO,REPUBLICANOS,REPUBLICANOS,524,,Válido,Suplente,04/10/2026 - 22:58:07
DEPUTADO FEDERAL,2060,,KAROLINA OLIVEIRA DA SILVA,PODEMOS,PODEMOS,517,,Válido,Suplente,04/10/2026 - 22:58:07
DEPUTADO FEDERAL,5060,,PIERRE ALERRANDRO GOMES FERNANDEZ,FEDERAÇÃO PSOL REDE,,516,,Válido,Suplente,04/10/2026 - 22:58:07
DEPUTADO FEDERAL,4554,,RICARDO NUNES SAAD,FEDERAÇÃO PSDB CIDADANIA,,511,,Válido,Suplente,04/10/2026 - 22:58:07
DEPUTADO FEDERAL,4013,,SIDNEY LAGE DE RESENDE,PARTIDO SOCIALISTA BRASILEIRO,PSB,510,,Válido,Suplente,04/10/2026 - 22:58:07
DEPUTADO FEDERAL,1278,,ESTELA CRISTINA DE TOLEDO PIZA ROSSI,PARTIDO DEMOCRÁTICO TRABALHISTA,PDT,509,,Válido,Não eleito,04/10/2026 - 22:58:07
DEPUTADO FEDERAL,7054,,WANDERLEY MONTANHOLI JUNIOR,AVANTE,AVANTE,508,,Válido,Não eleito,04/10/2026 - 22:58:07
DEPUTADO FEDERAL,4580,,PAULO ROBERTO CAVALCANTE,FEDERAÇÃO PSDB CIDADANIA,,506,,Válido,Suplente,04/10/2026 - 22:58:07
DEPUTADO FEDERAL,3607,,FRANK KENJI AOYAGUE,AGIR,AGIR,505,,Válido,Não eleito,04/10/2026 - 22:58:07
DEPUTADO FEDERAL,1455,,VICTOR DEREK SANTIAGO CANARIN,PARTIDO MISSÃO,MISSÃO,502,,Válido,Suplente,04/10/2026 - 22:58:07
DEPUTADO FEDERAL,1466,,PAULO CÉSAR DE OLIVEIRA COELHO,PARTIDO MISSÃO,MISSÃO,499,,Válido,Suplente,04/10/2026 - 22:58:07
DEPUTADO FEDERAL,3621,,DONIZETE DE CASTILHO,AGIR,AGIR,498,,Anulado sub judice,Não eleito,04/10/2026 - 22:58:07
DEPUTADO FEDERAL,4027,,LUCIANA GARCIA DE OLIVEIRA,PARTIDO SOCIALISTA BRASILEIRO,PSB,494,,Válido,Suplente,04/10/2026 - 22:58:07
DEPUTADO FEDERAL,1575,,ADA HENRIQUE XAVIER,MOVIMENTO DEMOCRÁTICO BRASILEIRO,MDB,492,,Válido,Suplente,04/10/2026 - 22:58:07
DEPUTADO FEDERAL,3013,,MARCOS VINÍCIUS LUZ GIANNONI,PARTIDO NOVO,NOVO,484,,Válido,Suplente,04/10/2026 - 22:58:07
DEPUTADO FEDERAL,1116,,ADRIANA DA SILVA E SOUSA,FEDERAÇÃO UNIÃO PROGRESSISTA,,483,,Válido,Suplente,04/10/2026 - 22:58:07
DEPUTADO FEDERAL,3039,,DAMARIS DA SILVA DE SOUSA,PARTIDO NOVO,NOVO,482,,Válido,Suplente,04/10/2026 - 22:58:07
DEPUTADO FEDERAL,3511,,ELIAS DOS SANTOS BITENCOURT,DEMOCRATA,,480,,Válido,Não eleito,04/10/2026 - 22:58:07
DEPUTADO FEDERAL,1006,,MARCELO HENRIQUE SILVA,REPUBLICANOS,REPUBLICANOS,480,,Válido,Suplente,04/10/2026 - 22:58:07
DEPUTADO FEDERAL,7029,,ANDERSON FERREIRA GIMENES,AVANTE,AVANTE,478,,Válido,Não eleito,04/10/2026 - 22:58:07
DEPUTADO FEDERAL,1423,,ELIZABETE MERENDA GONÇALVES,PARTIDO MISSÃO,MISSÃO,473,,Válido,Suplente,04/10/2026 - 22:58:07
DEPUTADO FEDERAL,2711,,MARCILIO DO VALE ALBUQUERQUE,DEMOCRACIA CRISTÃ,DC,467,,Válido,Não eleito,04/10/2026 - 22:58:07
DEPUTADO FEDERAL,1527,,JAQUELINE PINHEIRO DE ARAUJO DOS SANTOS,MOVIMENTO DEMOCRÁTICO BRASILEIRO,MDB,464,,Válido,Suplente,04/10/2026 - 22:58:07
DEPUTADO FEDERAL,7790,,EDGAR SOUZA DOS SANTOS,FEDERAÇÃO RENOVAÇÃO SOLIDÁRIA,,462,,Válido,Suplente,04/10/2026 - 22:58:07
DEPUTADO FEDERAL,1254,,JOÃO AUGUSTO DE ALMEIDA MENDONÇA,PARTIDO DEMOCRÁTICO TRABALHISTA,PDT,462,,Válido,Não eleito,04/10/2026 - 22:58:07
DEPUTADO FEDERAL,1026,,DOUGLAS VIVANCO MARINO DE SOUZA,REPUBLICANOS,REPUBLICANOS,462,,Válido,Suplente,04/10/2026 - 22:58:07
DEPUTADO FEDERAL,4514,,JOAO PEDRO DIAS DA SILVA,FEDERAÇÃO PSDB CIDADANIA,,454,,Válido,Suplente,04/10/2026 - 22:58:07
DEPUTADO FEDERAL,2510,,JOSE CARLOS BERNARDI,FEDERAÇÃO RENOVAÇÃO SOLIDÁRIA,,453,,Válido,Suplente,04/10/2026 - 22:58:07
DEPUTADO FEDERAL,1412,,KARINA DOS SANTOS CLARO,PARTIDO MISSÃO,MISSÃO,453,,Válido,Suplente,04/10/2026 - 22:58:07
DEPUTADO FEDERAL,1564,,GIULIANE NERI DOS SANTOS,MOVIMENTO DEMOCRÁTICO BRASILEIRO,MDB,448,,Válido,Suplente,04/10/2026 - 22:58:07
DEPUTADO FEDERAL,5504,,DORA LUCIA SANCHES SILVA,PARTIDO SOCIAL DEMOCRÁTICO,PSD,438,,Válido,Suplente,04/10/2026 - 22:58:07
DEPUTADO FEDERAL,2021,,LUCIANA CHRISTINA DE SOUSA OLIVEIRA GARCIA,PODEMOS,PODEMOS,438,,Válido,Suplente,04/10/2026 - 22:58:07
DEPUTADO FEDERAL,1611,,RENATO BENEDUCI ASSAD,PARTIDO SOCIALISTA DOS TRABALHADORES,PSTU,436,,Válido,Não eleito,04/10/2026 - 22:58:07
DEPUTADO FEDERAL,3689,,JOSE AZEVEDO PIRES,AGIR,AGIR,435,,Anulado sub judice,Não eleito,04/10/2026 - 22:58:07
DEPUTADO FEDERAL,4008,,DOLIRIO LAMONICA TEIXEIRA,PARTIDO SOCIALISTA BRASILEIRO,PSB,432,,Válido,Suplente,04/10/2026 - 22:58:07
DEPUTADO FEDERAL,1029,,JULIANA LUCIANO DOS SANTOS,REPUBLICANOS,REPUBLICANOS,430,,Válido,Suplente,04/10/2026 - 22:58:07
DEPUTADO FEDERAL,3613,,CASSIO DE SOUZA SILVA DOS SANTOS,AGIR,AGIR,429,,Anulado sub judice,Não eleito,04/10/2026 - 22:58:07
DEPUTADO FEDERAL,1552,,AMANDA SANTOS DA SILVA,MOVIMENTO DEMOCRÁTICO BRASILEIRO,MDB,429,,Válido,Suplente,04/10/2026 - 22:58:07
DEPUTADO FEDERAL,5557,,NATALY DOS SANTOS SANTANA VASCONCELLOS,PARTIDO SOCIAL DEMOCRÁTICO,PSD,429,,Válido,Suplente,04/10/2026 - 22:58:07
DEPUTADO FEDERAL,4575,,FRANKLIN KILBERT KARBSTEIN,FEDERAÇÃO PSDB CIDADANIA,,428,,Válido,Suplente,04/10/2026 - 22:58:07
DEPUTADO FEDERAL,3032,,ANA PAULA ROCHA TEIXEIRA,PARTIDO NOVO,NOVO,427,,Válido,Suplente,04/10/2026 - 22:58:07
DEPUTADO FEDERAL,7052,,JENETON ALVES DE MESQUITA,AVANTE,AVANTE,422,,Válido,Não eleito,04/10/2026 - 22:58:07
DEPUTADO FEDERAL,1299,,ESTELA MAGDA BRUGNERA,PARTIDO DEMOCRÁTICO TRABALHISTA,PDT,421,,Válido,Não eleito,04/10/2026 - 22:58:07
DEPUTADO FEDERAL,1078,,FERNANDA VOLNEIA PAIN DE MORAES,REPUBLICANOS,REPUBLICANOS,417,,Válido,Suplente,04/10/2026 - 22:58:07
DEPUTADO FEDERAL,8001,,MATHEUS MORAIS CANDIDO,UNIDADE POPULAR,UP,417,,Válido,Não eleito,04/10/2026 - 22:58:07
DEPUTADO FEDERAL,2303,,CLAUDETE FERREIRA DA SILVA,FEDERAÇÃO PSDB CIDADANIA,,416,,Válido,Suplente,04/10/2026 - 22:58:07
DEPUTADO FEDERAL,4556,,ERLON CHAVES DE CASTRO,FEDERAÇÃO PSDB CIDADANIA,,416,,Válido,Suplente,04/10/2026 - 22:58:07
DEPUTADO FEDERAL,3051,,CÍCERA SEVERINA DA CONCEIÇÃO MUSA,PARTIDO NOVO,NOVO,411,,Válido,Suplente,04/10/2026 - 22:58:07
DEPUTADO FEDERAL,1504,,ANDRE LUIS PEIXOTO PIROVANI,MOVIMENTO DEMOCRÁTICO BRASILEIRO,MDB,407,,Válido,Suplente,04/10/2026 - 22:58:07
DEPUTADO FEDERAL,2787,,JOAO ANTONIO DA SILVA,DEMOCRACIA CRISTÃ,DC,405,,Anulado sub judice,Não eleito,04/10/2026 - 22:58:07
DEPUTADO FEDERAL,4084,,MAURO CAPUTTI MATTOSINHO,PARTIDO SOCIALISTA BRASILEIRO,PSB,404,,Válido,Suplente,04/10/2026 - 22:58:07
DEPUTADO FEDERAL,7778,,YANNAHE MARQUES VIANNA,FEDERAÇÃO RENOVAÇÃO SOLIDÁRIA,,401,,Válido,Suplente,04/10/2026 - 22:58:07
DEPUTADO FEDERAL,3634,,REINALDO SOUZA LIMA,AGIR,AGIR,400,,Anulado sub judice,Não eleito,04/10/2026 - 22:58:07
DEPUTADO FEDERAL,1833,,ADRIANA GOMES,FEDERAÇÃO PSOL REDE,,400,,Válido,Suplente,04/10/2026 - 22:58:07
DEPUTADO FEDERAL,2567,,WILSON ALVES DA SILVA JUNIOR,FEDERAÇÃO RENOVAÇÃO SOLIDÁRIA,,399,,Válido,Suplente,04/10/2026 - 22:58:07
DEPUTADO FEDERAL,7056,,AMANDA DO NASCIMENTO NUNES,AVANTE,AVANTE,398,,Válido,Não eleito,04/10/2026 - 22:58:07
DEPUTADO FEDERAL,4525,,JULIANA CHRISTINE PEREIRA BEJES,FEDERAÇÃO PSDB CIDADANIA,,396,,Válido,Suplente,04/10/2026 - 22:58:07
DEPUTADO FEDERAL,5099,,LAURO CARLOS PACHECO,FEDERAÇÃO PSOL REDE,,391,,Válido,Suplente,04/10/2026 - 22:58:07
DEPUTADO FEDERAL,1128,,PRISCILLA JEREMIAS CARRIJO,FEDERAÇÃO UNIÃO PROGRESSISTA,,389,,Válido,Suplente,04/10/2026 - 22:58:07
DEPUTADO FEDERAL,4069,,JOSÉ RONALDO GOMES DA SILVA,PARTIDO SOCIALISTA BRASILEIRO,PSB,384,,Válido,Suplente,04/10/2026 - 22:58:07
DEPUTADO FEDERAL,3078,,VALTERNEI OLIMPIO DOS SANTOS,PARTIDO NOVO,NOVO,383,,Válido,Suplente,04/10/2026 - 22:58:07
DEPUTADO FEDERAL,2792,,MARIA JOSE DA SILVA,DEMOCRACIA CRISTÃ,DC,378,,Válido,Não eleito,04/10/2026 - 22:58:07
DEPUTADO FEDERAL,7020,,IVONE SILVA SANTANA FERNANDES,AVANTE,AVANTE,377,,Válido,Não eleito,04/10/2026 - 22:58:07
DEPUTADO FEDERAL,1037,,VANESSA DE OLIVEIRA ARAUJO GOMES,REPUBLICANOS,REPUBLICANOS,377,,Válido,Suplente,04/10/2026 - 22:58:07
DEPUTADO FEDERAL,7097,,MAURO BONIOLO RUIZ,AVANTE,AVANTE,373,,Válido,Não eleito,04/10/2026 - 22:58:07
DEPUTADO FEDERAL,7055,,EVERALDO ANTONIO DE ANDRADE,AVANTE,AVANTE,371,,Válido,Não eleito,04/10/2026 - 22:58:07
DEPUTADO FEDERAL,1881,,ALEXANDRA ASSUMPÇÃO FONSECA,FEDERAÇÃO PSOL REDE,,370,,Válido,Suplente,04/10/2026 - 22:58:07
DEPUTADO FEDERAL,3630,,LUZIA MARIA VIDICA CANDIDO,AGIR,AGIR,368,,Válido,Não eleito,04/10/2026 - 22:58:07
DEPUTADO FEDERAL,7013,,ANDRELINA AMELIA FERREIRA,AVANTE,AVANTE,364,,Válido,Não eleito,04/10/2026 - 22:58:07
DEPUTADO FEDERAL,7023,,CARLA GRAZIELLE DOS SANTOS LOURENÇO,AVANTE,AVANTE,363,,Válido,Não eleito,04/10/2026 - 22:58:07
DEPUTADO FEDERAL,1209,,JAIR RIBEIRO DE SANTANA,PARTIDO DEMOCRÁTICO TRABALHISTA,PDT,363,,Válido,Não eleito,04/10/2026 - 22:58:07
DEPUTADO FEDERAL,3062,,SÉRGIO RICARDO DE CARVALHO NEVES,PARTIDO NOVO,NOVO,362,,Válido,Suplente,04/10/2026 - 22:58:07
DEPUTADO FEDERAL,2778,,DJERSON PINHEIRO DA COSTA JUNIOR,DEMOCRACIA CRISTÃ,DC,359,,Válido,Não eleito,04/10/2026 - 22:58:07
DEPUTADO FEDERAL,7069,,LEANDRO DIAS CAMPANHA,AVANTE,AVANTE,354,,Válido,Não eleito,04/10/2026 - 22:58:07
DEPUTADO FEDERAL,2545,,ANGELICA SOARES,FEDERAÇÃO RENOVAÇÃO SOLIDÁRIA,,350,,Válido,Suplente,04/10/2026 - 22:58:07
DEPUTADO FEDERAL,4405,,JAQUELINE DOMINGOS SAVIO MARTINS DO NASCIMENTO,FEDERAÇÃO UNIÃO PROGRESSISTA,,347,,Válido,Suplente,04/10/2026 - 22:58:07
DEPUTADO FEDERAL,7084,,JOSÉ AUDIDUDIMA SALES DA SILVA,AVANTE,AVANTE,345,,Válido,Não eleito,04/10/2026 - 22:58:07
DEPUTADO FEDERAL,2789,,PEDRO GOMES DE ALMEIDA,DEMOCRACIA CRISTÃ,DC,341,,Válido,Não eleito,04/10/2026 - 22:58:07
DEPUTADO FEDERAL,3626,,ADEMIR DA PENHA CLEMENTE,AGIR,AGIR,339,,Válido,Não eleito,04/10/2026 - 22:58:07
DEPUTADO FEDERAL,1660,,LORENA FERNANDES SILVA,PARTIDO SOCIALISTA DOS TRABALHADORES,PSTU,337,,Válido,Não eleito,04/10/2026 - 22:58:07
DEPUTADO FEDERAL,5020,,DORIVAL PEREIRA DOS SANTOS,FEDERAÇÃO PSOL REDE,,334,,Válido,Suplente,04/10/2026 - 22:58:07
DEPUTADO FEDERAL,5056,,ENOC MANOEL DE SANTANA,FEDERAÇÃO PSOL REDE,,333,,Válido,Suplente,04/10/2026 - 22:58:07
DEPUTADO FEDERAL,1490,,BEATRIZ RODRIGUES DA CUNHA COIMBRA,PARTIDO MISSÃO,MISSÃO,332,,Válido,Suplente,04/10/2026 - 22:58:07
DEPUTADO FEDERAL,3084,,CARLOS ALBERTO SERRA NETO,PARTIDO NOVO,NOVO,331,,Válido,Suplente,04/10/2026 - 22:58:07
DEPUTADO FEDERAL,7035,,PATRICIA SANT 'ANA BORGES,AVANTE,AVANTE,329,,Válido,Não eleito,04/10/2026 - 22:58:07
DEPUTADO FEDERAL,4009,,ELIANE DE CARVALHO VENDRAMETTO,PARTIDO SOCIALISTA BRASILEIRO,PSB,329,,Válido,Suplente,04/10/2026 - 22:58:07
DEPUTADO FEDERAL,2566,,BARBARA MARIANO TRINDADE LEKEVICIUS,FEDERAÇÃO RENOVAÇÃO SOLIDÁRIA,,325,,Válido,Suplente,04/10/2026 - 22:58:07
DEPUTADO FEDERAL,7032,,JOSE AMARO DA SILVA,AVANTE,AVANTE,324,,Válido,Não eleito,04/10/2026 - 22:58:07
DEPUTADO FEDERAL,4526,,ELAINE CRISTINA GONÇALVES AMORIM,FEDERAÇÃO PSDB CIDADANIA,,324,,Válido,Suplente,04/10/2026 - 22:58:07
DEPUTADO FEDERAL,4501,,PATRICIA GOMES DA SILVA,FEDERAÇÃO PSDB CIDADANIA,,323,,Válido,Suplente,04/10/2026 - 22:58:07
DEPUTADO FEDERAL,5521,,MICHELE VANZELLA,PARTIDO SOCIAL DEMOCRÁTICO,PSD,323,,Válido,Suplente,04/10/2026 - 22:58:07
DEPUTADO FEDERAL,4537,,ÉRIKA ROBERTA DOS SANTOS OLIVETTI JACOMINI,FEDERAÇÃO PSDB CIDADANIA,,321,,Válido,Suplente,04/10/2026 - 22:58:07
DEPUTADO FEDERAL,4048,,DEISE BUENO DOS PASSOS,PARTIDO SOCIALISTA BRASILEIRO,PSB,321,,Válido,Suplente,04/10/2026 - 22:58:07
DEPUTADO FEDERAL,3678,,CINTIA APARECIDA MAIA,AGIR,AGIR,319,,Válido,Não eleito,04/10/2026 - 22:58:07
DEPUTADO FEDERAL,3055,,DANIEL DE OLIVEIRA MELO,PARTIDO NOVO,NOVO,315,,Válido,Suplente,04/10/2026 - 22:58:07
DEPUTADO FEDERAL,3612,,IDAIR DOS SANTOS NASCIMENTO,AGIR,AGIR,312,,Válido,Não eleito,04/10/2026 - 22:58:07
DEPUTADO FEDERAL,1261,,RONALDO FERNANDEZ TOMÉ,PARTIDO DEMOCRÁTICO TRABALHISTA,PDT,311,,Válido,Não eleito,04/10/2026 - 22:58:07
DEPUTADO FEDERAL,7079,,GILSILENE DE OLIVEIRA GARCIA,AVANTE,AVANTE,308,,Válido,Não eleito,04/10/2026 - 22:58:07
DEPUTADO FEDERAL,7755,,ELIANA FERNANDES CONCEIÇÃO,FEDERAÇÃO RENOVAÇÃO SOLIDÁRIA,,308,,Válido,Suplente,04/10/2026 - 22:58:07
DEPUTADO FEDERAL,1418,,HÉLIO FRAZZATTI NETO,PARTIDO MISSÃO,MISSÃO,308,,Válido,Suplente,04/10/2026 - 22:58:07
DEPUTADO FEDERAL,2031,,LAURA FERNANDA GRACIANO,PODEMOS,PODEMOS,307,,Válido,Suplente,04/10/2026 - 22:58:07
DEPUTADO FEDERAL,2377,,JANAINA DE CASTRO SANTOS PEREIRA,FEDERAÇÃO PSDB CIDADANIA,,306,,Válido,Suplente,04/10/2026 - 22:58:07
DEPUTADO FEDERAL,1216,,CLEYTON FERREIRA DA SILVA,PARTIDO DEMOCRÁTICO TRABALHISTA,PDT,305,,Válido,Não eleito,04/10/2026 - 22:58:07
DEPUTADO FEDERAL,2774,,SILVIO LEME JUNIOR,DEMOCRACIA CRISTÃ,DC,304,,Anulado sub judice,Não eleito,04/10/2026 - 22:58:07
DEPUTADO FEDERAL,5075,,JOSE MARCIO DE LUNA,FEDERAÇÃO PSOL REDE,,301,,Válido,Suplente,04/10/2026 - 22:58:07
DEPUTADO FEDERAL,2700,,MARIO CESAR FELIPE DE FRANCO,DEMOCRACIA CRISTÃ,DC,300,,Válido,Não eleito,04/10/2026 - 22:58:07
DEPUTADO FEDERAL,1557,,JOÃO PEDRO MARTIN SASTRE MIRANDA,MOVIMENTO DEMOCRÁTICO BRASILEIRO,MDB,294,,Válido,Suplente,04/10/2026 - 22:58:07
DEPUTADO FEDERAL,7031,,THIAGO CESAR DOS SANTOS,AVANTE,AVANTE,293,,Válido,Não eleito,04/10/2026 - 22:58:07
DEPUTADO FEDERAL,7019,,JOSE URIAS COSTA DE OLIVEIRA,AVANTE,AVANTE,292,,Válido,Não eleito,04/10/2026 - 22:58:07
DEPUTADO FEDERAL,4506,,ERIVELTON RODRIGO MUNHOZ GABBIA,FEDERAÇÃO PSDB CIDADANIA,,292,,Válido,Suplente,04/10/2026 - 22:58:07
DEPUTADO FEDERAL,3666,,VALDINEI FELIX DOS SANTOS,AGIR,AGIR,290,,Anulado sub judice,Não eleito,04/10/2026 - 22:58:07
DEPUTADO FEDERAL,4068,,LUCAS APARECIDO BATISTA,PARTIDO SOCIALISTA BRASILEIRO,PSB,290,,Válido,Suplente,04/10/2026 - 22:58:07
DEPUTADO FEDERAL,3068,,ELIAS DE ALMEIDA MARINHO,PARTIDO NOVO,NOVO,289,,Válido,Suplente,04/10/2026 - 22:58:07
DEPUTADO FEDERAL,1170,,JUSSARA MORO PRESTO,FEDERAÇÃO UNIÃO PROGRESSISTA,,285,,Válido,Suplente,04/10/2026 - 22:58:07
DEPUTADO FEDERAL,1031,,ANA REGINA MACHADO,REPUBLICANOS,REPUBLICANOS,281,,Válido,Suplente,04/10/2026 - 22:58:07
DEPUTADO FEDERAL,5015,,CICERO SANTANA DA SILVA,FEDERAÇÃO PSOL REDE,,280,,Anulado sub judice,Não eleito,04/10/2026 - 22:58:07
DEPUTADO FEDERAL,2769,,ELIAS DE SISTO,DEMOCRACIA CRISTÃ,DC,277,,Anulado sub judice,Não eleito,04/10/2026 - 22:58:07
DEPUTADO FEDERAL,2706,,NIVALDO LUIS RODRIGUES,DEMOCRACIA CRISTÃ,DC,276,,Válido,Não eleito,04/10/2026 - 22:58:07
DEPUTADO FEDERAL,2771,,ANTONIO ZACARIAS DA SILVA,DEMOCRACIA CRISTÃ,DC,275,,Válido,Não eleito,04/10/2026 - 22:58:07
DEPUTADO FEDERAL,1416,,ISABEL CRISTINA ELIAS DE SOUZA OLIVEIRA,PARTIDO MISSÃO,MISSÃO,274,,Válido,Suplente,04/10/2026 - 22:58:07
DEPUTADO FEDERAL,1207,,MARIA DAS DORES ALVES SILVA,PARTIDO DEMOCRÁTICO TRABALHISTA,PDT,272,,Válido,Não eleito,04/10/2026 - 22:58:07
DEPUTADO FEDERAL,2734,,REGINA MARCIA DE ALMEIDA,DEMOCRACIA CRISTÃ,DC,270,,Anulado sub judice,Não eleito,04/10/2026 - 22:58:07
DEPUTADO FEDERAL,1327,,EDSON DA PAZ,FEDERAÇÃO BRASIL DA ESPERANÇA - FE BRASIL,,270,,Válido,Suplente,04/10/2026 - 22:58:07
DEPUTADO FEDERAL,3069,,PRISCILA FELIX LOPES,PARTIDO NOVO,NOVO,270,,Válido,Suplente,04/10/2026 - 22:58:07
DEPUTADO FEDERAL,4505,,GABRIELA MARIA DA SILVA,FEDERAÇÃO PSDB CIDADANIA,,269,,Válido,Suplente,04/10/2026 - 22:58:07
DEPUTADO FEDERAL,3606,,JACKSON GONCALVES NAIM,AGIR,AGIR,268,,Anulado sub judice,Não eleito,04/10/2026 - 22:58:07
DEPUTADO FEDERAL,1561,,JULIANY DE SOUSA REIS,MOVIMENTO DEMOCRÁTICO BRASILEIRO,MDB,265,,Válido,Suplente,04/10/2026 - 22:58:07
DEPUTADO FEDERAL,4075,,LEANDRO DE LIMA LIRA,PARTIDO SOCIALISTA BRASILEIRO,PSB,261,,Válido,Suplente,04/10/2026 - 22:58:07
DEPUTADO FEDERAL,4553,,CLEONICE DE OLIVEIRA,FEDERAÇÃO PSDB CIDADANIA,,260,,Válido,Suplente,04/10/2026 - 22:58:07
DEPUTADO FEDERAL,1452,,KAIO VINICIUS FEITOSA DE SOUZA,PARTIDO MISSÃO,MISSÃO,259,,Válido,Suplente,04/10/2026 - 22:58:07
DEPUTADO FEDERAL,3618,,RENATA CRISTINA TEDESQUE BOLSONARO,AGIR,AGIR,257,,Válido,Não eleito,04/10/2026 - 22:58:07
DEPUTADO FEDERAL,1810,,EDERLI BATISTA DE PAULO,FEDERAÇÃO PSOL REDE,,257,,Válido,Suplente,04/10/2026 - 22:58:07
DEPUTADO FEDERAL,1228,,FERNANDO RICARDO LADEIA,PARTIDO DEMOCRÁTICO TRABALHISTA,PDT,257,,Válido,Não eleito,04/10/2026 - 22:58:07
DEPUTADO FEDERAL,1047,,LEONICE LEONCIA DOS SANTOS,REPUBLICANOS,REPUBLICANOS,253,,Válido,Suplente,04/10/2026 - 22:58:07
DEPUTADO FEDERAL,3600,,ANDRE EDUARDO LOPES,AGIR,AGIR,251,,Anulado sub judice,Não eleito,04/10/2026 - 22:58:07
DEPUTADO FEDERAL,2707,,JOSE CARLOS SELBACH EYMAEL,DEMOCRACIA CRISTÃ,DC,250,,Válido,Não eleito,04/10/2026 - 22:58:07
DEPUTADO FEDERAL,4589,,THAIS DE MENDONÇA MARQUES SILVA,FEDERAÇÃO PSDB CIDADANIA,,249,,Válido,Suplente,04/10/2026 - 22:58:07
DEPUTADO FEDERAL,5065,,SERGIO LUIZ LOPES,FEDERAÇÃO PSOL REDE,,249,,Válido,Suplente,04/10/2026 - 22:58:07
DEPUTADO FEDERAL,7068,,MANOEL CORREIA,AVANTE,AVANTE,248,,Válido,Não eleito,04/10/2026 - 22:58:07
DEPUTADO FEDERAL,7038,,REGINALDO DA ROCHA MAXIMO,AVANTE,AVANTE,248,,Válido,Não eleito,04/10/2026 - 22:58:07
DEPUTADO FEDERAL,3016,,FREDSON SANTOS DALLY,PARTIDO NOVO,NOVO,248,,Válido,Suplente,04/10/2026 - 22:58:07
DEPUTADO FEDERAL,3043,,MARCELA TABATA GONÇALVES DO NASCIMENTO,PARTIDO NOVO,NOVO,245,,Válido,Suplente,04/10/2026 - 22:58:07
DEPUTADO FEDERAL,3633,,CICERA MARIA SILVA VENTURA,AGIR,AGIR,244,,Válido,Não eleito,04/10/2026 - 22:58:07
DEPUTADO FEDERAL,3027,,MARILIZA RODRIGUES DA SILVA LUZ,PARTIDO NOVO,NOVO,244,,Válido,Suplente,04/10/2026 - 22:58:07
DEPUTADO FEDERAL,1590,,MARYANA ESCOBAR BALTUSIS,MOVIMENTO DEMOCRÁTICO BRASILEIRO,MDB,243,,Válido,Suplente,04/10/2026 - 22:58:07
DEPUTADO FEDERAL,7051,,CARLOS ROBERTO TOLEDO,AVANTE,AVANTE,239,,Válido,Não eleito,04/10/2026 - 22:58:07
DEPUTADO FEDERAL,4503,,EVERTON LUIZ COSTA DOS SANTOS,FEDERAÇÃO PSDB CIDADANIA,,239,,Válido,Suplente,04/10/2026 - 22:58:07
DEPUTADO FEDERAL,4576,,LUIZ CLAUDIO BRUNINI,FEDERAÇÃO PSDB CIDADANIA,,235,,Válido,Suplente,04/10/2026 - 22:58:07
DEPUTADO FEDERAL,2589,,ROSÂNGELA BUTIERI SEBASTIÃO,FEDERAÇÃO RENOVAÇÃO SOLIDÁRIA,,234,,Válido,Suplente,04/10/2026 - 22:58:07
DEPUTADO FEDERAL,1288,,DEBORA ROSELI PERINO,PARTIDO DEMOCRÁTICO TRABALHISTA,PDT,234,,Válido,Não eleito,04/10/2026 - 22:58:07
DEPUTADO FEDERAL,1627,,FABIO SILVA BEZERRA,PARTIDO SOCIALISTA DOS TRABALHADORES,PSTU,234,,Válido,Não eleito,04/10/2026 - 22:58:07
DEPUTADO FEDERAL,3654,,JOELSON UILEN SANTOS DA SILVA,AGIR,AGIR,232,,Válido,Não eleito,04/10/2026 - 22:58:07
DEPUTADO FEDERAL,7736,,VAGNER FERNANDES DA SILVA,FEDERAÇÃO RENOVAÇÃO SOLIDÁRIA,,231,,Válido,Suplente,04/10/2026 - 22:58:07
DEPUTADO FEDERAL,5051,,VAGNER ROBERTO PEREIRA,FEDERAÇÃO PSOL REDE,,230,,Válido,Suplente,04/10/2026 - 22:58:07
DEPUTADO FEDERAL,1421,,ANDRÉ DE OLIVEIRA SANTANA JUNIOR,PARTIDO MISSÃO,MISSÃO,230,,Válido,Suplente,04/10/2026 - 22:58:07
DEPUTADO FEDERAL,3063,,SIDNEY EDUARDO STAHL,PARTIDO NOVO,NOVO,226,,Válido,Suplente,04/10/2026 - 22:58:07
DEPUTADO FEDERAL,2755,,ROGERIO SILVA LOPES,DEMOCRACIA CRISTÃ,DC,225,,Anulado sub judice,Não eleito,04/10/2026 - 22:58:07
DEPUTADO FEDERAL,1528,,FERNANDO GURJÃO LOPES,MOVIMENTO DEMOCRÁTICO BRASILEIRO,MDB,222,,Válido,Suplente,04/10/2026 - 22:58:07
DEPUTADO FEDERAL,1467,,JONATHAN DE OLIVEIRA CAMPOS,PARTIDO MISSÃO,MISSÃO,220,,Válido,Suplente,04/10/2026 - 22:58:07
DEPUTADO FEDERAL,2781,,ANTONIO BERALDO ALVES,DEMOCRACIA CRISTÃ,DC,218,,Válido,Não eleito,04/10/2026 - 22:58:07
DEPUTADO FEDERAL,4085,,NILSON PASSOS BRAGA,PARTIDO SOCIALISTA BRASILEIRO,PSB,217,,Válido,Suplente,04/10/2026 - 22:58:07
DEPUTADO FEDERAL,4517,,LIVIA APARECIDA NEVES DE PAULA EDUARDO,FEDERAÇÃO PSDB CIDADANIA,,215,,Válido,Suplente,04/10/2026 - 22:58:07
DEPUTADO FEDERAL,4552,,FABIO JULIO DA SILVA,FEDERAÇÃO PSDB CIDADANIA,,215,,Válido,Suplente,04/10/2026 - 22:58:07
DEPUTADO FEDERAL,4595,,DAVID LIRA MATIAS,FEDERAÇÃO PSDB CIDADANIA,,215,,Válido,Suplente,04/10/2026 - 22:58:07
DEPUTADO FEDERAL,2759,,ROSEMARY DA SILVA SANTANA,DEMOCRACIA CRISTÃ,DC,214,,Válido,Não eleito,04/10/2026 - 22:58:07
DEPUTADO FEDERAL,1266,,ROBLEZ JORGE DOS SANTOS,PARTIDO DEMOCRÁTICO TRABALHISTA,PDT,213,,Válido,Não eleito,04/10/2026 - 22:58:07
DEPUTADO FEDERAL,1227,,IVONEIA DOS SANTOS CABRAL LEMES,PARTIDO DEMOCRÁTICO TRABALHISTA,PDT,213,,Válido,Não eleito,04/10/2026 - 22:58:07
DEPUTADO FEDERAL,3015,,CIBELE FRANCO NAZARETH,PARTIDO NOVO,NOVO,213,,Válido,Suplente,04/10/2026 - 22:58:07
DEPUTADO FEDERAL,3083,,ANNA ROSA CASTELLA,PARTIDO NOVO,NOVO,212,,Anulado sub judice,Não eleito,04/10/2026 - 22:58:07
DEPUTADO FEDERAL,2791,,ADRIANA APARECIDA BARBOZA RUPER,DEMOCRACIA CRISTÃ,DC,209,,Válido,Não eleito,04/10/2026 - 22:58:07
DEPUTADO FEDERAL,1822,,ALLEPH FERREIRA DA SILVA,FEDERAÇÃO PSOL REDE,,208,,Válido,Suplente,04/10/2026 - 22:58:07
DEPUTADO FEDERAL,1127,,SABRINA FERNANDA NEMETH QUADROS,FEDERAÇÃO UNIÃO PROGRESSISTA,,208,,Válido,Suplente,04/10/2026 - 22:58:07
DEPUTADO FEDERAL,1269,,NASAR MOHAMAD BOUZKEN,PARTIDO DEMOCRÁTICO TRABALHISTA,PDT,207,,Válido,Não eleito,04/10/2026 - 22:58:07
DEPUTADO FEDERAL,1246,,DENISE FORCHETTI TIGRE CAETANO,PARTIDO DEMOCRÁTICO TRABALHISTA,PDT,206,,Válido,Não eleito,04/10/2026 - 22:58:07
DEPUTADO FEDERAL,7088,,MIRIAM EDELIRA DA COSTA E SILVA BAPTISTA PETRONE,AVANTE,AVANTE,205,,Válido,Não eleito,04/10/2026 - 22:58:07
DEPUTADO FEDERAL,7087,,NÁDIA DORR ESTOLASKI,AVANTE,AVANTE,205,,Válido,Não eleito,04/10/2026 - 22:58:07
DEPUTADO FEDERAL,3615,,PATRICIA APARECIDA GERALDO,AGIR,AGIR,204,,Anulado sub judice,Não eleito,04/10/2026 - 22:58:07
DEPUTADO FEDERAL,4016,,RENHA CRISTINA SIMOES,PARTIDO SOCIALISTA BRASILEIRO,PSB,204,,Válido,Suplente,04/10/2026 - 22:58:07
DEPUTADO FEDERAL,1408,,VANESSA PEREIRA DUTRA,PARTIDO MISSÃO,MISSÃO,203,,Válido,Suplente,04/10/2026 - 22:58:07
DEPUTADO FEDERAL,5581,,GABRIEL AUGUSTO DE BRITO SILVA,PARTIDO SOCIAL DEMOCRÁTICO,PSD,203,,Válido,Suplente,04/10/2026 - 22:58:07
DEPUTADO FEDERAL,4019,,CIBELE FRAGOSO BOTELHO,PARTIDO SOCIALISTA BRASILEIRO,PSB,203,,Válido,Suplente,04/10/2026 - 22:58:07
DEPUTADO FEDERAL,4518,,RAQUEL SILVA ANDRADE TORRES,FEDERAÇÃO PSDB CIDADANIA,,200,,Válido,Suplente,04/10/2026 - 22:58:07
DEPUTADO FEDERAL,2720,,REGIANE CARNEIRO LOBO BAYER DAS NEVES,DEMOCRACIA CRISTÃ,DC,199,,Válido,Não eleito,04/10/2026 - 22:58:07
DEPUTADO FEDERAL,7002,,HUGO FERNANDO PONCE RIBEIRO,AVANTE,AVANTE,197,,Válido,Não eleito,04/10/2026 - 22:58:07
DEPUTADO FEDERAL,3096,,TATIANA LIMA SCHIMIGUEL,PARTIDO NOVO,NOVO,197,,Válido,Suplente,04/10/2026 - 22:58:07
DEPUTADO FEDERAL,4560,,RENATA RODRIGUES DUARTE,FEDERAÇÃO PSDB CIDADANIA,,195,,Válido,Suplente,04/10/2026 - 22:58:07
DEPUTADO FEDERAL,1470,,RÂNDALOS DIAS CUSTÓDIO DA CONCEIÇÃO MADEIRA,PARTIDO MISSÃO,MISSÃO,191,,Válido,Suplente,04/10/2026 - 22:58:07
DEPUTADO FEDERAL,1297,,DANIEL JOSÉ DO NASCIMENTO,PARTIDO DEMOCRÁTICO TRABALHISTA,PDT,182,,Válido,Não eleito,04/10/2026 - 22:58:07
DEPUTADO FEDERAL,3602,,ELENCASTON CANDIDO DA SILVA,AGIR,AGIR,181,,Anulado sub judice,Não eleito,04/10/2026 - 22:58:07
DEPUTADO FEDERAL,2790,,FRANCISCO CARLOS LIMA DOS SANTOS,DEMOCRACIA CRISTÃ,DC,181,,Válido,Não eleito,04/10/2026 - 22:58:07
DEPUTADO FEDERAL,2744,,ADIMILSON PEREIRA,DEMOCRACIA CRISTÃ,DC,180,,Válido,Não eleito,04/10/2026 - 22:58:07
DEPUTADO FEDERAL,2731,,SANDRA APARECIDA FERREIRA SILVA,DEMOCRACIA CRISTÃ,DC,179,,Válido,Não eleito,04/10/2026 - 22:58:07
DEPUTADO FEDERAL,1479,,FELIPE DANIEL SILVA BOLETTI,PARTIDO MISSÃO,MISSÃO,178,,Válido,Suplente,04/10/2026 - 22:58:07
DEPUTADO FEDERAL,7065,,MARIA CAROLINA CARVALHO SOUSA,AVANTE,AVANTE,177,,Válido,Não eleito,04/10/2026 - 22:58:07
DEPUTADO FEDERAL,1248,,RAFAEL JOAQUIM FRANCO DE MELLO,PARTIDO DEMOCRÁTICO TRABALHISTA,PDT,174,,Válido,Não eleito,04/10/2026 - 22:58:07
DEPUTADO FEDERAL,5526,,LUIZ DE ALMEIDA ANDREOLI,PARTIDO SOCIAL DEMOCRÁTICO,PSD,173,,Válido,Suplente,04/10/2026 - 22:58:07
DEPUTADO FEDERAL,5528,,PAOLA KUHN DUPONT,PARTIDO SOCIAL DEMOCRÁTICO,PSD,172,,Válido,Suplente,04/10/2026 - 22:58:07
DEPUTADO FEDERAL,1217,,ELISANGELA MARIA COSTA DE ARAÚJO,PARTIDO DEMOCRÁTICO TRABALHISTA,PDT,171,,Válido,Não eleito,04/10/2026 - 22:58:07
DEPUTADO FEDERAL,7027,,RAIMUNDO ELIEL NUNES DE LIMA,AVANTE,AVANTE,168,,Válido,Não eleito,04/10/2026 - 22:58:07
DEPUTADO FEDERAL,3611,,YU DAVID SIN I,AGIR,AGIR,167,,Anulado sub judice,Não eleito,04/10/2026 - 22:58:07
DEPUTADO FEDERAL,3650,,UBIRAJARA DE ARAUJO MORAIS,AGIR,AGIR,166,,Anulado sub judice,Não eleito,04/10/2026 - 22:58:07
DEPUTADO FEDERAL,1435,,GABRIELA NOVELLI PEREIRA,PARTIDO MISSÃO,MISSÃO,163,,Válido,Suplente,04/10/2026 - 22:58:07
DEPUTADO FEDERAL,2745,,CARLOS AUGUSTO MENDONÇA DE SOUZA,DEMOCRACIA CRISTÃ,DC,162,,Anulado sub judice,Não eleito,04/10/2026 - 22:58:07
DEPUTADO FEDERAL,7004,,ELAINE APARECIDA MOURA GUEDES,AVANTE,AVANTE,161,,Válido,Não eleito,04/10/2026 - 22:58:07
DEPUTADO FEDERAL,1406,,STEPHANY PAULA FIGUEREDO DA SILVA,PARTIDO MISSÃO,MISSÃO,161,,Válido,Suplente,04/10/2026 - 22:58:07
DEPUTADO FEDERAL,2776,,MOHAMED SAID EL ORRA,DEMOCRACIA CRISTÃ,DC,159,,Anulado sub judice,Não eleito,04/10/2026 - 22:58:07
DEPUTADO FEDERAL,1595,,PATRICIA ALMEIDA SILVESTRI,MOVIMENTO DEMOCRÁTICO BRASILEIRO,MDB,157,,Válido,Suplente,04/10/2026 - 22:58:07
DEPUTADO FEDERAL,2741,,CLECIO VIANA DE LIMA,DEMOCRACIA CRISTÃ,DC,156,,Válido,Não eleito,04/10/2026 - 22:58:07
DEPUTADO FEDERAL,5021,,CARLOS ALBERTO DA SILVA,FEDERAÇÃO PSOL REDE,,156,,Válido,Suplente,04/10/2026 - 22:58:07
DEPUTADO FEDERAL,1529,,LUDMILA BASTOS RIBEIRO SOARES,MOVIMENTO DEMOCRÁTICO BRASILEIRO,MDB,154,,Válido,Suplente,04/10/2026 - 22:58:07
DEPUTADO FEDERAL,1424,,JULIANA CONSTANTINO DE OLIVEIRA,PARTIDO MISSÃO,MISSÃO,154,,Válido,Suplente,04/10/2026 - 22:58:07
DEPUTADO FEDERAL,3695,,ELIAS TEIXEIRA,AGIR,AGIR,153,,Anulado sub judice,Não eleito,04/10/2026 - 22:58:07
DEPUTADO FEDERAL,2760,,IVANE RODRIGUES BIET,DEMOCRACIA CRISTÃ,DC,153,,Válido,Não eleito,04/10/2026 - 22:58:07
DEPUTADO FEDERAL,1420,,MARIA APARECIDA CARVALHO DE JESUS,PARTIDO MISSÃO,MISSÃO,153,,Válido,Suplente,04/10/2026 - 22:58:07
DEPUTADO FEDERAL,2757,,TIAGO CESAR GONCALVES,DEMOCRACIA CRISTÃ,DC,152,,Válido,Não eleito,04/10/2026 - 22:58:07
DEPUTADO FEDERAL,1214,,ORLANDO VALERIO RODRIGUES SALLES,PARTIDO DEMOCRÁTICO TRABALHISTA,PDT,151,,Válido,Não eleito,04/10/2026 - 22:58:07
DEPUTADO FEDERAL,3546,,AURELIA CINAQUI AMARAL,DEMOCRATA,,149,,Válido,Não eleito,04/10/2026 - 22:58:07
DEPUTADO FEDERAL,1478,,RICARDO OLIVEIRA DE ALMEIDA,PARTIDO MISSÃO,MISSÃO,149,,Válido,Suplente,04/10/2026 - 22:58:07
DEPUTADO FEDERAL,3089,,CRISTOVÃO HERNANDES DE OLIVEIRA,PARTIDO NOVO,NOVO,148,,Válido,Suplente,04/10/2026 - 22:58:07
DEPUTADO FEDERAL,1402,,VANESSA PALMIRO,PARTIDO MISSÃO,MISSÃO,147,,Válido,Suplente,04/10/2026 - 22:58:07
DEPUTADO FEDERAL,4596,,JEISE DOS SANTOS ARAUJO CHARLO,FEDERAÇÃO PSDB CIDADANIA,,146,,Válido,Suplente,04/10/2026 - 22:58:07
DEPUTADO FEDERAL,1252,,MARCELO OLIVEIRA MAIA,PARTIDO DEMOCRÁTICO TRABALHISTA,PDT,146,,Válido,Não eleito,04/10/2026 - 22:58:07
DEPUTADO FEDERAL,7003,,CLEOMIR PEREIRA DE ARAUJO,AVANTE,AVANTE,143,,Válido,Não eleito,04/10/2026 - 22:58:07
DEPUTADO FEDERAL,4590,,MARCO AURÉLIO DE LIMA KUROVSKI,FEDERAÇÃO PSDB CIDADANIA,,143,,Válido,Suplente,04/10/2026 - 22:58:07
DEPUTADO FEDERAL,1405,,MARINA LIMA CALIXTO PLANAS,PARTIDO MISSÃO,MISSÃO,143,,Válido,Suplente,04/10/2026 - 22:58:07
DEPUTADO FEDERAL,1426,,VANESCA MARCELA ANASTÁCIO ESSU,PARTIDO MISSÃO,MISSÃO,140,,Válido,Suplente,04/10/2026 - 22:58:07
DEPUTADO FEDERAL,5598,,KATIANE DA COSTA PEREIRA,PARTIDO SOCIAL DEMOCRÁTICO,PSD,140,,Válido,Suplente,04/10/2026 - 22:58:07
DEPUTADO FEDERAL,3636,,MARINA CAVALCANTI DE OLIVEIRA,AGIR,AGIR,139,,Anulado sub judice,Não eleito,04/10/2026 - 22:58:07
DEPUTADO FEDERAL,1206,,TEHUAN REIS FERNANDES ALVES LOPES,PARTIDO DEMOCRÁTICO TRABALHISTA,PDT,139,,Válido,Não eleito,04/10/2026 - 22:58:07
DEPUTADO FEDERAL,2719,,MARIA CELESTE JUSTA,DEMOCRACIA CRISTÃ,DC,136,,Válido,Não eleito,04/10/2026 - 22:58:07
DEPUTADO FEDERAL,4502,,FÁBIO NOVAIS MAGALHÃES,FEDERAÇÃO PSDB CIDADANIA,,136,,Anulado sub judice,Não eleito,04/10/2026 - 22:58:07
DEPUTADO FEDERAL,1828,,SERGIO DA SILVA GRILLO,FEDERAÇÃO PSOL REDE,,136,,Válido,Suplente,04/10/2026 - 22:58:07
DEPUTADO FEDERAL,2540,,ANDRÉ LUIZ COSTA DE OLIVEIRA,FEDERAÇÃO RENOVAÇÃO SOLIDÁRIA,,134,,Válido,Suplente,04/10/2026 - 22:58:07
DEPUTADO FEDERAL,1205,,WILMA PANARIELLO,PARTIDO DEMOCRÁTICO TRABALHISTA,PDT,134,,Válido,Não eleito,04/10/2026 - 22:58:07
DEPUTADO FEDERAL,3646,,JOSE PAULO DE MENDONÇA LEMOS,AGIR,AGIR,130,,Anulado sub judice,Não eleito,04/10/2026 - 22:58:07
DEPUTADO FEDERAL,3632,,CLAUDEMIR BAPTISTA CRUZ,AGIR,AGIR,129,,Anulado sub judice,Não eleito,04/10/2026 - 22:58:07
DEPUTADO FEDERAL,7081,,JOSEMAR GOMES DA SILVA,AVANTE,AVANTE,127,,Válido,Não eleito,04/10/2026 - 22:58:07
DEPUTADO FEDERAL,1409,,PAMELA GIEDRE CORRADINI DE SOUZA,PARTIDO MISSÃO,MISSÃO,126,,Válido,Suplente,04/10/2026 - 22:58:07
DEPUTADO FEDERAL,3614,,ANDREIA MARIA DA SILVA,AGIR,AGIR,124,,Anulado sub judice,Não eleito,04/10/2026 - 22:58:07
DEPUTADO FEDERAL,3617,,JULIO ANTONIO SIQUEIRA RODRIGUES,AGIR,AGIR,123,,Anulado sub judice,Não eleito,04/10/2026 - 22:58:07
DEPUTADO FEDERAL,3675,,DAIANE PINTO DE CAMPOS,AGIR,AGIR,123,,Anulado sub judice,Não eleito,04/10/2026 - 22:58:07
DEPUTADO FEDERAL,1492,,DANIELE ANTONIA CARVALHO,PARTIDO MISSÃO,MISSÃO,123,,Válido,Suplente,04/10/2026 - 22:58:07
DEPUTADO FEDERAL,3688,,MARCELO MARCONDES EIRA,AGIR,AGIR,122,,Anulado sub judice,Não eleito,04/10/2026 - 22:58:07
DEPUTADO FEDERAL,2779,,PAULO ALBERTO SOUZA SILVA,DEMOCRACIA CRISTÃ,DC,122,,Válido,Não eleito,04/10/2026 - 22:58:07
DEPUTADO FEDERAL,5594,,LEILIANE RAFAEL DA SILVA,PARTIDO SOCIAL DEMOCRÁTICO,PSD,121,,Válido,Suplente,04/10/2026 - 22:58:07
DEPUTADO FEDERAL,3610,,JOSELITO ALVES DOS SANTOS,AGIR,AGIR,120,,Anulado sub judice,Não eleito,04/10/2026 - 22:58:07
DEPUTADO FEDERAL,7033,,LUCIANA CARLA GOMES,AVANTE,AVANTE,118,,Válido,Não eleito,04/10/2026 - 22:58:07
DEPUTADO FEDERAL,1486,,CARLOS SOARES DA SILVA JUNIOR,PARTIDO MISSÃO,MISSÃO,117,,Válido,Suplente,04/10/2026 - 22:58:07
DEPUTADO FEDERAL,2701,,REYNALDO GIRAO,DEMOCRACIA CRISTÃ,DC,114,,Válido,Não eleito,04/10/2026 - 22:58:07
DEPUTADO FEDERAL,3553,,PAULA ADRIANA ALBERTAO,DEMOCRATA,,114,,Válido,Não eleito,04/10/2026 - 22:58:07
DEPUTADO FEDERAL,5066,,BERNARDO DOS SANTOS LIMA,FEDERAÇÃO PSOL REDE,,114,,Válido,Suplente,04/10/2026 - 22:58:07
DEPUTADO FEDERAL,1427,,ANDRE DOMINGOS DA PAZ,PARTIDO MISSÃO,MISSÃO,114,,Válido,Suplente,04/10/2026 - 22:58:07
DEPUTADO FEDERAL,3667,,APARECIDO MOREIRA DA SILVA,AGIR,AGIR,113,,Anulado sub judice,Não eleito,04/10/2026 - 22:58:07
DEPUTADO FEDERAL,3031,,WILLIAM CASTRO,PARTIDO NOVO,NOVO,113,,Válido,Suplente,04/10/2026 - 22:58:07
DEPUTADO FEDERAL,7059,,ISRAEL BEZERRA DA SILVA,AVANTE,AVANTE,112,,Válido,Não eleito,04/10/2026 - 22:58:07
DEPUTADO FEDERAL,1071,,ANILDE VIANA ZANETTI,REPUBLICANOS,REPUBLICANOS,112,,Válido,Suplente,04/10/2026 - 22:58:07
DEPUTADO FEDERAL,2716,,VERA LUCIA SANTOS DE FRANÇA,DEMOCRACIA CRISTÃ,DC,110,,Válido,Não eleito,04/10/2026 - 22:58:07
DEPUTADO FEDERAL,3668,,ALCIDES SPINELLO,AGIR,AGIR,108,,Anulado sub judice,Não eleito,04/10/2026 - 22:58:07
DEPUTADO FEDERAL,4570,,RAIMUNDO RODRIGUES DE OLIVEIRA,FEDERAÇÃO PSDB CIDADANIA,,108,,Válido,Suplente,04/10/2026 - 22:58:07
DEPUTADO FEDERAL,1229,,JUCILEILA DOURADO CERQUEIRA,PARTIDO DEMOCRÁTICO TRABALHISTA,PDT,108,,Válido,Não eleito,04/10/2026 - 22:58:07
DEPUTADO FEDERAL,7028,,ELIANE REGINA DOS SANTOS,AVANTE,AVANTE,106,,Válido,Não eleito,04/10/2026 - 22:58:07
DEPUTADO FEDERAL,3637,,EMILLY FERREIRA SILVA,AGIR,AGIR,105,,Válido,Não eleito,04/10/2026 - 22:58:07
DEPUTADO FEDERAL,2717,,ALESSANDRO CALLIL DE CASTRO,DEMOCRACIA CRISTÃ,DC,101,,Válido,Não eleito,04/10/2026 - 22:58:07
DEPUTADO FEDERAL,2704,,NOEMIA VIEIRA FONSECA,DEMOCRACIA CRISTÃ,DC,97,,Anulado sub judice,Não eleito,04/10/2026 - 22:58:07
DEPUTADO FEDERAL,7098,,FRANCISCA QUELINDEJARA VASCONCELOS SOBIESKI,AVANTE,AVANTE,93,,Válido,Não eleito,04/10/2026 - 22:58:07
DEPUTADO FEDERAL,1431,,MARCOS PAULO DA CUNHA BUGALLO,PARTIDO MISSÃO,MISSÃO,91,,Válido,Suplente,04/10/2026 - 22:58:07
DEPUTADO FEDERAL,3603,,CAMILA PELISSARI,AGIR,AGIR,90,,Anulado sub judice,Não eleito,04/10/2026 - 22:58:07
DEPUTADO FEDERAL,7042,,JULIANO FERREIRA GONÇALES,AVANTE,AVANTE,89,,Válido,Não eleito,04/10/2026 - 22:58:07
DEPUTADO FEDERAL,3662,,PAULO AFONSO PRADO E SILVA JUNIOR,AGIR,AGIR,87,,Anulado sub judice,Não eleito,04/10/2026 - 22:58:07
DEPUTADO FEDERAL,2754,,WALTER GUALBERTO DE BRITO,DEMOCRACIA CRISTÃ,DC,86,,Anulado sub judice,Não eleito,04/10/2026 - 22:58:07
DEPUTADO FEDERAL,2746,,JOSEMAR JOSE BARROS DE SOUZA,DEMOCRACIA CRISTÃ,DC,86,,Válido,Não eleito,04/10/2026 - 22:58:07
DEPUTADO FEDERAL,4586,,MARINA CORREIA DA SILVA,FEDERAÇÃO PSDB CIDADANIA,,85,,Válido,Suplente,04/10/2026 - 22:58:07
DEPUTADO FEDERAL,7086,,SILAS DA SILVA MOREIRA,AVANTE,AVANTE,82,,Válido,Não eleito,04/10/2026 - 22:58:07
DEPUTADO FEDERAL,3601,,GILVANILDO ALVES DO NASCIMENTO,AGIR,AGIR,81,,Válido,Não eleito,04/10/2026 - 22:58:07
DEPUTADO FEDERAL,2705,,JORGE JOSE DOS SANTOS,DEMOCRACIA CRISTÃ,DC,78,,Anulado sub judice,Não eleito,04/10/2026 - 22:58:07
DEPUTADO FEDERAL,4509,,LETÍCIA GONZALES CHAVES,FEDERAÇÃO PSDB CIDADANIA,,77,,Válido,Suplente,04/10/2026 - 22:58:07
DEPUTADO FEDERAL,3046,,JANIEIRE MARIA SILVA,PARTIDO NOVO,NOVO,75,,Válido,Suplente,04/10/2026 - 22:58:07
DEPUTADO FEDERAL,3690,,JOSÉ ADÃO DE ANDRADE,AGIR,AGIR,74,,Anulado sub judice,Não eleito,04/10/2026 - 22:58:07
DEPUTADO FEDERAL,3663,,HERBERTO REQUIAO DE OLIVEIRA,AGIR,AGIR,73,,Anulado sub judice,Não eleito,04/10/2026 - 22:58:07
DEPUTADO FEDERAL,3620,,EDUARDO JOSE DA SILVA,AGIR,AGIR,71,,Anulado sub judice,Não eleito,04/10/2026 - 22:58:07
DEPUTADO FEDERAL,3588,,ROGERIA MARIA DE FREITAS,DEMOCRATA,,70,,Válido,Não eleito,04/10/2026 - 22:58:07
DEPUTADO FEDERAL,2737,,ANDRE COLOSIMO,DEMOCRACIA CRISTÃ,DC,69,,Válido,Não eleito,04/10/2026 - 22:58:07
DEPUTADO FEDERAL,3025,,RAFAEL STEFANO FELTRIN,PARTIDO NOVO,NOVO,68,,Válido,Suplente,04/10/2026 - 22:58:07
DEPUTADO FEDERAL,2747,,MARISTELA MACHADO LEITE GOMES,DEMOCRACIA CRISTÃ,DC,67,,Válido,Não eleito,04/10/2026 - 22:58:07
DEPUTADO FEDERAL,2710,,JOSE GERALDO FORTE DOS SANTOS FERNANDES,DEMOCRACIA CRISTÃ,DC,66,,Válido,Não eleito,04/10/2026 - 22:58:07
DEPUTADO FEDERAL,1282,,RAFAELE CAROLINE DA SILVA ENGUE,PARTIDO DEMOCRÁTICO TRABALHISTA,PDT,61,,Válido,Não eleito,04/10/2026 - 22:58:07
DEPUTADO FEDERAL,1497,,GUILHERME DA SILVA COUTO,PARTIDO MISSÃO,MISSÃO,61,,Válido,Suplente,04/10/2026 - 22:58:07
DEPUTADO FEDERAL,3655,,MARCELO MARIANO ELIAS,AGIR,AGIR,58,,Anulado sub judice,Não eleito,04/10/2026 - 22:58:07
DEPUTADO FEDERAL,2767,,AMERICO ALEXANDRE CIANFARANI XAVIER,DEMOCRACIA CRISTÃ,DC,58,,Válido,Não eleito,04/10/2026 - 22:58:07
DEPUTADO FEDERAL,3042,,IZANA DE ASSIS OLIVEIRA,PARTIDO NOVO,NOVO,57,,Válido,Suplente,04/10/2026 - 22:58:07
DEPUTADO FEDERAL,3608,,PEDRO OLIVA CRISCUOLO,AGIR,AGIR,55,,Anulado sub judice,Não eleito,04/10/2026 - 22:58:07
DEPUTADO FEDERAL,7024,,TIAGO CELESTINO DA SILVA,AVANTE,AVANTE,53,,Válido,Não eleito,04/10/2026 - 22:58:07
DEPUTADO FEDERAL,3557,,MARCELO MAURO DA SILVA FELIX,DEMOCRATA,,52,,Válido,Não eleito,04/10/2026 - 22:58:07
DEPUTADO FEDERAL,3623,,CLEONICE ALVES SANTOS,AGIR,AGIR,50,,Anulado sub judice,Não eleito,04/10/2026 - 22:58:07
DEPUTADO FEDERAL,3625,,JANETE PEREIRA DE ALMEIDA,AGIR,AGIR,47,,Anulado sub judice,Não eleito,04/10/2026 - 22:58:07
DEPUTADO FEDERAL,3644,,FLAVIO GOMES FREIRE,AGIR,AGIR,43,,Anulado sub judice,Não eleito,04/10/2026 - 22:58:07
DEPUTADO FEDERAL,2715,,SONIA REGINA MORENO DOS SANTOS,DEMOCRACIA CRISTÃ,DC,43,,Válido,Não eleito,04/10/2026 - 22:58:07
DEPUTADO FEDERAL,3640,,CARLOS EDUARDO MONCAO GARCIA,AGIR,AGIR,41,,Anulado sub judice,Não eleito,04/10/2026 - 22:58:07
DEPUTADO FEDERAL,3657,,ELISIAN ANDRADE VIEGAS,AGIR,AGIR,41,,Anulado sub judice,Não eleito,04/10/2026 - 22:58:07
DEPUTADO FEDERAL,7091,,MARCO ANTONIO DE PAULA,AVANTE,AVANTE,38,,Válido,Não eleito,04/10/2026 - 22:58:07
DEPUTADO FEDERAL,2775,,KATHERINE DO FORTE SILVA,DEMOCRACIA CRISTÃ,DC,38,,Válido,Não eleito,04/10/2026 - 22:58:07
DEPUTADO FEDERAL,2383,,SILVIO APARECIDO NUNES DA FONSECA,FEDERAÇÃO PSDB CIDADANIA,,38,,Válido,Suplente,04/10/2026 - 22:58:07
DEPUTADO FEDERAL,3656,,ARIANE DE ALMEIDA RIBEIRO ROSA,AGIR,AGIR,36,,Anulado sub judice,Não eleito,04/10/2026 - 22:58:07
DEPUTADO FEDERAL,3631,,APARECIDO RUBENS DE ANDRADE,AGIR,AGIR,35,,Anulado sub judice,Não eleito,04/10/2026 - 22:58:07
DEPUTADO FEDERAL,3567,,JEFFERSON APARECIDO DULASTRO SILVA,DEMOCRATA,,33,,Válido,Não eleito,04/10/2026 - 22:58:07
DEPUTADO FEDERAL,3605,,SIRLEA JAQUELINE MATHEUS PRUDENTE,AGIR,AGIR,28,,Anulado sub judice,Não eleito,04/10/2026 - 22:58:07
DEPUTADO FEDERAL,3676,,SANDRA CORREIA OMETTO,AGIR,AGIR,26,,Válido,Não eleito,04/10/2026 - 22:58:07
DEPUTADO FEDERAL,3604,,MÔNICA CRISTINA CARMO PARMASENE,AGIR,AGIR,25,,Válido,Não eleito,04/10/2026 - 22:58:07
DEPUTADO FEDERAL,3651,,SONIA DAS GRACAS RIBEIRO SILVEIRA,AGIR,AGIR,24,,Anulado sub judice,Não eleito,04/10/2026 - 22:58:07
DEPUTADO FEDERAL,2721,,MARIA DO ROSARIO ALMEIDA,DEMOCRACIA CRISTÃ,DC,14,,Válido,Não eleito,04/10/2026 - 22:58:07
DEPUTADO FEDERAL,3665,,REBER FADER FLORINDO,AGIR,AGIR,12,,Anulado sub judice,Não eleito,04/10/2026 - 22:58:07
DEPUTADO FEDERAL,2793,,FABIOLA SANTANA DOS SANTOS,DEMOCRACIA CRISTÃ,DC,10,,Válido,Não eleito,04/10/2026 - 22:58:07
DEPUTADO FEDERAL,3635,,VICENTE DE PAULO MURCI,AGIR,AGIR,9,,Anulado sub judice,Não eleito,04/10/2026 - 22:58:07
SENADOR,111,GUILHERME DERRITE,,,,13273880,30.59,Válido,Eleito,04/10/2026 - 22:58:07
SENADOR,222,ANDRÉ DO PRADO,,,,12703089,29.28,Válido,Eleito,04/10/2026 - 22:58:07
