deputado,partido,municipio,orgao_processador,area,ano,n_emendas,valor_autorizado,valor_pago,transferencia_especial
André do Prado,PL,BIRITIBA-MIRIM,SGRI,outra,2023,1,1000000.0,1000000.0,False
André do Prado,PL,SÃO PAULO,SAÚDE,saúde,2023,6,600000.0,600000.0,False
André do Prado,PL,CAJATI,SGRI,outra,2023,1,500000.0,500000.0,False
André do Prado,PL,JACUPIRANGA,SGRI,outra,2023,1,500000.0,500000.0,False
André do Prado,PL,MIRACATU,SGRI,outra,2023,1,500000.0,500000.0,False
André do Prado,PL,SANTA BRANCA,SGRI,outra,2023,1,500000.0,500000.0,False
André do Prado,PL,RIBEIRÃO PRETO,SGRI,outra,2023,2,400000.0,400000.0,False
André do Prado,PL,CARAPICUÍBA,SAÚDE,saúde,2023,1,300000.0,300000.0,False
André do Prado,PL,GUARAÇAÍ,SAÚDE,saúde,2023,1,300000.0,300000.0,False
André do Prado,PL,IGARATÁ,SAÚDE,saúde,2023,1,300000.0,300000.0,False
André do Prado,PL,JACAREÍ,SAÚDE,saúde,2023,1,300000.0,300000.0,False
André do Prado,PL,PACAEMBU,SAÚDE,saúde,2023,1,300000.0,300000.0,False
André do Prado,PL,POTIM,SAÚDE,saúde,2023,1,300000.0,300000.0,False
André do Prado,PL,REDENÇÃO DA SERRA,SGRI,outra,2023,2,300000.0,300000.0,False
André do Prado,PL,SANTA BÁRBARA D'OESTE,DESENV. SOCIAL,assistência social,2023,6,300000.0,300000.0,False
André do Prado,PL,SANTA ISABEL,SAÚDE,saúde,2023,1,300000.0,0.0,False
André do Prado,PL,UBATUBA,SAÚDE,saúde,2023,1,300000.0,300000.0,False
André do Prado,PL,QUELUZ,SAÚDE,saúde,2023,1,227319.0,227319.0,False
André do Prado,PL,AMÉRICO BRASILIENSE,SGRI,outra,2023,1,200000.0,200000.0,False
André do Prado,PL,ARAÇARIGUAMA,SAÚDE,saúde,2023,1,200000.0,200000.0,False
André do Prado,PL,BARRETOS,SAÚDE,saúde,2023,1,200000.0,200000.0,False
André do Prado,PL,BOITUVA,SAÚDE,saúde,2023,2,200000.0,0.0,False
André do Prado,PL,CRUZEIRO,SAÚDE,saúde,2023,2,200000.0,200000.0,False
André do Prado,PL,GUARAREMA,SAÚDE,saúde,2023,1,200000.0,200000.0,False
André do Prado,PL,JANDIRA,SAÚDE,saúde,2023,1,200000.0,200000.0,False
André do Prado,PL,JUQUITIBA,SAÚDE,saúde,2023,1,200000.0,200000.0,False
André do Prado,PL,LAGOINHA,SAÚDE,saúde,2023,1,200000.0,200000.0,False
André do Prado,PL,MONGAGUÁ,SGRI,outra,2023,1,200000.0,200000.0,False
André do Prado,PL,NATIVIDADE DA SERRA,SAÚDE,saúde,2023,1,200000.0,200000.0,False
André do Prado,PL,REGISTRO,SAÚDE,saúde,2023,1,200000.0,0.0,False
André do Prado,PL,ROSEIRA,SAÚDE,saúde,2023,1,200000.0,200000.0,False
André do Prado,PL,TAUBATÉ,SAÚDE,saúde,2023,1,200000.0,200000.0,False
André do Prado,PL,CUNHA,SAÚDE,saúde,2023,1,100000.0,100000.0,False
André do Prado,PL,CUNHA,DESENV. SOCIAL,assistência social,2023,1,100000.0,100000.0,False
André do Prado,PL,IPORANGA,SAÚDE,saúde,2023,1,100000.0,100000.0,False
André do Prado,PL,JOANÓPOLIS,SAÚDE,saúde,2023,1,100000.0,100000.0,False
André do Prado,PL,MOGI DAS CRUZES,SAÚDE,saúde,2023,1,100000.0,0.0,False
André do Prado,PL,SANTA BRANCA,SGRI,outra,2024,1,1565448.0,1565448.0,False
André do Prado,PL,BERTIOGA,SAÚDE,saúde,2024,1,1100000.0,1100000.0,False
André do Prado,PL,ITAQUAQUECETUBA,SAÚDE,saúde,2024,1,1000000.0,1000000.0,False
André do Prado,PL,SUZANO,SAÚDE,saúde,2024,1,1000000.0,1000000.0,False
André do Prado,PL,MAIRIPORÃ,SGRI,outra,2024,1,500000.0,500000.0,False
André do Prado,PL,RIBEIRÃO PRETO,SGRI,outra,2024,1,500000.0,0.0,False
André do Prado,PL,SANTA BRANCA,SAÚDE,saúde,2024,1,500000.0,500000.0,False
André do Prado,PL,BIRITIBA-MIRIM,SAÚDE,saúde,2024,1,485672.0,485672.0,False
André do Prado,PL,MIRACATU,SAÚDE,saúde,2024,1,400000.0,400000.0,False
André do Prado,PL,CUNHA,DESENV. SOCIAL,assistência social,2024,1,300000.0,300000.0,False
André do Prado,PL,JUQUITIBA,SGRI,outra,2024,1,300000.0,300000.0,False
André do Prado,PL,MOGI DAS CRUZES,BOMBEIROS PM DO EST. SÃO PAULO,outra,2024,1,300000.0,300000.0,False
André do Prado,PL,PIQUETE,SGRI,outra,2024,1,300000.0,300000.0,False
André do Prado,PL,SÃO PAULO,SAÚDE,saúde,2024,3,300000.0,300000.0,False
André do Prado,PL,TAUBATÉ,SGRI,outra,2024,1,300000.0,300000.0,False
André do Prado,PL,BARRETOS,SAÚDE,saúde,2024,1,200000.0,200000.0,False
André do Prado,PL,GUARUJÁ,SAÚDE,saúde,2024,1,200000.0,200000.0,False
André do Prado,PL,JACAREÍ,SAÚDE,saúde,2024,1,200000.0,200000.0,False
André do Prado,PL,PACAEMBU,SAÚDE,saúde,2024,1,200000.0,200000.0,False
André do Prado,PL,PARIQUERA-AÇU,SAÚDE,saúde,2024,1,200000.0,200000.0,False
André do Prado,PL,QUELUZ,SAÚDE,saúde,2024,1,200000.0,200000.0,False
André do Prado,PL,ROSEIRA,SAÚDE,saúde,2024,1,200000.0,200000.0,False
André do Prado,PL,SÃO MANUEL,SAÚDE,saúde,2024,1,200000.0,200000.0,False
André do Prado,PL,MIRACATU,FUNDO SOCIAL DE SÃO PAULO - FUS SP,outra,2024,1,125000.0,125000.0,False
André do Prado,PL,BIRITIBA-MIRIM,DESENV. SOCIAL,assistência social,2024,2,100000.0,100000.0,False
André do Prado,PL,CACONDE,SAÚDE,saúde,2024,1,100000.0,100000.0,False
André do Prado,PL,JUQUIÁ,CULTURA,outra,2024,1,100000.0,0.0,False
André do Prado,PL,LAVRINHAS,SAÚDE,saúde,2024,1,100000.0,100000.0,False
André do Prado,PL,JUQUIÁ,DESENV. SOCIAL,assistência social,2024,1,0.0,0.0,False
André do Prado,PL,SÃO PAULO,SEGURANÇA PÚBLICA,outra,2024,1,0.0,0.0,False
André do Prado,PL,CUNHA,AGRICULTURA,outra,2025,1,1000000.0,1000000.0,False
André do Prado,PL,MAIRINQUE,SAÚDE,saúde,2025,1,1000000.0,1000000.0,False
André do Prado,PL,UBATUBA,SAÚDE,saúde,2025,1,1000000.0,1000000.0,False
André do Prado,PL,JACAREÍ,SAÚDE,saúde,2025,1,800000.0,800000.0,False
André do Prado,PL,JUQUIÁ,SGRI,outra,2025,1,700000.0,700000.0,False
André do Prado,PL,SÃO PAULO,SAÚDE,saúde,2025,7,600000.0,400000.0,False
André do Prado,PL,ALTAIR,SAÚDE,saúde,2025,1,500000.0,500000.0,False
André do Prado,PL,ARUJÁ,SAÚDE,saúde,2025,1,500000.0,500000.0,False
André do Prado,PL,AVARÉ,SAÚDE,saúde,2025,1,500000.0,500000.0,False
André do Prado,PL,GUARAREMA,SAÚDE,saúde,2025,1,500000.0,500000.0,False
André do Prado,PL,PINDAMONHANGABA,SAÚDE,saúde,2025,1,500000.0,500000.0,False
André do Prado,PL,SANTA ISABEL,SAÚDE,saúde,2025,1,500000.0,0.0,False
André do Prado,PL,SETE BARRAS,SAÚDE,saúde,2025,1,500000.0,500000.0,False
André do Prado,PL,SUZANO,SAÚDE,saúde,2025,1,500000.0,500000.0,False
André do Prado,PL,PARAIBUNA,SAÚDE,saúde,2025,1,416278.0,416278.0,False
André do Prado,PL,OSASCO,CULTURA,outra,2025,1,400000.0,400000.0,False
André do Prado,PL,OURINHOS,DESENV. SOCIAL,assistência social,2025,1,350000.0,350000.0,False
André do Prado,PL,JACAREÍ,DESENV. SOCIAL,assistência social,2025,2,300000.0,0.0,False
André do Prado,PL,BARRETOS,SAÚDE,saúde,2025,2,200000.0,200000.0,False
André do Prado,PL,GUARAÇAÍ,SAÚDE,saúde,2025,1,200000.0,200000.0,False
André do Prado,PL,IRACEMÁPOLIS,SAÚDE,saúde,2025,1,200000.0,200000.0,False
André do Prado,PL,ITAÓCA,SGRI,outra,2025,1,200000.0,200000.0,False
André do Prado,PL,MOMBUCA,SAÚDE,saúde,2025,1,200000.0,200000.0,False
André do Prado,PL,PIRASSUNUNGA,SAÚDE,saúde,2025,1,200000.0,200000.0,False
André do Prado,PL,SANTA BÁRBARA D'OESTE,DESENV. SOCIAL,assistência social,2025,1,200000.0,200000.0,False
André do Prado,PL,SÃO JOSÉ DOS CAMPOS,PM DO EST. SÃO PAULO,outra,2025,1,200000.0,200000.0,False
André do Prado,PL,MOGI DAS CRUZES,PM DO EST. SÃO PAULO,outra,2025,1,150000.0,150000.0,False
André do Prado,PL,MONTEIRO LOBATO,SAÚDE,saúde,2025,1,150000.0,150000.0,False
André do Prado,PL,BERTIOGA,DESENV. SOCIAL,assistência social,2025,2,100000.0,0.0,False
André do Prado,PL,LARANJAL PAULISTA,DESENV. SOCIAL,assistência social,2025,1,100000.0,100000.0,False
André do Prado,PL,CUNHA,SGRI,outra,2025,1,0.0,0.0,False
André do Prado,PL,MOGI DAS CRUZES,SEGURANÇA PÚBLICA,outra,2025,1,0.0,0.0,False
André do Prado,PL,SÃO JOSÉ DOS CAMPOS,SEGURANÇA PÚBLICA,outra,2025,1,0.0,0.0,False
Andréa Werner,PSB,SÃO JOSÉ DOS CAMPOS,SAÚDE,saúde,2024,1,760000.0,760000.0,False
Andréa Werner,PSB,SÃO PAULO,SAÚDE,saúde,2024,3,700000.0,700000.0,False
Andréa Werner,PSB,SÃO PAULO,DESENV. SOCIAL,assistência social,2024,5,600000.0,600000.0,False
Andréa Werner,PSB,SÃO JOSÉ DO RIO PRETO,SAÚDE,saúde,2024,1,554120.0,554120.0,False
Andréa Werner,PSB,CAMPINAS,DESENV. SOCIAL,assistência social,2024,1,500000.0,500000.0,False
Andréa Werner,PSB,FRANCA,SAÚDE,saúde,2024,1,500000.0,500000.0,False
Andréa Werner,PSB,JAÚ,SAÚDE,saúde,2024,1,500000.0,500000.0,False
Andréa Werner,PSB,LIMEIRA,SAÚDE,saúde,2024,1,500000.0,500000.0,False
Andréa Werner,PSB,LOUVEIRA,SAÚDE,saúde,2024,1,500000.0,500000.0,False
Andréa Werner,PSB,RIBEIRÃO PRETO,HC DA FACULDADE DE MEDICINA DE RIBEIRÃO PRETO - USP,outra,2024,1,500000.0,500000.0,False
Andréa Werner,PSB,CAMPINAS,SAÚDE,saúde,2024,2,400000.0,400000.0,False
Andréa Werner,PSB,LORENA,SAÚDE,saúde,2024,1,400000.0,400000.0,False
Andréa Werner,PSB,MAUÁ,DESENV. SOCIAL,assistência social,2024,3,400000.0,400000.0,False
Andréa Werner,PSB,JACAREÍ,SAÚDE,saúde,2024,2,350000.0,350000.0,False
Andréa Werner,PSB,SUMARÉ,SAÚDE,saúde,2024,1,312000.0,312000.0,False
Andréa Werner,PSB,OURINHOS,SAÚDE,saúde,2024,2,300000.0,300000.0,False
Andréa Werner,PSB,ARARAQUARA,SAÚDE,saúde,2024,1,200000.0,200000.0,False
Andréa Werner,PSB,COTIA,SAÚDE,saúde,2024,1,200000.0,200000.0,False
Andréa Werner,PSB,GUARULHOS,DESENV. SOCIAL,assistência social,2024,2,200000.0,200000.0,False
Andréa Werner,PSB,INDAIATUBA,SAÚDE,saúde,2024,1,200000.0,200000.0,False
Andréa Werner,PSB,JUNDIAÍ,SAÚDE,saúde,2024,1,200000.0,200000.0,False
Andréa Werner,PSB,RIBEIRÃO PIRES,SAÚDE,saúde,2024,1,200000.0,200000.0,False
Andréa Werner,PSB,SÃO PAULO,CULTURA,outra,2024,1,200000.0,200000.0,False
Andréa Werner,PSB,VALINHOS,SAÚDE,saúde,2024,1,200000.0,200000.0,False
Andréa Werner,PSB,VINHEDO,SAÚDE,saúde,2024,1,200000.0,200000.0,False
Andréa Werner,PSB,BURI,SAÚDE,saúde,2024,1,150000.0,150000.0,False
Andréa Werner,PSB,ITANHAÉM,EDUCAÇÃO,educação,2024,1,150000.0,150000.0,False
Andréa Werner,PSB,JACAREÍ,DESENV. SOCIAL,assistência social,2024,1,150000.0,150000.0,False
Andréa Werner,PSB,SOROCABA,DESENV. SOCIAL,assistência social,2024,2,150000.0,150000.0,False
Andréa Werner,PSB,CABREÚVA,DESENV. SOCIAL,assistência social,2024,1,100000.0,100000.0,False
Andréa Werner,PSB,COTIA,DESENV. SOCIAL,assistência social,2024,1,100000.0,100000.0,False
Andréa Werner,PSB,DIVINOLÂNDIA,SAÚDE,saúde,2024,1,100000.0,100000.0,False
Andréa Werner,PSB,MAIRIPORÃ,SAÚDE,saúde,2024,1,100000.0,100000.0,False
Andréa Werner,PSB,RIBEIRÃO PRETO,SAÚDE,saúde,2024,1,100000.0,100000.0,False
Andréa Werner,PSB,SÃO PAULO,DIREITOS DA PCD,outra,2024,1,100000.0,100000.0,False
Andréa Werner,PSB,TAUBATÉ,DESENV. SOCIAL,assistência social,2024,2,100000.0,100000.0,False
Andréa Werner,PSB,UBATUBA,DESENV. SOCIAL,assistência social,2024,1,100000.0,100000.0,False
Andréa Werner,PSB,CABREÚVA,SAÚDE,saúde,2024,1,0.0,0.0,False
Andréa Werner,PSB,JACAREÍ,POLÍTICAS PARA MULHER,outra,2024,1,0.0,0.0,False
Andréa Werner,PSB,RIBEIRÃO PIRES,DIREITOS DA PCD,outra,2024,1,0.0,0.0,False
Andréa Werner,PSB,SÃO PAULO,EDUCAÇÃO,educação,2024,1,0.0,0.0,False
Andréa Werner,PSB,SÃO PAULO,SAÚDE,saúde,2025,9,1978481.0,1978481.0,False
Andréa Werner,PSB,SÃO JOSÉ DOS CAMPOS,SAÚDE,saúde,2025,3,800000.0,500000.0,False
Andréa Werner,PSB,RIBEIRÃO PRETO,HC DA FACULDADE DE MEDICINA DE RIBEIRÃO PRETO - USP,outra,2025,1,750000.0,750000.0,False
Andréa Werner,PSB,BIRIGUI,SAÚDE,saúde,2025,4,611797.0,611797.0,False
Andréa Werner,PSB,SÃO PAULO,DESENV. SOCIAL,assistência social,2025,2,600000.0,500000.0,False
Andréa Werner,PSB,PIRACICABA,EDUCAÇÃO,educação,2025,1,540000.0,0.0,False
Andréa Werner,PSB,SÃO PAULO,DIREITOS DA PCD,outra,2025,5,500000.0,300000.0,False
Andréa Werner,PSB,PIRACICABA,SAÚDE,saúde,2025,2,328000.0,328000.0,False
Andréa Werner,PSB,CAMPINAS,UNICAMP,outra,2025,2,300000.0,0.0,False
Andréa Werner,PSB,JUNDIAÍ,SAÚDE,saúde,2025,2,300000.0,300000.0,False
Andréa Werner,PSB,SÃO PAULO,DESENV. ECONÔMICO,outra,2025,3,300000.0,200000.0,False
Andréa Werner,PSB,SÃO PAULO,PM DO EST. SÃO PAULO,outra,2025,2,300000.0,300000.0,False
Andréa Werner,PSB,ARAÇATUBA,SAÚDE,saúde,2025,1,200000.0,200000.0,False
Andréa Werner,PSB,CAMPINAS,DESENV. SOCIAL,assistência social,2025,1,200000.0,200000.0,False
Andréa Werner,PSB,JACAREÍ,SAÚDE,saúde,2025,1,200000.0,200000.0,False
Andréa Werner,PSB,JAÚ,DESENV. SOCIAL,assistência social,2025,1,200000.0,200000.0,False
Andréa Werner,PSB,JAÚ,SAÚDE,saúde,2025,1,200000.0,200000.0,False
Andréa Werner,PSB,PRESIDENTE BERNARDES,SAÚDE,saúde,2025,1,200000.0,200000.0,False
Andréa Werner,PSB,SANTA BÁRBARA D'OESTE,DESENV. SOCIAL,assistência social,2025,1,200000.0,200000.0,False
Andréa Werner,PSB,SANTANA DE PARNAÍBA,DESENV. SOCIAL,assistência social,2025,1,200000.0,0.0,False
Andréa Werner,PSB,SUMARÉ,DESENV. SOCIAL,assistência social,2025,1,200000.0,200000.0,False
Andréa Werner,PSB,TANABI,SAÚDE,saúde,2025,1,200000.0,200000.0,False
Andréa Werner,PSB,VALINHOS,SAÚDE,saúde,2025,2,200000.0,100000.0,False
Andréa Werner,PSB,VÁRZEA PAULISTA,SAÚDE,saúde,2025,1,200000.0,200000.0,False
Andréa Werner,PSB,VINHEDO,EDUCAÇÃO,educação,2025,1,200000.0,0.0,False
Andréa Werner,PSB,VINHEDO,SAÚDE,saúde,2025,1,200000.0,200000.0,False
Andréa Werner,PSB,GUARULHOS,DESENV. SOCIAL,assistência social,2025,1,195000.0,195000.0,False
Andréa Werner,PSB,SÃO CARLOS,CIÊNCIA TECNOLOGIA E INOVAÇÃO,outra,2025,1,168000.0,168000.0,False
Andréa Werner,PSB,BAURU,CULTURA,outra,2025,1,150000.0,150000.0,False
Andréa Werner,PSB,BEBEDOURO,SAÚDE,saúde,2025,1,150000.0,150000.0,False
Andréa Werner,PSB,CAMPINA DO MONTE ALEGRE,EDUCAÇÃO,educação,2025,1,130000.0,130000.0,False
Andréa Werner,PSB,CACONDE,SAÚDE,saúde,2025,1,100000.0,100000.0,False
Andréa Werner,PSB,GUARUJÁ,SAÚDE,saúde,2025,1,100000.0,100000.0,False
Andréa Werner,PSB,GUARULHOS,SAÚDE,saúde,2025,3,100000.0,100000.0,False
Andréa Werner,PSB,LEME,SAÚDE,saúde,2025,1,100000.0,100000.0,False
Andréa Werner,PSB,MAIRINQUE,DESENV. SOCIAL,assistência social,2025,1,100000.0,100000.0,False
Andréa Werner,PSB,MOGI GUAÇU,SAÚDE,saúde,2025,1,100000.0,100000.0,False
Andréa Werner,PSB,OSASCO,DESENV. SOCIAL,assistência social,2025,1,100000.0,0.0,False
Andréa Werner,PSB,OURINHOS,DESENV. SOCIAL,assistência social,2025,1,100000.0,100000.0,False
Andréa Werner,PSB,PENÁPOLIS,SAÚDE,saúde,2025,1,100000.0,100000.0,False
Andréa Werner,PSB,PIRAJUÍ,SAÚDE,saúde,2025,2,100000.0,100000.0,False
Andréa Werner,PSB,PIRAJUÍ,DESENV. SOCIAL,assistência social,2025,1,100000.0,0.0,False
Andréa Werner,PSB,PRESIDENTE PRUDENTE,SAÚDE,saúde,2025,1,100000.0,100000.0,False
Andréa Werner,PSB,SALTO,SAÚDE,saúde,2025,1,100000.0,100000.0,False
Andréa Werner,PSB,SANTO ANDRÉ,DESENV. SOCIAL,assistência social,2025,1,100000.0,100000.0,False
Andréa Werner,PSB,SÃO PAULO,CULTURA,outra,2025,1,100000.0,100000.0,False
Andréa Werner,PSB,SÃO PAULO,HC DA FACULDADE DE MEDICINA DA USP,outra,2025,1,100000.0,0.0,False
Andréa Werner,PSB,VALINHOS,DESENV. SOCIAL,assistência social,2025,2,100000.0,100000.0,False
Andréa Werner,PSB,SOROCABA,DESENV. SOCIAL,assistência social,2025,1,65000.0,65000.0,False
Andréa Werner,PSB,OURINHOS,SAÚDE,saúde,2025,1,0.0,0.0,False
Andréa Werner,PSB,SÃO PAULO,CIÊNCIA TECNOLOGIA E INOVAÇÃO,outra,2025,2,0.0,0.0,False
Andréa Werner,PSB,SÃO PAULO,ESPORTES,outra,2025,1,0.0,0.0,False
Andréa Werner,PSB,SUMARÉ,SAÚDE,saúde,2025,1,0.0,0.0,False
Caio França,PSB,SÃO VICENTE,SAÚDE,saúde,2023,3,1200000.0,1200000.0,False
Caio França,PSB,SÃO VICENTE,SGRI,transferência especial,2023,5,1100000.0,1100000.0,True
Caio França,PSB,UBATUBA,SAÚDE,saúde,2023,1,500000.0,500000.0,False
Caio França,PSB,TAPIRAÍ,SGRI,transferência especial,2023,2,350000.0,350000.0,True
Caio França,PSB,JUQUIÁ,SAÚDE,saúde,2023,1,300000.0,300000.0,False
Caio França,PSB,PERUÍBE,SAÚDE,saúde,2023,1,300000.0,300000.0,False
Caio França,PSB,SANTOS,ESPORTES,outra,2023,2,300000.0,300000.0,False
Caio França,PSB,SÃO VICENTE,DESENV. SOCIAL,assistência social,2023,2,300000.0,300000.0,False
Caio França,PSB,BARRA DO TURVO,SGRI,transferência especial,2023,2,250000.0,250000.0,True
Caio França,PSB,FRANCISCO MORATO,SAÚDE,saúde,2023,1,250000.0,250000.0,False
Caio França,PSB,REGISTRO,SAÚDE,saúde,2023,4,250000.0,100000.0,False
Caio França,PSB,TUPÃ,SAÚDE,saúde,2023,1,250000.0,250000.0,False
Caio França,PSB,TUPÃ,SGRI,transferência especial,2023,1,250000.0,250000.0,True
Caio França,PSB,ARUJÁ,SAÚDE,saúde,2023,1,200000.0,200000.0,False
Caio França,PSB,CUBATÃO,SAÚDE,saúde,2023,1,200000.0,0.0,False
Caio França,PSB,GUARULHOS,SGRI,transferência especial,2023,1,200000.0,200000.0,True
Caio França,PSB,IGUAPE,CULTURA,outra,2023,1,200000.0,200000.0,False
Caio França,PSB,MONGAGUÁ,SAÚDE,saúde,2023,1,200000.0,200000.0,False
Caio França,PSB,OSASCO,SGRI,transferência especial,2023,1,200000.0,200000.0,True
Caio França,PSB,PEDRO DE TOLEDO,SAÚDE,saúde,2023,1,200000.0,200000.0,False
Caio França,PSB,PIRAPORA DO BOM JESUS,SAÚDE,saúde,2023,1,200000.0,200000.0,False
Caio França,PSB,SANTO ANDRÉ,EDUCAÇÃO,educação,2023,2,200000.0,200000.0,False
Caio França,PSB,SÃO PAULO,DESENV. SOCIAL,assistência social,2023,3,200000.0,200000.0,False
Caio França,PSB,SÃO PAULO,CENTRO PAULA SOUZA,outra,2023,1,200000.0,200000.0,False
Caio França,PSB,SÃO SEBASTIÃO,SAÚDE,saúde,2023,1,200000.0,200000.0,False
Caio França,PSB,TABATINGA,SGRI,transferência especial,2023,1,200000.0,200000.0,True
Caio França,PSB,PORTO FERREIRA,SGRI,transferência especial,2023,1,160000.0,160000.0,True
Caio França,PSB,CAMPINAS,SGRI,transferência especial,2023,1,153659.5,153659.5,True
Caio França,PSB,DIADEMA,SGRI,transferência especial,2023,1,150000.0,150000.0,True
Caio França,PSB,GUARUJÁ,SGRI,transferência especial,2023,1,150000.0,150000.0,True
Caio França,PSB,PRAIA GRANDE,SGRI,transferência especial,2023,1,150000.0,150000.0,True
Caio França,PSB,IBIÚNA,SAÚDE,saúde,2023,1,133659.5,133659.5,False
Caio França,PSB,CANANÉIA,SAÚDE,saúde,2023,1,130000.0,130000.0,False
Caio França,PSB,BERTIOGA,SAÚDE,saúde,2023,2,100000.0,100000.0,False
Caio França,PSB,CARAGUATATUBA,SAÚDE,saúde,2023,1,100000.0,100000.0,False
Caio França,PSB,ITAPETININGA,ESPORTES,outra,2023,2,100000.0,0.0,False
Caio França,PSB,PARIQUERA-AÇU,SAÚDE,saúde,2023,1,100000.0,100000.0,False
Caio França,PSB,RUBINEIA,SAÚDE,saúde,2023,1,100000.0,100000.0,False
Caio França,PSB,SANTA CLARA D'OESTE,SAÚDE,saúde,2023,1,100000.0,100000.0,False
Caio França,PSB,SÃO MIGUEL ARCANJO,SGRI,transferência especial,2023,1,100000.0,100000.0,True
Caio França,PSB,SÃO PAULO,CULTURA,outra,2023,1,100000.0,100000.0,False
Caio França,PSB,SÃO PAULO,SAÚDE,saúde,2023,1,100000.0,100000.0,False
Caio França,PSB,TRÊS FRONTEIRAS,SAÚDE,saúde,2023,1,100000.0,100000.0,False
Caio França,PSB,HERCULÂNDIA,SGRI,transferência especial,2023,1,80000.0,80000.0,True
Caio França,PSB,IGUAPE,SGRI,transferência especial,2023,1,70000.0,70000.0,True
Caio França,PSB,PORTO FERREIRA,SAÚDE,saúde,2023,1,50000.0,50000.0,False
Caio França,PSB,PORTO FERREIRA,DESENV. SOCIAL,assistência social,2023,2,50000.0,50000.0,False
Caio França,PSB,REGISTRO,DEFESA E SAÚDE ANIMAL,saúde,2023,1,50000.0,50000.0,False
Caio França,PSB,REGISTRO,DESENV. SOCIAL,assistência social,2023,1,0.0,0.0,False
Caio França,PSB,SANTO ANDRÉ,DESENV. SOCIAL,assistência social,2023,2,0.0,0.0,False
Caio França,PSB,SÃO VICENTE,SAÚDE,saúde,2024,6,1954953.8,1954953.8,False
Caio França,PSB,SÃO VICENTE,SGRI,transferência especial,2024,5,987418.0,987418.0,True
Caio França,PSB,SANTOS,SGRI,transferência especial,2024,4,550000.0,550000.0,True
Caio França,PSB,JUQUIÁ,SAÚDE,saúde,2024,1,500000.0,500000.0,False
Caio França,PSB,PENÁPOLIS,SAÚDE,saúde,2024,1,500000.0,500000.0,False
Caio França,PSB,IGUAPE,SGRI,transferência especial,2024,1,320000.0,320000.0,True
Caio França,PSB,IGUAPE,CULTURA,outra,2024,3,300000.0,300000.0,False
Caio França,PSB,PORTO FERREIRA,SAÚDE,saúde,2024,1,300000.0,300000.0,False
Caio França,PSB,SÃO PAULO,TURISMO,outra,2024,1,300000.0,300000.0,False
Caio França,PSB,SÃO VICENTE,DESENV. SOCIAL,assistência social,2024,4,293650.0,293650.0,False
Caio França,PSB,PERUÍBE,SAÚDE,saúde,2024,1,290000.0,290000.0,False
Caio França,PSB,SANTO ANDRÉ,DESENV. SOCIAL,assistência social,2024,2,230000.0,230000.0,False
Caio França,PSB,ITAPECERICA DA SERRA,SAÚDE,saúde,2024,1,200000.0,200000.0,False
Caio França,PSB,ITARIRI,SGRI,transferência especial,2024,1,200000.0,200000.0,True
Caio França,PSB,SÃO PAULO,SAÚDE,saúde,2024,3,198106.2,100000.0,False
Caio França,PSB,CAMPINAS,UNICAMP,outra,2024,1,180000.0,0.0,False
Caio França,PSB,SÃO PAULO,CULTURA,outra,2024,1,156350.0,156350.0,False
Caio França,PSB,GUARUJÁ,SGRI,transferência especial,2024,1,150642.0,150642.0,True
Caio França,PSB,ANGATUBA,SAÚDE,saúde,2024,1,150000.0,150000.0,False
Caio França,PSB,ITAPIRAPUÃ PAULISTA,SGRI,transferência especial,2024,1,150000.0,150000.0,True
Caio França,PSB,SANTOS,ESPORTES,outra,2024,3,150000.0,50000.0,False
Caio França,PSB,SÃO JOSÉ DOS CAMPOS,SAÚDE,saúde,2024,1,150000.0,150000.0,False
Caio França,PSB,SÃO ROQUE,SAÚDE,saúde,2024,1,150000.0,150000.0,False
Caio França,PSB,SARAPUÍ,SAÚDE,saúde,2024,1,150000.0,150000.0,False
Caio França,PSB,SARUTAIÁ,SAÚDE,saúde,2024,1,150000.0,150000.0,False
Caio França,PSB,TAPIRAÍ,SGRI,transferência especial,2024,1,150000.0,150000.0,True
Caio França,PSB,SÃO PAULO,DIREITOS DA PCD,outra,2024,1,140000.0,140000.0,False
Caio França,PSB,PEDRO DE TOLEDO,SGRI,outra,2024,1,130000.0,0.0,False
Caio França,PSB,LORENA,SAÚDE,saúde,2024,1,115000.0,115000.0,False
Caio França,PSB,BURI,SAÚDE,saúde,2024,1,100000.0,100000.0,False
Caio França,PSB,CAJATI,SGRI,transferência especial,2024,1,100000.0,100000.0,True
Caio França,PSB,DESCALVADO,SAÚDE,saúde,2024,1,100000.0,100000.0,False
Caio França,PSB,INDAIATUBA,DESENV. SOCIAL,assistência social,2024,3,100000.0,100000.0,False
Caio França,PSB,ITAPETININGA,DESENV. SOCIAL,assistência social,2024,1,100000.0,100000.0,False
Caio França,PSB,MAUÁ,DESENV. SOCIAL,assistência social,2024,2,100000.0,100000.0,False
Caio França,PSB,MIRACATU,SGRI,transferência especial,2024,1,100000.0,100000.0,True
Caio França,PSB,PARIQUERA-AÇU,DESENV. SOCIAL,assistência social,2024,2,100000.0,100000.0,False
Caio França,PSB,PERUÍBE,DESENV. SOCIAL,assistência social,2024,1,100000.0,100000.0,False
Caio França,PSB,RIO GRANDE DA SERRA,DESENV. SOCIAL,assistência social,2024,1,100000.0,0.0,False
Caio França,PSB,SANTA RITA DO PASSA QUATRO,SAÚDE,saúde,2024,1,100000.0,100000.0,False
Caio França,PSB,SANTO ANDRÉ,EDUCAÇÃO,educação,2024,1,100000.0,100000.0,False
Caio França,PSB,SANTOS,EDUCAÇÃO,educação,2024,1,100000.0,100000.0,False
Caio França,PSB,SÃO VICENTE,EDUCAÇÃO,educação,2024,2,100000.0,0.0,False
Caio França,PSB,SÃO VICENTE,CULTURA,outra,2024,1,100000.0,100000.0,False
Caio França,PSB,SOROCABA,SAÚDE,saúde,2024,1,100000.0,100000.0,False
Caio França,PSB,SUZANO,SAÚDE,saúde,2024,1,100000.0,100000.0,False
Caio França,PSB,SÃO VICENTE,DESENV. ECONÔMICO,outra,2024,1,80000.0,80000.0,False
Caio França,PSB,BERTIOGA,DESENV. SOCIAL,assistência social,2024,1,0.0,0.0,False
Caio França,PSB,EMBU DAS ARTES,SAÚDE,saúde,2024,1,0.0,0.0,False
Caio França,PSB,RIBEIRÃO PIRES,ESPORTES,outra,2024,1,0.0,0.0,False
Caio França,PSB,RIBEIRÃO PIRES,DESENV. SOCIAL,assistência social,2024,1,0.0,0.0,False
Caio França,PSB,SÃO PAULO,DESENV. SOCIAL,assistência social,2024,1,0.0,0.0,False
Caio França,PSB,SÃO VICENTE,ESPORTES,outra,2024,1,0.0,0.0,False
Caio França,PSB,TUPÃ,SAÚDE,saúde,2025,1,1000000.0,1000000.0,False
Caio França,PSB,SANTOS,ESPORTES,outra,2025,1,785000.0,785000.0,False
Caio França,PSB,IGUAPE,SAÚDE,saúde,2025,1,700000.0,700000.0,False
Caio França,PSB,SÃO VICENTE,SGRI,transferência especial,2025,3,430278.0,430278.0,True
Caio França,PSB,FERRAZ DE VASCONCELOS,SGRI,transferência especial,2025,1,400000.0,400000.0,True
Caio França,PSB,PERUÍBE,SGRI,transferência especial,2025,1,400000.0,400000.0,True
Caio França,PSB,CUBATÃO,DESENV. SOCIAL,assistência social,2025,2,371000.0,0.0,False
Caio França,PSB,SÃO VICENTE,SAÚDE,saúde,2025,2,350000.0,350000.0,False
Caio França,PSB,MIGUELÓPOLIS,SAÚDE,saúde,2025,1,320000.0,320000.0,False
Caio França,PSB,JALES,SAÚDE,saúde,2025,1,300000.0,300000.0,False
Caio França,PSB,REGISTRO,DESENV. SOCIAL,assistência social,2025,1,300000.0,300000.0,False
Caio França,PSB,RIBEIRÃO PIRES,SAÚDE,saúde,2025,1,300000.0,300000.0,False
Caio França,PSB,RIO GRANDE DA SERRA,SAÚDE,saúde,2025,1,300000.0,300000.0,False
Caio França,PSB,SANTO ANDRÉ,DESENV. SOCIAL,assistência social,2025,1,284428.0,284428.0,False
Caio França,PSB,SÃO VICENTE,DESENV. SOCIAL,assistência social,2025,2,250000.0,0.0,False
Caio França,PSB,SETE BARRAS,SAÚDE,saúde,2025,1,250000.0,250000.0,False
Caio França,PSB,CARAGUATATUBA,CULTURA,outra,2025,1,200000.0,0.0,False
Caio França,PSB,CESÁRIO LANGE,SAÚDE,saúde,2025,1,200000.0,200000.0,False
Caio França,PSB,DESCALVADO,SAÚDE,saúde,2025,1,200000.0,200000.0,False
Caio França,PSB,GUARUJÁ,SGRI,transferência especial,2025,1,200000.0,200000.0,True
Caio França,PSB,ITAPETININGA,SGRI,transferência especial,2025,1,200000.0,200000.0,True
Caio França,PSB,ITUPEVA,SAÚDE,saúde,2025,1,200000.0,200000.0,False
Caio França,PSB,JUQUITIBA,SAÚDE,saúde,2025,1,200000.0,200000.0,False
Caio França,PSB,MAIRIPORÃ,SAÚDE,saúde,2025,1,200000.0,200000.0,False
Caio França,PSB,MIRACATU,SAÚDE,saúde,2025,1,200000.0,200000.0,False
Caio França,PSB,PEDRO DE TOLEDO,SAÚDE,saúde,2025,1,200000.0,200000.0,False
Caio França,PSB,SALTO,DESENV. SOCIAL,assistência social,2025,1,200000.0,200000.0,False
Caio França,PSB,SANTOS,EDUCAÇÃO,educação,2025,2,200000.0,200000.0,False
Caio França,PSB,SÃO MANUEL,SAÚDE,saúde,2025,1,200000.0,200000.0,False
Caio França,PSB,SERTÃOZINHO,SAÚDE,saúde,2025,1,200000.0,200000.0,False
Caio França,PSB,SOROCABA,SAÚDE,saúde,2025,1,200000.0,200000.0,False
Caio França,PSB,TAPIRAÍ,SAÚDE,saúde,2025,1,200000.0,200000.0,False
Caio França,PSB,SANTOS,CULTURA,outra,2025,3,195672.0,195672.0,False
Caio França,PSB,BARRETOS,SGRI,transferência especial,2025,1,150000.0,150000.0,True
Caio França,PSB,CUBATÃO,EDUCAÇÃO,educação,2025,1,150000.0,0.0,False
Caio França,PSB,DIVINOLÂNDIA,SAÚDE,saúde,2025,1,150000.0,150000.0,False
Caio França,PSB,GUAPIARA,SGRI,transferência especial,2025,1,150000.0,150000.0,True
Caio França,PSB,ITARIRI,SGRI,transferência especial,2025,1,150000.0,150000.0,True
Caio França,PSB,MAUÁ,DESENV. SOCIAL,assistência social,2025,2,150000.0,150000.0,False
Caio França,PSB,BARRA DO TURVO,SAÚDE,saúde,2025,1,130000.0,130000.0,False
Caio França,PSB,CANANÉIA,SAÚDE,saúde,2025,1,130000.0,130000.0,False
Caio França,PSB,CAJATI,CULTURA,outra,2025,1,100000.0,0.0,False
Caio França,PSB,GUAREÍ,SAÚDE,saúde,2025,1,100000.0,100000.0,False
Caio França,PSB,IBIÚNA,SAÚDE,saúde,2025,1,100000.0,100000.0,False
Caio França,PSB,INDAIATUBA,DESENV. SOCIAL,assistência social,2025,1,100000.0,100000.0,False
Caio França,PSB,IPERÓ,DESENV. SOCIAL,assistência social,2025,1,100000.0,100000.0,False
Caio França,PSB,MAIRINQUE,DESENV. SOCIAL,assistência social,2025,1,100000.0,100000.0,False
Caio França,PSB,MAUÁ,SAÚDE,saúde,2025,1,100000.0,100000.0,False
Caio França,PSB,PORTO FERREIRA,SAÚDE,saúde,2025,1,100000.0,100000.0,False
Caio França,PSB,PORTO FERREIRA,CULTURA,outra,2025,1,100000.0,100000.0,False
Caio França,PSB,PRAIA GRANDE,EDUCAÇÃO,educação,2025,1,100000.0,0.0,False
Caio França,PSB,SÃO VICENTE,EDUCAÇÃO,educação,2025,1,100000.0,100000.0,False
Caio França,PSB,SUZANO,SAÚDE,saúde,2025,1,100000.0,100000.0,False
Caio França,PSB,SÃO PAULO,CULTURA,outra,2025,2,69900.0,69900.0,False
Caio França,PSB,PIRACICABA,DESENV. SOCIAL,assistência social,2025,2,50000.0,50000.0,False
Caio França,PSB,SÃO PAULO,DESENV. SOCIAL,assistência social,2025,1,50000.0,50000.0,False
Caio França,PSB,CUBATÃO,CIÊNCIA TECNOLOGIA E INOVAÇÃO,outra,2025,1,0.0,0.0,False
Caio França,PSB,GUARUJÁ,ESPORTES,outra,2025,1,0.0,0.0,False
Caio França,PSB,PRAIA GRANDE,ESPORTES,outra,2025,1,0.0,0.0,False
Caio França,PSB,SANTO ANDRÉ,SAÚDE,saúde,2025,1,0.0,0.0,False
Caio França,PSB,SÃO VICENTE,ESPORTES,outra,2025,1,0.0,0.0,False
Carlos Giannazi,PSOL,SÃO PAULO,CULTURA,outra,2023,14,1570000.0,1570000.0,False
Carlos Giannazi,PSOL,SÃO PAULO,SAÚDE,saúde,2023,4,850000.0,850000.0,False
Carlos Giannazi,PSOL,APIAÍ,SGRI,outra,2023,2,450000.0,450000.0,False
Carlos Giannazi,PSOL,SANTA CRUZ DO RIO PARDO,DESENV. SOCIAL,assistência social,2023,4,400000.0,400000.0,False
Carlos Giannazi,PSOL,JAÚ,SAÚDE,saúde,2023,1,350000.0,350000.0,False
Carlos Giannazi,PSOL,ASSIS,SAÚDE,saúde,2023,1,300000.0,300000.0,False
Carlos Giannazi,PSOL,CACONDE,SAÚDE,saúde,2023,1,300000.0,300000.0,False
Carlos Giannazi,PSOL,CAMPINAS,UNICAMP,outra,2023,1,300000.0,300000.0,False
Carlos Giannazi,PSOL,ITÁPOLIS,EDUCAÇÃO,educação,2023,2,300000.0,0.0,False
Carlos Giannazi,PSOL,PALMITAL,SAÚDE,saúde,2023,1,300000.0,300000.0,False
Carlos Giannazi,PSOL,SANTA CRUZ DO RIO PARDO,SAÚDE,saúde,2023,1,300000.0,0.0,False
Carlos Giannazi,PSOL,CAÇAPAVA,SAÚDE,saúde,2023,1,250000.0,250000.0,False
Carlos Giannazi,PSOL,CAMPOS DO JORDÃO,SAÚDE,saúde,2023,1,250000.0,250000.0,False
Carlos Giannazi,PSOL,CARAGUATATUBA,SAÚDE,saúde,2023,1,250000.0,250000.0,False
Carlos Giannazi,PSOL,PRESIDENTE PRUDENTE,CULTURA,outra,2023,1,250000.0,250000.0,False
Carlos Giannazi,PSOL,SANTO ANDRÉ,SAÚDE,saúde,2023,1,250000.0,0.0,False
Carlos Giannazi,PSOL,EMBU DAS ARTES,CULTURA,outra,2023,2,210000.0,210000.0,False
Carlos Giannazi,PSOL,BOFETE,DESENV. SOCIAL,assistência social,2023,1,200000.0,200000.0,False
Carlos Giannazi,PSOL,BOFETE,CASA MILITAR E DEFESA CIVIL,outra,2023,1,200000.0,200000.0,False
Carlos Giannazi,PSOL,BORBOREMA,SAÚDE,saúde,2023,1,200000.0,200000.0,False
Carlos Giannazi,PSOL,CAÇAPAVA,CULTURA,outra,2023,1,200000.0,200000.0,False
Carlos Giannazi,PSOL,EUCLIDES DA CUNHA PAULISTA,SAÚDE,saúde,2023,1,200000.0,200000.0,False
Carlos Giannazi,PSOL,GUARULHOS,DESENV. SOCIAL,assistência social,2023,1,200000.0,200000.0,False
Carlos Giannazi,PSOL,IBITINGA,SAÚDE,saúde,2023,1,200000.0,200000.0,False
Carlos Giannazi,PSOL,INÚBIA PAULISTA,SAÚDE,saúde,2023,1,200000.0,200000.0,False
Carlos Giannazi,PSOL,ITÁPOLIS,SAÚDE,saúde,2023,1,200000.0,200000.0,False
Carlos Giannazi,PSOL,PINDAMONHANGABA,DEFESA E SAÚDE ANIMAL,saúde,2023,1,200000.0,200000.0,False
Carlos Giannazi,PSOL,SANTO ANASTÁCIO,DESENV. SOCIAL,assistência social,2023,1,200000.0,200000.0,False
Carlos Giannazi,PSOL,SÃO PAULO,UNESP,outra,2023,1,200000.0,0.0,False
Carlos Giannazi,PSOL,TABATINGA,SAÚDE,saúde,2023,1,200000.0,200000.0,False
Carlos Giannazi,PSOL,ITATINGA,DESENV. SOCIAL,assistência social,2023,1,150000.0,150000.0,False
Carlos Giannazi,PSOL,SÃO PAULO,USP,outra,2023,1,150000.0,0.0,False
Carlos Giannazi,PSOL,OSASCO,CULTURA,outra,2023,2,130000.0,130000.0,False
Carlos Giannazi,PSOL,IPORANGA,SAÚDE,saúde,2023,1,127319.0,127319.0,False
Carlos Giannazi,PSOL,EMBU DAS ARTES,SEMIL,outra,2023,1,120000.0,120000.0,False
Carlos Giannazi,PSOL,SÃO BERNARDO DO CAMPO,JUSTIÇA,outra,2023,2,120000.0,120000.0,False
Carlos Giannazi,PSOL,ITU,SAÚDE,saúde,2023,1,100000.0,100000.0,False
Carlos Giannazi,PSOL,MARABÁ PAULISTA,SAÚDE,saúde,2023,1,100000.0,100000.0,False
Carlos Giannazi,PSOL,BOFETE,SAÚDE,saúde,2023,1,50000.0,50000.0,False
Carlos Giannazi,PSOL,SÃO PAULO,SAÚDE,saúde,2024,6,1350000.0,1350000.0,False
Carlos Giannazi,PSOL,SÃO PAULO,CULTURA,outra,2024,7,1188120.0,1110000.0,False
Carlos Giannazi,PSOL,SANTA CRUZ DO RIO PARDO,SAÚDE,saúde,2024,4,600000.0,400000.0,False
Carlos Giannazi,PSOL,ITÁPOLIS,SAÚDE,saúde,2024,2,410000.0,410000.0,False
Carlos Giannazi,PSOL,CAMPINAS,UNICAMP,outra,2024,1,400000.0,400000.0,False
Carlos Giannazi,PSOL,PRESIDENTE PRUDENTE,DESENV. SOCIAL,assistência social,2024,2,400000.0,400000.0,False
Carlos Giannazi,PSOL,SÃO JOSÉ DOS CAMPOS,SAÚDE,saúde,2024,2,400000.0,400000.0,False
Carlos Giannazi,PSOL,APIAÍ,SAÚDE,saúde,2024,1,300000.0,0.0,False
Carlos Giannazi,PSOL,APIAÍ,SGRI,outra,2024,2,300000.0,300000.0,False
Carlos Giannazi,PSOL,BOFETE,EDUCAÇÃO,educação,2024,1,300000.0,0.0,False
Carlos Giannazi,PSOL,ITAPECERICA DA SERRA,SEMIL,outra,2024,2,300000.0,300000.0,False
Carlos Giannazi,PSOL,JAÚ,SAÚDE,saúde,2024,1,300000.0,300000.0,False
Carlos Giannazi,PSOL,SANTO ANASTÁCIO,ESPORTES,outra,2024,2,300000.0,0.0,False
Carlos Giannazi,PSOL,GUARULHOS,DESENV. SOCIAL,assistência social,2024,1,250000.0,250000.0,False
Carlos Giannazi,PSOL,IPAUSSU,SAÚDE,saúde,2024,1,250000.0,250000.0,False
Carlos Giannazi,PSOL,BAURU,DESENV. SOCIAL,assistência social,2024,2,200000.0,200000.0,False
Carlos Giannazi,PSOL,BORACEIA,SAÚDE,saúde,2024,1,200000.0,200000.0,False
Carlos Giannazi,PSOL,BORBOREMA,DESENV. SOCIAL,assistência social,2024,1,200000.0,0.0,False
Carlos Giannazi,PSOL,CACONDE,SAÚDE,saúde,2024,1,200000.0,200000.0,False
Carlos Giannazi,PSOL,COLINA,EDUCAÇÃO,educação,2024,1,200000.0,200000.0,False
Carlos Giannazi,PSOL,CONCHAS,DESENV. SOCIAL,assistência social,2024,1,200000.0,200000.0,False
Carlos Giannazi,PSOL,EUCLIDES DA CUNHA PAULISTA,SAÚDE,saúde,2024,1,200000.0,200000.0,False
Carlos Giannazi,PSOL,INÚBIA PAULISTA,SAÚDE,saúde,2024,1,200000.0,200000.0,False
Carlos Giannazi,PSOL,IPORANGA,SAÚDE,saúde,2024,1,200000.0,200000.0,False
Carlos Giannazi,PSOL,ITÁPOLIS,DESENV. SOCIAL,assistência social,2024,1,200000.0,200000.0,False
Carlos Giannazi,PSOL,ITATINGA,DESENV. SOCIAL,assistência social,2024,1,200000.0,200000.0,False
Carlos Giannazi,PSOL,SANTO ANASTÁCIO,SAÚDE,saúde,2024,1,200000.0,200000.0,False
Carlos Giannazi,PSOL,ITU,SAÚDE,saúde,2024,1,188000.0,188000.0,False
Carlos Giannazi,PSOL,BORBOREMA,SAÚDE,saúde,2024,1,160000.0,160000.0,False
Carlos Giannazi,PSOL,IBITINGA,SAÚDE,saúde,2024,1,160000.0,160000.0,False
Carlos Giannazi,PSOL,MARABÁ PAULISTA,SAÚDE,saúde,2024,1,160000.0,160000.0,False
Carlos Giannazi,PSOL,TABATINGA,SAÚDE,saúde,2024,1,160000.0,160000.0,False
Carlos Giannazi,PSOL,OSASCO,CULTURA,outra,2024,1,150000.0,150000.0,False
Carlos Giannazi,PSOL,PILAR DO SUL,ESPORTES,outra,2024,2,150000.0,150000.0,False
Carlos Giannazi,PSOL,SÃO CARLOS,AGRICULTURA,outra,2024,1,150000.0,150000.0,False
Carlos Giannazi,PSOL,SÃO PAULO,USP,outra,2024,1,150000.0,150000.0,False
Carlos Giannazi,PSOL,SÃO BERNARDO DO CAMPO,JUSTIÇA,outra,2024,1,100000.0,0.0,False
Carlos Giannazi,PSOL,BORBOREMA,JUSTIÇA,outra,2024,1,0.0,0.0,False
Carlos Giannazi,PSOL,SANTA CRUZ DO RIO PARDO,DESENV. SOCIAL,assistência social,2024,1,0.0,0.0,False
Carlos Giannazi,PSOL,SÃO BERNARDO DO CAMPO,AGRICULTURA,outra,2024,1,0.0,0.0,False
Carlos Giannazi,PSOL,SÃO CARLOS,SEMIL,outra,2024,1,0.0,0.0,False
Carlos Giannazi,PSOL,SÃO PAULO,DESENV. SOCIAL,assistência social,2024,1,0.0,0.0,False
Carlos Giannazi,PSOL,SÃO PAULO,CULTURA,outra,2025,10,1670000.0,1670000.0,False
Carlos Giannazi,PSOL,APIAÍ,BOMBEIROS PM DO EST. SÃO PAULO,outra,2025,1,450000.0,450000.0,False
Carlos Giannazi,PSOL,ESPÍRITO SANTO DO PINHAL,SAÚDE,saúde,2025,1,450000.0,450000.0,False
Carlos Giannazi,PSOL,GUARULHOS,DESENV. SOCIAL,assistência social,2025,2,420000.0,420000.0,False
Carlos Giannazi,PSOL,CACONDE,SAÚDE,saúde,2025,1,400000.0,400000.0,False
Carlos Giannazi,PSOL,CAMPINAS,UNICAMP,outra,2025,1,400000.0,0.0,False
Carlos Giannazi,PSOL,CONCHAS,SAÚDE,saúde,2025,1,400000.0,400000.0,False
Carlos Giannazi,PSOL,ITAÓCA,SGRI,outra,2025,1,400000.0,400000.0,False
Carlos Giannazi,PSOL,MARABÁ PAULISTA,SAÚDE,saúde,2025,1,400000.0,400000.0,False
Carlos Giannazi,PSOL,SÃO JOSÉ DOS CAMPOS,SAÚDE,saúde,2025,1,400000.0,400000.0,False
Carlos Giannazi,PSOL,ITAÓCA,SAÚDE,saúde,2025,1,380000.0,380000.0,False
Carlos Giannazi,PSOL,FERRAZ DE VASCONCELOS,SAÚDE,saúde,2025,1,350000.0,350000.0,False
Carlos Giannazi,PSOL,INÚBIA PAULISTA,SAÚDE,saúde,2025,1,350000.0,350000.0,False
Carlos Giannazi,PSOL,IPAUSSU,SAÚDE,saúde,2025,2,350000.0,350000.0,False
Carlos Giannazi,PSOL,JAÚ,SAÚDE,saúde,2025,1,350000.0,350000.0,False
Carlos Giannazi,PSOL,SANTA CRUZ DO RIO PARDO,SAÚDE,saúde,2025,1,350000.0,350000.0,False
Carlos Giannazi,PSOL,IPORANGA,SAÚDE,saúde,2025,1,300000.0,300000.0,False
Carlos Giannazi,PSOL,ITAPECERICA DA SERRA,SEMIL,outra,2025,2,300000.0,0.0,False
Carlos Giannazi,PSOL,PRESIDENTE PRUDENTE,DESENV. SOCIAL,assistência social,2025,1,300000.0,300000.0,False
Carlos Giannazi,PSOL,SANTO ANASTÁCIO,SAÚDE,saúde,2025,1,300000.0,300000.0,False
Carlos Giannazi,PSOL,CARAGUATATUBA,SAÚDE,saúde,2025,1,250000.0,0.0,False
Carlos Giannazi,PSOL,SANTA CRUZ DO RIO PARDO,DESENV. SOCIAL,assistência social,2025,1,250000.0,250000.0,False
Carlos Giannazi,PSOL,SÃO PAULO,SAÚDE,saúde,2025,2,250000.0,250000.0,False
Carlos Giannazi,PSOL,SÃO PAULO,DESENV. SOCIAL,assistência social,2025,2,230000.0,230000.0,False
Carlos Giannazi,PSOL,GENERAL SALGADO,DESENV. SOCIAL,assistência social,2025,2,220000.0,220000.0,False
Carlos Giannazi,PSOL,BOFETE,DESENV. SOCIAL,assistência social,2025,1,200000.0,200000.0,False
Carlos Giannazi,PSOL,BORBOREMA,DESENV. SOCIAL,assistência social,2025,1,200000.0,200000.0,False
Carlos Giannazi,PSOL,BOTUCATU,DESENV. SOCIAL,assistência social,2025,1,200000.0,0.0,False
Carlos Giannazi,PSOL,ITÁPOLIS,DESENV. SOCIAL,assistência social,2025,1,200000.0,200000.0,False
Carlos Giannazi,PSOL,ITATINGA,SAÚDE,saúde,2025,1,200000.0,200000.0,False
Carlos Giannazi,PSOL,OSASCO,CULTURA,outra,2025,1,200000.0,200000.0,False
Carlos Giannazi,PSOL,SÃO PAULO,USP,outra,2025,1,200000.0,0.0,False
Carlos Giannazi,PSOL,TABATINGA,DESENV. SOCIAL,assistência social,2025,1,200000.0,200000.0,False
Carlos Giannazi,PSOL,BORACEIA,SAÚDE,saúde,2025,1,196278.0,196278.0,False
Carlos Giannazi,PSOL,EMBU DAS ARTES,CULTURA,outra,2025,1,180000.0,180000.0,False
Carlos Giannazi,PSOL,ITU,SAÚDE,saúde,2025,2,170000.0,170000.0,False
Carlos Giannazi,PSOL,CAÇAPAVA,CULTURA,outra,2025,1,150000.0,150000.0,False
Carlos Giannazi,PSOL,IBITINGA,SEMIL,outra,2025,1,150000.0,150000.0,False
Carlos Giannazi,PSOL,JABOTICABAL,DESENV. SOCIAL,assistência social,2025,1,150000.0,150000.0,False
Carlos Giannazi,PSOL,RIBEIRA,SAÚDE,saúde,2025,1,150000.0,150000.0,False
Danilo Balas,PL,SOROCABA,SAÚDE,saúde,2023,22,1570000.0,1570000.0,False
Danilo Balas,PL,SÃO PAULO,PM DO EST. SÃO PAULO,outra,2023,5,600000.0,600000.0,False
Danilo Balas,PL,SÃO PAULO,BOMBEIROS PM DO EST. SÃO PAULO,outra,2023,2,470000.0,470000.0,False
Danilo Balas,PL,SOROCABA,SEGURANÇA PÚBLICA,outra,2023,2,317319.0,317319.0,False
Danilo Balas,PL,PILAR DO SUL,SAÚDE,saúde,2023,2,300000.0,50000.0,False
Danilo Balas,PL,SÃO PAULO,EDUCAÇÃO,educação,2023,1,300000.0,300000.0,False
Danilo Balas,PL,SOROCABA,DESENV. SOCIAL,assistência social,2023,3,300000.0,300000.0,False
Danilo Balas,PL,ARARAS,SAÚDE,saúde,2023,3,210000.0,210000.0,False
Danilo Balas,PL,APARECIDA,CASA MILITAR E DEFESA CIVIL,outra,2023,1,200000.0,200000.0,False
Danilo Balas,PL,ARAÇOIABA DA SERRA,ESPORTES,outra,2023,1,200000.0,200000.0,False
Danilo Balas,PL,CAMPOS DO JORDÃO,SAÚDE,saúde,2023,1,200000.0,200000.0,False
Danilo Balas,PL,ITAPETININGA,CASA MILITAR E DEFESA CIVIL,outra,2023,1,200000.0,200000.0,False
Danilo Balas,PL,ITU,SEGURANÇA PÚBLICA,outra,2023,1,200000.0,200000.0,False
Danilo Balas,PL,PIEDADE,SAÚDE,saúde,2023,3,200000.0,200000.0,False
Danilo Balas,PL,SALTO,SEGURANÇA PÚBLICA,outra,2023,1,200000.0,200000.0,False
Danilo Balas,PL,SÃO ROQUE,CASA MILITAR E DEFESA CIVIL,outra,2023,1,200000.0,200000.0,False
Danilo Balas,PL,TATUÍ,CASA MILITAR E DEFESA CIVIL,outra,2023,1,200000.0,200000.0,False
Danilo Balas,PL,TATUÍ,SEGURANÇA PÚBLICA,outra,2023,1,200000.0,200000.0,False
Danilo Balas,PL,VOTORANTIM,CASA MILITAR E DEFESA CIVIL,outra,2023,1,200000.0,200000.0,False
Danilo Balas,PL,BATATAIS,SAÚDE,saúde,2023,2,160000.0,160000.0,False
Danilo Balas,PL,GUARATINGUETÁ,SAÚDE,saúde,2023,3,150000.0,150000.0,False
Danilo Balas,PL,PIRAJU,SEGURANÇA PÚBLICA,outra,2023,1,150000.0,150000.0,False
Danilo Balas,PL,AVARÉ,SEMIL,outra,2023,1,140000.0,140000.0,False
Danilo Balas,PL,ARAÇOIABA DA SERRA,SEGURANÇA PÚBLICA,outra,2023,1,100000.0,100000.0,False
Danilo Balas,PL,BIRIGUI,SAÚDE,saúde,2023,2,100000.0,100000.0,False
Danilo Balas,PL,BOITUVA,SAÚDE,saúde,2023,2,100000.0,100000.0,False
Danilo Balas,PL,CAMPOS DO JORDÃO,SEGURANÇA PÚBLICA,outra,2023,1,100000.0,100000.0,False
Danilo Balas,PL,CAPELA DO ALTO,SAÚDE,saúde,2023,2,100000.0,100000.0,False
Danilo Balas,PL,CERQUILHO,SEGURANÇA PÚBLICA,outra,2023,1,100000.0,100000.0,False
Danilo Balas,PL,CONCHAL,SEGURANÇA PÚBLICA,outra,2023,1,100000.0,100000.0,False
Danilo Balas,PL,CONCHAS,SAÚDE,saúde,2023,2,100000.0,100000.0,False
Danilo Balas,PL,CORDEIRÓPOLIS,SAÚDE,saúde,2023,2,100000.0,100000.0,False
Danilo Balas,PL,CRUZEIRO,SAÚDE,saúde,2023,1,100000.0,100000.0,False
Danilo Balas,PL,GUAPIARA,SAÚDE,saúde,2023,1,100000.0,100000.0,False
Danilo Balas,PL,GUAREÍ,SAÚDE,saúde,2023,1,100000.0,100000.0,False
Danilo Balas,PL,IBIÚNA,SEGURANÇA PÚBLICA,outra,2023,1,100000.0,100000.0,False
Danilo Balas,PL,ITANHAÉM,SAÚDE,saúde,2023,1,100000.0,100000.0,False
Danilo Balas,PL,ITAPETININGA,SAÚDE,saúde,2023,1,100000.0,100000.0,False
Danilo Balas,PL,ITAPEVA,SAÚDE,saúde,2023,2,100000.0,100000.0,False
Danilo Balas,PL,JARINU,SAÚDE,saúde,2023,2,100000.0,100000.0,False
Danilo Balas,PL,LORENA,SAÚDE,saúde,2023,2,100000.0,100000.0,False
Danilo Balas,PL,PEREIRA BARRETO,SAÚDE,saúde,2023,2,100000.0,100000.0,False
Danilo Balas,PL,PIEDADE,DESENV. SOCIAL,assistência social,2023,1,100000.0,100000.0,False
Danilo Balas,PL,RIO CLARO,SAÚDE,saúde,2023,1,100000.0,100000.0,False
Danilo Balas,PL,SÃO CAETANO DO SUL,SAÚDE,saúde,2023,1,100000.0,100000.0,False
Danilo Balas,PL,SÃO MIGUEL ARCANJO,SAÚDE,saúde,2023,4,100000.0,100000.0,False
Danilo Balas,PL,SÃO PAULO,SEGURANÇA PÚBLICA,outra,2023,1,100000.0,100000.0,False
Danilo Balas,PL,SÃO ROQUE,SEGURANÇA PÚBLICA,outra,2023,1,100000.0,100000.0,False
Danilo Balas,PL,SÃO ROQUE,SAÚDE,saúde,2023,2,100000.0,100000.0,False
Danilo Balas,PL,TAUBATÉ,SEGURANÇA PÚBLICA,outra,2023,1,100000.0,100000.0,False
Danilo Balas,PL,TIETÊ,SEGURANÇA PÚBLICA,outra,2023,1,100000.0,100000.0,False
Danilo Balas,PL,TIETÊ,SAÚDE,saúde,2023,1,100000.0,100000.0,False
Danilo Balas,PL,UBATUBA,SAÚDE,saúde,2023,2,100000.0,100000.0,False
Danilo Balas,PL,VARGEM GRANDE DO SUL,SEGURANÇA PÚBLICA,outra,2023,1,100000.0,100000.0,False
Danilo Balas,PL,ITAPETININGA,SGRI,transferência especial,2023,1,60000.0,60000.0,True
Danilo Balas,PL,ALAMBARI,SAÚDE,saúde,2023,1,50000.0,50000.0,False
Danilo Balas,PL,CAPÃO BONITO,SAÚDE,saúde,2023,1,50000.0,50000.0,False
Danilo Balas,PL,CONCHAL,SAÚDE,saúde,2023,1,50000.0,50000.0,False
Danilo Balas,PL,COSMORAMA,SAÚDE,saúde,2023,1,50000.0,50000.0,False
Danilo Balas,PL,ITABERÁ,SAÚDE,saúde,2023,1,50000.0,50000.0,False
Danilo Balas,PL,ITAÍ,SAÚDE,saúde,2023,1,50000.0,50000.0,False
Danilo Balas,PL,PIRAJU,SAÚDE,saúde,2023,1,50000.0,50000.0,False
Danilo Balas,PL,QUATÁ,SAÚDE,saúde,2023,1,50000.0,50000.0,False
Danilo Balas,PL,SÃO SEBASTIÃO,SAÚDE,saúde,2023,1,50000.0,50000.0,False
Danilo Balas,PL,SARUTAIÁ,SAÚDE,saúde,2023,1,50000.0,50000.0,False
Danilo Balas,PL,PORTO FELIZ,SAÚDE,saúde,2023,2,0.0,0.0,False
Danilo Balas,PL,RIO CLARO,DESENV. SOCIAL,assistência social,2023,1,0.0,0.0,False
Danilo Balas,PL,SÃO PAULO,CULTURA,outra,2024,6,2900000.0,2900000.0,False
Danilo Balas,PL,SOROCABA,SAÚDE,saúde,2024,2,1550000.0,1550000.0,False
Danilo Balas,PL,ARARAS,SAÚDE,saúde,2024,1,1000000.0,0.0,False
Danilo Balas,PL,RANCHARIA,SAÚDE,saúde,2024,1,1000000.0,1000000.0,False
Danilo Balas,PL,SALTO,SAÚDE,saúde,2024,1,1000000.0,1000000.0,False
Danilo Balas,PL,MONGAGUÁ,SAÚDE,saúde,2024,1,600000.0,600000.0,False
Danilo Balas,PL,ÁGUAS DE SÃO PEDRO,SAÚDE,saúde,2024,1,300000.0,300000.0,False
Danilo Balas,PL,GUAREÍ,SAÚDE,saúde,2024,1,300000.0,300000.0,False
Danilo Balas,PL,MARTINÓPOLIS,SAÚDE,saúde,2024,1,300000.0,300000.0,False
Danilo Balas,PL,SÃO PAULO,SEGURANÇA PÚBLICA,outra,2024,1,300000.0,300000.0,False
Danilo Balas,PL,CERQUEIRA CÉSAR,SAÚDE,saúde,2024,1,250000.0,250000.0,False
Danilo Balas,PL,CONCHAS,SAÚDE,saúde,2024,1,250000.0,250000.0,False
Danilo Balas,PL,SOROCABA,DESENV. SOCIAL,assistência social,2024,2,226120.0,226120.0,False
Danilo Balas,PL,SOROCABA,CULTURA,outra,2024,1,200000.0,200000.0,False
Danilo Balas,PL,TORRE DE PEDRA,SAÚDE,saúde,2024,1,200000.0,200000.0,False
Danilo Balas,PL,ARAÇOIABA DA SERRA,DESENV. SOCIAL,assistência social,2024,1,150000.0,150000.0,False
Danilo Balas,PL,SÃO PAULO,USP,outra,2024,1,150000.0,150000.0,False
Danilo Balas,PL,PIRAJU,DESENV. SOCIAL,assistência social,2024,1,100000.0,100000.0,False
Danilo Balas,PL,SÃO MIGUEL ARCANJO,DESENV. SOCIAL,assistência social,2024,1,100000.0,100000.0,False
Danilo Balas,PL,SÃO PAULO,SAÚDE,saúde,2024,1,100000.0,100000.0,False
Danilo Balas,PL,SÃO PAULO,ESPORTES,outra,2024,2,0.0,0.0,False
Danilo Balas,PL,SÃO PEDRO,DESENV. SOCIAL,assistência social,2024,1,0.0,0.0,False
Danilo Balas,PL,SÃO PAULO,CULTURA,outra,2025,9,4500000.0,4500000.0,False
Danilo Balas,PL,ARARAS,SAÚDE,saúde,2025,1,300000.0,300000.0,False
Danilo Balas,PL,TATUÍ,SAÚDE,saúde,2025,1,300000.0,300000.0,False
Danilo Balas,PL,ALAMBARI,SAÚDE,saúde,2025,1,250000.0,250000.0,False
Danilo Balas,PL,AVARÉ,SAÚDE,saúde,2025,1,250000.0,250000.0,False
Danilo Balas,PL,CAPÃO BONITO,SAÚDE,saúde,2025,1,250000.0,250000.0,False
Danilo Balas,PL,CERQUILHO,SAÚDE,saúde,2025,1,250000.0,250000.0,False
Danilo Balas,PL,ITAPEVA,SAÚDE,saúde,2025,1,250000.0,250000.0,False
Danilo Balas,PL,ITARARÉ,SAÚDE,saúde,2025,1,250000.0,250000.0,False
Danilo Balas,PL,MAIRINQUE,SAÚDE,saúde,2025,1,250000.0,250000.0,False
Danilo Balas,PL,PIRAJU,SAÚDE,saúde,2025,1,250000.0,250000.0,False
Danilo Balas,PL,PORTO FERREIRA,SAÚDE,saúde,2025,1,250000.0,250000.0,False
Danilo Balas,PL,SÃO MIGUEL ARCANJO,SAÚDE,saúde,2025,1,250000.0,250000.0,False
Danilo Balas,PL,SÃO PAULO,POLÍTICAS PARA MULHER,outra,2025,1,250000.0,250000.0,False
Danilo Balas,PL,SARAPUÍ,SAÚDE,saúde,2025,1,250000.0,250000.0,False
Danilo Balas,PL,TIETÊ,SAÚDE,saúde,2025,1,250000.0,250000.0,False
Danilo Balas,PL,UBATUBA,SAÚDE,saúde,2025,1,250000.0,250000.0,False
Danilo Balas,PL,SOROCABA,DESENV. SOCIAL,assistência social,2025,2,240000.0,240000.0,False
Danilo Balas,PL,CUNHA,SAÚDE,saúde,2025,1,200000.0,200000.0,False
Danilo Balas,PL,GUAPIARA,SAÚDE,saúde,2025,1,200000.0,200000.0,False
Danilo Balas,PL,LAVRINHAS,SAÚDE,saúde,2025,1,200000.0,200000.0,False
Danilo Balas,PL,MARTINÓPOLIS,SAÚDE,saúde,2025,1,200000.0,200000.0,False
Danilo Balas,PL,POTIM,SAÚDE,saúde,2025,1,200000.0,200000.0,False
Danilo Balas,PL,RIBEIRÃO BRANCO,SAÚDE,saúde,2025,1,200000.0,200000.0,False
Danilo Balas,PL,SANTO ANTÔNIO DO PINHAL,SAÚDE,saúde,2025,1,200000.0,200000.0,False
Danilo Balas,PL,SÃO BENTO DO SAPUCAÍ,SAÚDE,saúde,2025,1,200000.0,0.0,False
Danilo Balas,PL,SOROCABA,BOMBEIROS PM DO EST. SÃO PAULO,outra,2025,1,153778.0,153778.0,False
Danilo Balas,PL,GUARUJÁ,BOMBEIROS PM DO EST. SÃO PAULO,outra,2025,1,150000.0,150000.0,False
Danilo Balas,PL,SÃO PAULO,FUNDO SOCIAL DE SÃO PAULO - FUS SP,outra,2025,1,150000.0,0.0,False
Danilo Balas,PL,TAQUARITUBA,SAÚDE,saúde,2025,1,150000.0,150000.0,False
Danilo Balas,PL,ALUMÍNIO,SAÚDE,saúde,2025,1,140000.0,140000.0,False
Danilo Balas,PL,ARAÇOIABA DA SERRA,DESENV. SOCIAL,assistência social,2025,1,132500.0,132500.0,False
Danilo Balas,PL,PILAR DO SUL,DESENV. SOCIAL,assistência social,2025,1,130000.0,130000.0,False
Danilo Balas,PL,VOTORANTIM,DESENV. SOCIAL,assistência social,2025,1,130000.0,0.0,False
Danilo Balas,PL,AVARÉ,PM DO EST. SÃO PAULO,outra,2025,1,125000.0,125000.0,False
Danilo Balas,PL,LORENA,PM DO EST. SÃO PAULO,outra,2025,1,125000.0,125000.0,False
Danilo Balas,PL,ARARAS,DESENV. SOCIAL,assistência social,2025,1,120000.0,120000.0,False
Danilo Balas,PL,GUARATINGUETÁ,DESENV. SOCIAL,assistência social,2025,1,120000.0,120000.0,False
Danilo Balas,PL,CAMPOS NOVOS PAULISTA,SAÚDE,saúde,2025,1,100000.0,100000.0,False
Danilo Balas,PL,CANITAR,SAÚDE,saúde,2025,1,100000.0,100000.0,False
Danilo Balas,PL,ESPÍRITO SANTO DO TURVO,SAÚDE,saúde,2025,1,100000.0,100000.0,False
Danilo Balas,PL,MANDURI,SAÚDE,saúde,2025,1,100000.0,100000.0,False
Danilo Balas,PL,ÓLEO,SAÚDE,saúde,2025,1,100000.0,100000.0,False
Danilo Balas,PL,SARUTAIÁ,SAÚDE,saúde,2025,1,100000.0,100000.0,False
Edson Giriboni,União Brasil,CAPÃO BONITO,SAÚDE,saúde,2023,1,500000.0,500000.0,False
Edson Giriboni,União Brasil,ITAPETININGA,SAÚDE,saúde,2023,1,500000.0,0.0,False
Edson Giriboni,União Brasil,SALTO DE PIRAPORA,SGRI,outra,2023,1,500000.0,500000.0,False
Edson Giriboni,União Brasil,ARAÇOIABA DA SERRA,SGRI,outra,2023,1,450000.0,450000.0,False
Edson Giriboni,União Brasil,ANGATUBA,SGRI,outra,2023,1,400000.0,400000.0,False
Edson Giriboni,União Brasil,APIAÍ,SAÚDE,saúde,2023,2,300000.0,300000.0,False
Edson Giriboni,União Brasil,BURI,SGRI,outra,2023,1,300000.0,300000.0,False
Edson Giriboni,União Brasil,PILAR DO SUL,SGRI,outra,2023,1,300000.0,300000.0,False
Edson Giriboni,União Brasil,TAQUARITUBA,SAÚDE,saúde,2023,1,300000.0,300000.0,False
Edson Giriboni,União Brasil,SÃO MIGUEL ARCANJO,DESENV. SOCIAL,assistência social,2023,3,280000.0,180000.0,False
Edson Giriboni,União Brasil,CAPELA DO ALTO,SAÚDE,saúde,2023,1,250000.0,250000.0,False
Edson Giriboni,União Brasil,CERQUILHO,SGRI,outra,2023,1,250000.0,250000.0,False
Edson Giriboni,União Brasil,GUAPIARA,SAÚDE,saúde,2023,1,250000.0,250000.0,False
Edson Giriboni,União Brasil,GUAREÍ,SGRI,outra,2023,1,250000.0,250000.0,False
Edson Giriboni,União Brasil,ITAÓCA,SGRI,outra,2023,1,250000.0,250000.0,False
Edson Giriboni,União Brasil,RIBEIRÃO GRANDE,SAÚDE,saúde,2023,1,250000.0,250000.0,False
Edson Giriboni,União Brasil,SOROCABA,BOMBEIROS PM DO EST. SÃO PAULO,outra,2023,1,250000.0,250000.0,False
Edson Giriboni,União Brasil,TEJUPÁ,SGRI,outra,2023,1,240000.0,240000.0,False
Edson Giriboni,União Brasil,ITAPORANGA,SAÚDE,saúde,2023,1,217319.0,217319.0,False
Edson Giriboni,União Brasil,FARTURA,SAÚDE,saúde,2023,1,200000.0,200000.0,False
Edson Giriboni,União Brasil,ITAÍ,SAÚDE,saúde,2023,1,200000.0,200000.0,False
Edson Giriboni,União Brasil,ITATINGA,SGRI,outra,2023,1,200000.0,200000.0,False
Edson Giriboni,União Brasil,JUMIRIM,SGRI,outra,2023,1,200000.0,200000.0,False
Edson Giriboni,União Brasil,PARANAPANEMA,SAÚDE,saúde,2023,1,200000.0,0.0,False
Edson Giriboni,União Brasil,RIBEIRÃO BRANCO,SAÚDE,saúde,2023,1,200000.0,200000.0,False
Edson Giriboni,União Brasil,SALTO DE PIRAPORA,SAÚDE,saúde,2023,1,200000.0,0.0,False
Edson Giriboni,União Brasil,BARÃO DE ANTONINA,SAÚDE,saúde,2023,1,150000.0,150000.0,False
Edson Giriboni,União Brasil,CERQUILHO,SAÚDE,saúde,2023,1,150000.0,150000.0,False
Edson Giriboni,União Brasil,CESÁRIO LANGE,SAÚDE,saúde,2023,1,150000.0,150000.0,False
Edson Giriboni,União Brasil,CHAVANTES,SAÚDE,saúde,2023,1,150000.0,150000.0,False
Edson Giriboni,União Brasil,CORONEL MACEDO,SAÚDE,saúde,2023,1,150000.0,150000.0,False
Edson Giriboni,União Brasil,IPAUSSU,SAÚDE,saúde,2023,1,150000.0,150000.0,False
Edson Giriboni,União Brasil,ITAPIRAPUÃ PAULISTA,SAÚDE,saúde,2023,1,150000.0,150000.0,False
Edson Giriboni,União Brasil,PIEDADE,SAÚDE,saúde,2023,1,150000.0,150000.0,False
Edson Giriboni,União Brasil,QUADRA,SAÚDE,saúde,2023,1,150000.0,150000.0,False
Edson Giriboni,União Brasil,TIETÊ,SAÚDE,saúde,2023,1,150000.0,150000.0,False
Edson Giriboni,União Brasil,ITAPETININGA,DESENV. SOCIAL,assistência social,2023,1,120000.0,120000.0,False
Edson Giriboni,União Brasil,SÃO MIGUEL ARCANJO,ESPORTES,outra,2023,1,120000.0,0.0,False
Edson Giriboni,União Brasil,ALAMBARI,SGRI,outra,2023,1,100000.0,100000.0,False
Edson Giriboni,União Brasil,APIAÍ,SGRI,outra,2023,1,100000.0,100000.0,False
Edson Giriboni,União Brasil,AVARÉ,DESENV. SOCIAL,assistência social,2023,1,100000.0,0.0,False
Edson Giriboni,União Brasil,BOITUVA,SAÚDE,saúde,2023,1,100000.0,100000.0,False
Edson Giriboni,União Brasil,CAMPINA DO MONTE ALEGRE,SAÚDE,saúde,2023,1,100000.0,100000.0,False
Edson Giriboni,União Brasil,CAMPINA DO MONTE ALEGRE,EDUCAÇÃO,educação,2023,1,100000.0,100000.0,False
Edson Giriboni,União Brasil,CAMPINA DO MONTE ALEGRE,SGRI,outra,2023,1,100000.0,100000.0,False
Edson Giriboni,União Brasil,CAPÃO BONITO,ESPORTES,outra,2023,1,100000.0,0.0,False
Edson Giriboni,União Brasil,GUAREÍ,DESENV. SOCIAL,assistência social,2023,1,100000.0,0.0,False
Edson Giriboni,União Brasil,IPERÓ,SAÚDE,saúde,2023,1,100000.0,100000.0,False
Edson Giriboni,União Brasil,RIBEIRA,SAÚDE,saúde,2023,1,100000.0,100000.0,False
Edson Giriboni,União Brasil,SARAPUÍ,SGRI,outra,2023,1,100000.0,100000.0,False
Edson Giriboni,União Brasil,TAQUARIVAÍ,SAÚDE,saúde,2023,1,100000.0,100000.0,False
Edson Giriboni,União Brasil,PORANGABA,SAÚDE,saúde,2023,1,50000.0,50000.0,False
Edson Giriboni,União Brasil,ITAPETININGA,SGRI,outra,2025,1,1483000.0,1483000.0,False
Edson Giriboni,União Brasil,ITAPETININGA,SAÚDE,saúde,2025,2,1033278.0,1033278.0,False
Edson Giriboni,União Brasil,CAPÃO BONITO,SGRI,outra,2025,1,1000000.0,0.0,False
Edson Giriboni,União Brasil,ANGATUBA,SGRI,outra,2025,1,500000.0,500000.0,False
Edson Giriboni,União Brasil,APIAÍ,SGRI,outra,2025,1,500000.0,0.0,False
Edson Giriboni,União Brasil,ARAÇOIABA DA SERRA,SAÚDE,saúde,2025,1,500000.0,500000.0,False
Edson Giriboni,União Brasil,GUAPIARA,SAÚDE,saúde,2025,1,500000.0,500000.0,False
Edson Giriboni,União Brasil,GUAREÍ,SGRI,outra,2025,1,500000.0,500000.0,False
Edson Giriboni,União Brasil,IPERÓ,SAÚDE,saúde,2025,1,500000.0,500000.0,False
Edson Giriboni,União Brasil,RIBEIRÃO GRANDE,SAÚDE,saúde,2025,1,500000.0,500000.0,False
Edson Giriboni,União Brasil,SALTO DE PIRAPORA,SAÚDE,saúde,2025,1,500000.0,500000.0,False
Edson Giriboni,União Brasil,SÃO MIGUEL ARCANJO,SAÚDE,saúde,2025,1,500000.0,500000.0,False
Edson Giriboni,União Brasil,TAQUARITUBA,SAÚDE,saúde,2025,3,500000.0,500000.0,False
Edson Giriboni,União Brasil,BURI,SAÚDE,saúde,2025,1,400000.0,400000.0,False
Edson Giriboni,União Brasil,CERQUILHO,SAÚDE,saúde,2025,1,400000.0,400000.0,False
Edson Giriboni,União Brasil,ALAMBARI,SGRI,outra,2025,2,300000.0,300000.0,False
Edson Giriboni,União Brasil,CAMPINA DO MONTE ALEGRE,SAÚDE,saúde,2025,1,300000.0,300000.0,False
Edson Giriboni,União Brasil,CAPELA DO ALTO,SGRI,outra,2025,1,300000.0,0.0,False
Edson Giriboni,União Brasil,ITAÓCA,SGRI,outra,2025,1,300000.0,300000.0,False
Edson Giriboni,União Brasil,PILAR DO SUL,SGRI,outra,2025,1,300000.0,300000.0,False
Edson Giriboni,União Brasil,SARAPUÍ,SGRI,outra,2025,1,300000.0,300000.0,False
Edson Giriboni,União Brasil,PARDINHO,SGRI,outra,2025,1,250000.0,250000.0,False
Edson Giriboni,União Brasil,RIBEIRÃO BRANCO,SGRI,outra,2025,1,250000.0,250000.0,False
Edson Giriboni,União Brasil,TEJUPÁ,SAÚDE,saúde,2025,1,250000.0,250000.0,False
Edson Giriboni,União Brasil,ITAPORANGA,SGRI,outra,2025,1,200000.0,200000.0,False
Edson Giriboni,União Brasil,BOM SUCESSO DE ITARARÉ,SAÚDE,saúde,2025,1,150000.0,150000.0,False
Edson Giriboni,União Brasil,CHAVANTES,SAÚDE,saúde,2025,1,150000.0,150000.0,False
Edson Giriboni,União Brasil,CONCHAS,SAÚDE,saúde,2025,1,150000.0,150000.0,False
Edson Giriboni,União Brasil,RIBEIRA,SGRI,outra,2025,1,150000.0,0.0,False
Edson Giriboni,União Brasil,ALAMBARI,SAÚDE,saúde,2025,1,0.0,0.0,False
Edson Giriboni,União Brasil,TAQUARITUBA,SGRI,outra,2025,1,0.0,0.0,False
Leonardo Siqueira,Novo,SÃO PAULO,SAÚDE,saúde,2024,5,3084000.0,3084000.0,False
Leonardo Siqueira,Novo,SÃO PAULO,EDUCAÇÃO,educação,2024,2,2527000.0,2527000.0,False
Leonardo Siqueira,Novo,TAUBATÉ,DESENV. SOCIAL,assistência social,2024,7,600000.0,600000.0,False
Leonardo Siqueira,Novo,SÃO PAULO,DESENV. SOCIAL,assistência social,2024,2,501000.0,501000.0,False
Leonardo Siqueira,Novo,RIBEIRÃO PRETO,SAÚDE,saúde,2024,2,500000.0,500000.0,False
Leonardo Siqueira,Novo,SÃO CARLOS,SAÚDE,saúde,2024,1,500000.0,500000.0,False
Leonardo Siqueira,Novo,BAURU,SAÚDE,saúde,2024,1,400000.0,400000.0,False
Leonardo Siqueira,Novo,CAMPINAS,DESENV. SOCIAL,assistência social,2024,2,384000.0,384000.0,False
Leonardo Siqueira,Novo,CAMPINAS,UNICAMP,outra,2024,1,370000.0,370000.0,False
Leonardo Siqueira,Novo,ARARAQUARA,DESENV. SOCIAL,assistência social,2024,3,350000.0,350000.0,False
Leonardo Siqueira,Novo,SÃO PAULO,HC DA FACULDADE DE MEDICINA DA USP,outra,2024,1,350000.0,350000.0,False
Leonardo Siqueira,Novo,SÃO JOÃO DA BOA VISTA,DESENV. SOCIAL,assistência social,2024,3,300000.0,300000.0,False
Leonardo Siqueira,Novo,TAUBATÉ,PM DO EST. SÃO PAULO,outra,2024,2,250000.0,250000.0,False
Leonardo Siqueira,Novo,RIBEIRÃO PRETO,DESENV. SOCIAL,assistência social,2024,1,210000.0,210000.0,False
Leonardo Siqueira,Novo,JUNDIAÍ,SAÚDE,saúde,2024,2,200000.0,200000.0,False
Leonardo Siqueira,Novo,TAUBATÉ,CULTURA,outra,2024,2,150120.0,150120.0,False
Leonardo Siqueira,Novo,SÃO PAULO,PM DO EST. SÃO PAULO,outra,2024,1,100000.0,100000.0,False
Leonardo Siqueira,Novo,TAUBATÉ,SAÚDE,saúde,2024,1,100000.0,100000.0,False
Leonardo Siqueira,Novo,TAUBATÉ,SGRI,transferência especial,2024,1,100000.0,100000.0,True
Leonardo Siqueira,Novo,SÃO PAULO,SAÚDE,saúde,2025,9,3150000.0,1050000.0,False
Leonardo Siqueira,Novo,CAMPINAS,SAÚDE,saúde,2025,4,1177872.0,1177872.0,False
Leonardo Siqueira,Novo,SÃO PAULO,EDUCAÇÃO,educação,2025,3,838406.0,0.0,False
Leonardo Siqueira,Novo,TAUBATÉ,SAÚDE,saúde,2025,1,800000.0,800000.0,False
Leonardo Siqueira,Novo,SÃO PAULO,USP,outra,2025,1,750000.0,0.0,False
Leonardo Siqueira,Novo,SÃO PAULO,DESENV. SOCIAL,assistência social,2025,1,750000.0,750000.0,False
Leonardo Siqueira,Novo,SÃO JOSÉ DOS CAMPOS,SAÚDE,saúde,2025,2,600000.0,300000.0,False
Leonardo Siqueira,Novo,PIRASSUNUNGA,PM DO EST. SÃO PAULO,outra,2025,1,500000.0,500000.0,False
Leonardo Siqueira,Novo,RIBEIRÃO PRETO,SAÚDE,saúde,2025,1,500000.0,0.0,False
Leonardo Siqueira,Novo,SÃO PAULO,FUNDAÇÃO PRÓ-SANGUE HEMOCENTRO DE SÃO PAULO,outra,2025,1,500000.0,500000.0,False
Leonardo Siqueira,Novo,SÃO PAULO,PC DO EST. DE SÃO PAULO,outra,2025,1,500000.0,500000.0,False
Leonardo Siqueira,Novo,TAUBATÉ,PM DO EST. SÃO PAULO,outra,2025,2,500000.0,500000.0,False
Leonardo Siqueira,Novo,TAUBATÉ,DIREITOS DA PCD,outra,2025,1,400000.0,400000.0,False
Leonardo Siqueira,Novo,MARÍLIA,SAÚDE,saúde,2025,1,300000.0,300000.0,False
Leonardo Siqueira,Novo,SÃO CARLOS,CIÊNCIA TECNOLOGIA E INOVAÇÃO,outra,2025,1,300000.0,300000.0,False
Leonardo Siqueira,Novo,TAUBATÉ,EDUCAÇÃO,educação,2025,1,300000.0,0.0,False
Leonardo Siqueira,Novo,ITAQUAQUECETUBA,SAÚDE,saúde,2025,1,250000.0,0.0,False
Leonardo Siqueira,Novo,SOROCABA,SAÚDE,saúde,2025,1,250000.0,250000.0,False
Leonardo Siqueira,Novo,SÃO PAULO,TURISMO,outra,2025,1,200000.0,200000.0,False
Leonardo Siqueira,Novo,PIRACICABA,DESENV. SOCIAL,assistência social,2025,1,100000.0,100000.0,False
Leonardo Siqueira,Novo,TAUBATÉ,SGRI,outra,2025,1,0.0,0.0,False
Maria Lúcia Amary,PSD,SOROCABA,SAÚDE,saúde,2023,6,1500000.0,1500000.0,False
Maria Lúcia Amary,PSD,PIEDADE,SGRI,outra,2023,2,700000.0,700000.0,False
Maria Lúcia Amary,PSD,SALTO DE PIRAPORA,SAÚDE,saúde,2023,1,700000.0,0.0,False
Maria Lúcia Amary,PSD,VOTORANTIM,SAÚDE,saúde,2023,1,450000.0,450000.0,False
Maria Lúcia Amary,PSD,ARAÇOIABA DA SERRA,SGRI,outra,2023,1,400000.0,400000.0,False
Maria Lúcia Amary,PSD,SÃO ROQUE,SAÚDE,saúde,2023,1,400000.0,400000.0,False
Maria Lúcia Amary,PSD,VOTORANTIM,SGRI,outra,2023,1,400000.0,400000.0,False
Maria Lúcia Amary,PSD,ITU,SAÚDE,saúde,2023,2,380000.0,380000.0,False
Maria Lúcia Amary,PSD,SALTO DE PIRAPORA,SGRI,outra,2023,1,350000.0,350000.0,False
Maria Lúcia Amary,PSD,CAMPOS DO JORDÃO,SGRI,outra,2023,1,300000.0,300000.0,False
Maria Lúcia Amary,PSD,PIEDADE,SAÚDE,saúde,2023,1,300000.0,300000.0,False
Maria Lúcia Amary,PSD,SÃO PAULO,BOMBEIROS PM DO EST. SÃO PAULO,outra,2023,1,300000.0,300000.0,False
Maria Lúcia Amary,PSD,SOROCABA,SGRI,outra,2023,2,300000.0,300000.0,False
Maria Lúcia Amary,PSD,SALTO DE PIRAPORA,CASA MILITAR E DEFESA CIVIL,outra,2023,1,263659.5,263659.5,False
Maria Lúcia Amary,PSD,SÃO MIGUEL ARCANJO,SAÚDE,saúde,2023,1,263659.5,263659.5,False
Maria Lúcia Amary,PSD,IBIÚNA,SGRI,outra,2023,1,250000.0,250000.0,False
Maria Lúcia Amary,PSD,BOITUVA,SGRI,outra,2023,1,200000.0,200000.0,False
Maria Lúcia Amary,PSD,CERQUILHO,SGRI,outra,2023,1,200000.0,200000.0,False
Maria Lúcia Amary,PSD,CUNHA,SAÚDE,saúde,2023,1,200000.0,200000.0,False
Maria Lúcia Amary,PSD,RIBEIRÃO BRANCO,SGRI,outra,2023,1,200000.0,200000.0,False
Maria Lúcia Amary,PSD,SÃO LUÍZ DO PARAITINGA,SGRI,outra,2023,1,200000.0,200000.0,False
Maria Lúcia Amary,PSD,ARAÇOIABA DA SERRA,SAÚDE,saúde,2023,1,180000.0,180000.0,False
Maria Lúcia Amary,PSD,CAPELA DO ALTO,SAÚDE,saúde,2023,1,180000.0,180000.0,False
Maria Lúcia Amary,PSD,ALAMBARI,SAÚDE,saúde,2023,1,160000.0,160000.0,False
Maria Lúcia Amary,PSD,ALUMÍNIO,SAÚDE,saúde,2023,1,160000.0,160000.0,False
Maria Lúcia Amary,PSD,GUAREÍ,SAÚDE,saúde,2023,1,160000.0,160000.0,False
Maria Lúcia Amary,PSD,RIBEIRÃO BRANCO,SAÚDE,saúde,2023,1,160000.0,160000.0,False
Maria Lúcia Amary,PSD,SALTO,SAÚDE,saúde,2023,1,160000.0,160000.0,False
Maria Lúcia Amary,PSD,SARAPUÍ,SAÚDE,saúde,2023,1,160000.0,160000.0,False
Maria Lúcia Amary,PSD,APARECIDA,SGRI,outra,2023,1,150000.0,150000.0,False
Maria Lúcia Amary,PSD,PILAR DO SUL,SGRI,outra,2023,1,150000.0,150000.0,False
Maria Lúcia Amary,PSD,SÃO MIGUEL ARCANJO,DESENV. SOCIAL,assistência social,2023,1,150000.0,150000.0,False
Maria Lúcia Amary,PSD,SARAPUÍ,SGRI,outra,2023,1,150000.0,150000.0,False
Maria Lúcia Amary,PSD,VARGEM,SGRI,outra,2023,2,150000.0,150000.0,False
Maria Lúcia Amary,PSD,CAPELA DO ALTO,SGRI,outra,2023,1,100000.0,100000.0,False
Maria Lúcia Amary,PSD,QUADRA,SAÚDE,saúde,2023,1,100000.0,100000.0,False
Maria Lúcia Amary,PSD,SOROCABA,SEGURANÇA PÚBLICA,outra,2023,1,0.0,0.0,False
Maria Lúcia Amary,PSD,SOROCABA,DESENV. SOCIAL,assistência social,2023,2,0.0,0.0,False
Maria Lúcia Amary,PSD,SOROCABA,SAÚDE,saúde,2024,6,1600000.0,1600000.0,False
Maria Lúcia Amary,PSD,SÃO ROQUE,SAÚDE,saúde,2024,1,900000.0,900000.0,False
Maria Lúcia Amary,PSD,IPERÓ,SGRI,outra,2024,1,770000.0,770000.0,False
Maria Lúcia Amary,PSD,RIBEIRÃO BRANCO,SGRI,outra,2024,1,593000.0,593000.0,False
Maria Lúcia Amary,PSD,ARAÇOIABA DA SERRA,SGRI,outra,2024,1,470000.0,470000.0,False
Maria Lúcia Amary,PSD,SALTO DE PIRAPORA,SGRI,outra,2024,1,470000.0,470000.0,False
Maria Lúcia Amary,PSD,IPERÓ,SAÚDE,saúde,2024,1,400000.0,400000.0,False
Maria Lúcia Amary,PSD,CERQUILHO,SGRI,outra,2024,1,390000.0,390000.0,False
Maria Lúcia Amary,PSD,SALTO DE PIRAPORA,SAÚDE,saúde,2024,1,350000.0,350000.0,False
Maria Lúcia Amary,PSD,ARAÇOIABA DA SERRA,SAÚDE,saúde,2024,1,300000.0,300000.0,False
Maria Lúcia Amary,PSD,CAMPOS DO JORDÃO,SAÚDE,saúde,2024,1,300000.0,300000.0,False
Maria Lúcia Amary,PSD,JUMIRIM,SGRI,outra,2024,1,300000.0,0.0,False
Maria Lúcia Amary,PSD,PIEDADE,DESENV. SOCIAL,assistência social,2024,6,300000.0,300000.0,False
Maria Lúcia Amary,PSD,TATUÍ,SAÚDE,saúde,2024,1,300000.0,300000.0,False
Maria Lúcia Amary,PSD,CAPELA DO ALTO,SGRI,outra,2024,1,290000.0,290000.0,False
Maria Lúcia Amary,PSD,PILAR DO SUL,DESENV. SOCIAL,assistência social,2024,2,250000.0,250000.0,False
Maria Lúcia Amary,PSD,CONCHAS,SGRI,outra,2024,2,200000.0,200000.0,False
Maria Lúcia Amary,PSD,IBIÚNA,SAÚDE,saúde,2024,1,200000.0,200000.0,False
Maria Lúcia Amary,PSD,ITAPETININGA,SGRI,outra,2024,1,200000.0,200000.0,False
Maria Lúcia Amary,PSD,PIEDADE,SEMIL,outra,2024,1,200000.0,200000.0,False
Maria Lúcia Amary,PSD,PINHALZINHO,SGRI,outra,2024,1,200000.0,200000.0,False
Maria Lúcia Amary,PSD,SARAPUÍ,SAÚDE,saúde,2024,1,200000.0,200000.0,False
Maria Lúcia Amary,PSD,SARAPUÍ,DESENV. SOCIAL,assistência social,2024,1,200000.0,200000.0,False
Maria Lúcia Amary,PSD,TIETÊ,SAÚDE,saúde,2024,2,200000.0,200000.0,False
Maria Lúcia Amary,PSD,VOTORANTIM,SGRI,outra,2024,1,193120.0,193120.0,False
Maria Lúcia Amary,PSD,GUAPIARA,SAÚDE,saúde,2024,1,150000.0,150000.0,False
Maria Lúcia Amary,PSD,MAIRINQUE,SAÚDE,saúde,2024,1,150000.0,150000.0,False
Maria Lúcia Amary,PSD,PILAR DO SUL,SAÚDE,saúde,2024,1,150000.0,150000.0,False
Maria Lúcia Amary,PSD,SÃO MIGUEL ARCANJO,SGRI,outra,2024,1,150000.0,150000.0,False
Maria Lúcia Amary,PSD,BOM JESUS DOS PERDÕES,SAÚDE,saúde,2024,1,100000.0,100000.0,False
Maria Lúcia Amary,PSD,GUAREÍ,FUNDO SOCIAL DE SÃO PAULO - FUS SP,outra,2024,1,100000.0,100000.0,False
Maria Lúcia Amary,PSD,IBIÚNA,DESENV. SOCIAL,assistência social,2024,1,100000.0,0.0,False
Maria Lúcia Amary,PSD,IBIÚNA,SGRI,outra,2024,2,100000.0,100000.0,False
Maria Lúcia Amary,PSD,LARANJAL PAULISTA,SAÚDE,saúde,2024,1,100000.0,100000.0,False
Maria Lúcia Amary,PSD,QUADRA,SAÚDE,saúde,2024,1,100000.0,100000.0,False
Maria Lúcia Amary,PSD,JUMIRIM,DESENV. SOCIAL,assistência social,2024,1,0.0,0.0,False
Maria Lúcia Amary,PSD,SOROCABA,SAÚDE,saúde,2025,6,1550000.0,950000.0,False
Maria Lúcia Amary,PSD,BOITUVA,SAÚDE,saúde,2025,1,1000000.0,1000000.0,False
Maria Lúcia Amary,PSD,SÃO ROQUE,SAÚDE,saúde,2025,1,1000000.0,1000000.0,False
Maria Lúcia Amary,PSD,SOROCABA,SGRI,outra,2025,3,850000.0,0.0,False
Maria Lúcia Amary,PSD,SOROCABA,ESPORTES,outra,2025,2,665000.0,0.0,False
Maria Lúcia Amary,PSD,PILAR DO SUL,DESENV. SOCIAL,assistência social,2025,9,600000.0,600000.0,False
Maria Lúcia Amary,PSD,PILAR DO SUL,SAÚDE,saúde,2025,2,600000.0,0.0,False
Maria Lúcia Amary,PSD,SÃO PAULO,SEMIL,outra,2025,2,510000.0,510000.0,False
Maria Lúcia Amary,PSD,TATUÍ,SAÚDE,saúde,2025,2,500000.0,500000.0,False
Maria Lúcia Amary,PSD,VOTORANTIM,SAÚDE,saúde,2025,1,500000.0,500000.0,False
Maria Lúcia Amary,PSD,SOROCABA,CULTURA,outra,2025,3,465000.0,465000.0,False
Maria Lúcia Amary,PSD,PIEDADE,DESENV. SOCIAL,assistência social,2025,4,450000.0,350000.0,False
Maria Lúcia Amary,PSD,ITU,SAÚDE,saúde,2025,2,300000.0,300000.0,False
Maria Lúcia Amary,PSD,MAIRINQUE,SGRI,outra,2025,1,300000.0,300000.0,False
Maria Lúcia Amary,PSD,PIEDADE,SGRI,outra,2025,1,300000.0,0.0,False
Maria Lúcia Amary,PSD,SARAPUÍ,SAÚDE,saúde,2025,1,300000.0,300000.0,False
Maria Lúcia Amary,PSD,SARAPUÍ,DESENV. SOCIAL,assistência social,2025,1,300000.0,300000.0,False
Maria Lúcia Amary,PSD,CAPELA DO ALTO,SAÚDE,saúde,2025,1,250000.0,250000.0,False
Maria Lúcia Amary,PSD,SOROCABA,FUNDO SOCIAL DE SÃO PAULO - FUS SP,outra,2025,1,250000.0,250000.0,False
Maria Lúcia Amary,PSD,ITU,DESENV. SOCIAL,assistência social,2025,1,200000.0,0.0,False
Maria Lúcia Amary,PSD,MAIRINQUE,SEMIL,outra,2025,1,200000.0,0.0,False
Maria Lúcia Amary,PSD,SALTO,SAÚDE,saúde,2025,1,200000.0,200000.0,False
Maria Lúcia Amary,PSD,SÃO MIGUEL ARCANJO,DESENV. SOCIAL,assistência social,2025,4,200000.0,200000.0,False
Maria Lúcia Amary,PSD,VOTORANTIM,CULTURA,outra,2025,1,200000.0,200000.0,False
Maria Lúcia Amary,PSD,PIEDADE,SAÚDE,saúde,2025,1,150000.0,0.0,False
Maria Lúcia Amary,PSD,PILAR DO SUL,SEMIL,outra,2025,1,150000.0,150000.0,False
Maria Lúcia Amary,PSD,SALTO,SEMIL,outra,2025,1,150000.0,150000.0,False
Maria Lúcia Amary,PSD,SÃO MANUEL,DESENV. SOCIAL,assistência social,2025,1,126278.0,126278.0,False
Maria Lúcia Amary,PSD,ANGATUBA,DESENV. SOCIAL,assistência social,2025,1,100000.0,100000.0,False
Maria Lúcia Amary,PSD,PIEDADE,EDUCAÇÃO,educação,2025,1,100000.0,0.0,False
Maria Lúcia Amary,PSD,PIRACICABA,CULTURA,outra,2025,1,100000.0,100000.0,False
Maria Lúcia Amary,PSD,SÃO PAULO,SAÚDE,saúde,2025,1,100000.0,0.0,False
Maria Lúcia Amary,PSD,ITU,EDUCAÇÃO,educação,2025,1,0.0,0.0,False
Maria Lúcia Amary,PSD,TATUÍ,SGRI,outra,2025,1,0.0,0.0,False
Marina Helou,PSB,SÃO PAULO,SAÚDE,saúde,2023,14,1625000.0,750000.0,False
Marina Helou,PSB,GUARULHOS,FUNDAÇÃO REMÉDIO POPULAR CHOPIN LIMA - FURP,outra,2023,1,500000.0,500000.0,False
Marina Helou,PSB,SÃO PAULO,CULTURA,outra,2023,6,420000.0,420000.0,False
Marina Helou,PSB,SÃO PAULO,SEMIL,outra,2023,6,400000.0,0.0,False
Marina Helou,PSB,SÃO PAULO,EDUCAÇÃO,educação,2023,5,350000.0,50000.0,False
Marina Helou,PSB,SÃO PAULO,DESENV. SOCIAL,assistência social,2023,5,350000.0,100000.0,False
Marina Helou,PSB,SÃO PAULO,DESENV. ECONÔMICO,outra,2023,4,350000.0,350000.0,False
Marina Helou,PSB,SÃO PAULO,JUSTIÇA,outra,2023,6,343659.5,173659.5,False
Marina Helou,PSB,UBATUBA,SEMIL,outra,2023,3,320000.0,70000.0,False
Marina Helou,PSB,SÃO PAULO,FUNDAÇÃO ONCOCENTRO DE SÃO PAULO,outra,2023,1,300000.0,300000.0,False
Marina Helou,PSB,SÃO PAULO,HC DA FACULDADE DE MEDICINA DA USP,outra,2023,1,300000.0,300000.0,False
Marina Helou,PSB,MAIRIPORÃ,SAÚDE,saúde,2023,2,250000.0,250000.0,False
Marina Helou,PSB,CAMPINAS,UNICAMP,outra,2023,1,200000.0,200000.0,False
Marina Helou,PSB,MAUÁ,SAÚDE,saúde,2023,2,200000.0,200000.0,False
Marina Helou,PSB,RIBEIRÃO PRETO,HC DA FACULDADE DE MEDICINA DE RIBEIRÃO PRETO - USP,outra,2023,2,200000.0,200000.0,False
Marina Helou,PSB,SÃO VICENTE,SAÚDE,saúde,2023,2,200000.0,200000.0,False
Marina Helou,PSB,SÃO PAULO,USP,outra,2023,2,170000.0,0.0,False
Marina Helou,PSB,ARARAQUARA,CULTURA,outra,2023,1,150000.0,150000.0,False
Marina Helou,PSB,DIADEMA,DESENV. ECONÔMICO,outra,2023,1,150000.0,150000.0,False
Marina Helou,PSB,MAIRIPORÃ,SGRI,transferência especial,2023,1,150000.0,150000.0,True
Marina Helou,PSB,RINCÃO,DESENV. SOCIAL,assistência social,2023,1,150000.0,150000.0,False
Marina Helou,PSB,SANTOS,JUSTIÇA,outra,2023,2,150000.0,150000.0,False
Marina Helou,PSB,SÃO PAULO,POLÍTICAS PARA MULHER,outra,2023,1,150000.0,150000.0,False
Marina Helou,PSB,SÃO SEBASTIÃO,SAÚDE,saúde,2023,2,150000.0,150000.0,False
Marina Helou,PSB,TAQUARITUBA,EDUCAÇÃO,educação,2023,1,150000.0,150000.0,False
Marina Helou,PSB,CAMPINAS,DESENV. SOCIAL,assistência social,2023,2,140000.0,140000.0,False
Marina Helou,PSB,BARRETOS,SAÚDE,saúde,2023,1,100000.0,100000.0,False
Marina Helou,PSB,DIADEMA,SAÚDE,saúde,2023,1,100000.0,100000.0,False
Marina Helou,PSB,GUARULHOS,SAÚDE,saúde,2023,1,100000.0,100000.0,False
Marina Helou,PSB,ITU,SAÚDE,saúde,2023,2,100000.0,100000.0,False
Marina Helou,PSB,JOANÓPOLIS,SAÚDE,saúde,2023,1,100000.0,100000.0,False
Marina Helou,PSB,JUNDIAÍ,SAÚDE,saúde,2023,2,100000.0,100000.0,False
Marina Helou,PSB,LENÇÓIS PAULISTA,SAÚDE,saúde,2023,1,100000.0,100000.0,False
Marina Helou,PSB,LIMEIRA,SAÚDE,saúde,2023,1,100000.0,100000.0,False
Marina Helou,PSB,MOGI DAS CRUZES,SAÚDE,saúde,2023,1,100000.0,0.0,False
Marina Helou,PSB,ORLÂNDIA,SEMIL,outra,2023,1,100000.0,0.0,False
Marina Helou,PSB,PRESIDENTE VENCESLAU,SAÚDE,saúde,2023,1,100000.0,100000.0,False
Marina Helou,PSB,SALTO,SAÚDE,saúde,2023,1,100000.0,100000.0,False
Marina Helou,PSB,SANTANA DE PARNAÍBA,SAÚDE,saúde,2023,2,100000.0,100000.0,False
Marina Helou,PSB,SÃO CARLOS,CULTURA,outra,2023,1,100000.0,100000.0,False
Marina Helou,PSB,SÃO CARLOS,SEMIL,outra,2023,1,100000.0,100000.0,False
Marina Helou,PSB,SÃO PAULO,FUNDAÇÃO PRÓ-SANGUE HEMOCENTRO DE SÃO PAULO,outra,2023,1,100000.0,100000.0,False
Marina Helou,PSB,SÃO PAULO,CENTRO PAULA SOUZA,outra,2023,1,100000.0,0.0,False
Marina Helou,PSB,SÃO ROQUE,SAÚDE,saúde,2023,2,100000.0,100000.0,False
Marina Helou,PSB,SÃO SEBASTIÃO,CULTURA,outra,2023,1,100000.0,100000.0,False
Marina Helou,PSB,SÃO VICENTE,DESENV. ECONÔMICO,outra,2023,1,100000.0,100000.0,False
Marina Helou,PSB,SOROCABA,SAÚDE,saúde,2023,1,100000.0,100000.0,False
Marina Helou,PSB,SOROCABA,DESENV. SOCIAL,assistência social,2023,1,100000.0,100000.0,False
Marina Helou,PSB,ANDRADINA,SAÚDE,saúde,2023,1,88659.5,0.0,False
Marina Helou,PSB,BOTUCATU,ESPORTES,outra,2023,2,80000.0,0.0,False
Marina Helou,PSB,BAURU,CULTURA,outra,2023,1,70000.0,70000.0,False
Marina Helou,PSB,DESCALVADO,DESENV. SOCIAL,assistência social,2023,1,70000.0,70000.0,False
Marina Helou,PSB,JOANÓPOLIS,ESPORTES,outra,2023,2,50000.0,0.0,False
Marina Helou,PSB,SÃO BERNARDO DO CAMPO,SEMIL,outra,2023,1,50000.0,0.0,False
Marina Helou,PSB,SÃO CARLOS,EDUCAÇÃO,educação,2023,2,50000.0,50000.0,False
Marina Helou,PSB,SÃO ROQUE,SGRI,transferência especial,2023,1,50000.0,50000.0,True
Marina Helou,PSB,CAMPINAS,SEMIL,outra,2023,1,0.0,0.0,False
Marina Helou,PSB,RINCÃO,DIREITOS DA PCD,outra,2023,1,0.0,0.0,False
Marina Helou,PSB,SOROCABA,SEMIL,outra,2023,1,0.0,0.0,False
Marina Helou,PSB,SÃO PAULO,SAÚDE,saúde,2024,6,550000.0,400000.0,False
Marina Helou,PSB,SÃO PAULO,CULTURA,outra,2024,5,400000.0,250000.0,False
Marina Helou,PSB,SÃO PAULO,JUSTIÇA,outra,2024,2,350000.0,350000.0,False
Marina Helou,PSB,RIBEIRÃO PRETO,HC DA FACULDADE DE MEDICINA DE RIBEIRÃO PRETO - USP,outra,2024,2,300000.0,300000.0,False
Marina Helou,PSB,RIBEIRÃO PRETO,SAÚDE,saúde,2024,3,300000.0,300000.0,False
Marina Helou,PSB,RIO GRANDE DA SERRA,SAÚDE,saúde,2024,1,300000.0,300000.0,False
Marina Helou,PSB,SÃO PAULO,EDUCAÇÃO,educação,2024,2,300000.0,300000.0,False
Marina Helou,PSB,SÃO PAULO,USP,outra,2024,2,300000.0,150000.0,False
Marina Helou,PSB,ITANHAÉM,SGRI,transferência especial,2024,1,250000.0,250000.0,True
Marina Helou,PSB,JARINU,CULTURA,outra,2024,2,248060.0,248060.0,False
Marina Helou,PSB,LIMEIRA,SAÚDE,saúde,2024,1,200000.0,200000.0,False
Marina Helou,PSB,MAIRIPORÃ,EDUCAÇÃO,educação,2024,1,200000.0,0.0,False
Marina Helou,PSB,NAZARÉ PAULISTA,SEMIL,outra,2024,1,200000.0,0.0,False
Marina Helou,PSB,ORLÂNDIA,SAÚDE,saúde,2024,2,200000.0,200000.0,False
Marina Helou,PSB,SANTO ANDRÉ,SEMIL,outra,2024,3,200000.0,0.0,False
Marina Helou,PSB,SÃO PAULO,DESENV. SOCIAL,assistência social,2024,6,200000.0,100000.0,False
Marina Helou,PSB,SÃO ROQUE,SGRI,transferência especial,2024,1,200000.0,200000.0,True
Marina Helou,PSB,SOROCABA,SAÚDE,saúde,2024,2,200000.0,0.0,False
Marina Helou,PSB,VINHEDO,SAÚDE,saúde,2024,2,200000.0,200000.0,False
Marina Helou,PSB,SÃO JOSÉ DOS CAMPOS,SEMIL,outra,2024,1,175000.0,175000.0,False
Marina Helou,PSB,JARINU,SGRI,transferência especial,2024,1,170000.0,170000.0,True
Marina Helou,PSB,ANDRADINA,SAÚDE,saúde,2024,1,150000.0,150000.0,False
Marina Helou,PSB,ARAÇARIGUAMA,SAÚDE,saúde,2024,1,150000.0,150000.0,False
Marina Helou,PSB,ASSIS,SAÚDE,saúde,2024,1,150000.0,150000.0,False
Marina Helou,PSB,BARRA BONITA,SGRI,transferência especial,2024,1,150000.0,150000.0,True
Marina Helou,PSB,BAURU,SAÚDE,saúde,2024,2,150000.0,50000.0,False
Marina Helou,PSB,BEBEDOURO,SGRI,transferência especial,2024,1,150000.0,150000.0,True
Marina Helou,PSB,BERTIOGA,EDUCAÇÃO,educação,2024,1,150000.0,150000.0,False
Marina Helou,PSB,FRANCISCO MORATO,SEMIL,outra,2024,2,150000.0,150000.0,False
Marina Helou,PSB,HORTOLÂNDIA,SAÚDE,saúde,2024,1,150000.0,0.0,False
Marina Helou,PSB,ITANHAÉM,SAÚDE,saúde,2024,1,150000.0,150000.0,False
Marina Helou,PSB,JUNDIAÍ,SGRI,transferência especial,2024,1,150000.0,150000.0,True
Marina Helou,PSB,LENÇÓIS PAULISTA,SAÚDE,saúde,2024,1,150000.0,150000.0,False
Marina Helou,PSB,LORENA,SAÚDE,saúde,2024,1,150000.0,150000.0,False
Marina Helou,PSB,MAIRIPORÃ,SAÚDE,saúde,2024,1,150000.0,0.0,False
Marina Helou,PSB,MOGI DAS CRUZES,SGRI,transferência especial,2024,1,150000.0,150000.0,True
Marina Helou,PSB,PEDRA BELA,SAÚDE,saúde,2024,1,150000.0,150000.0,False
Marina Helou,PSB,SANTA BRANCA,SAÚDE,saúde,2024,1,150000.0,150000.0,False
Marina Helou,PSB,SANTOS,JUSTIÇA,outra,2024,1,150000.0,150000.0,False
Marina Helou,PSB,SÃO JOÃO DA BOA VISTA,SGRI,transferência especial,2024,1,150000.0,150000.0,True
Marina Helou,PSB,SÃO PAULO,SEMIL,outra,2024,1,150000.0,0.0,False
Marina Helou,PSB,SÃO SEBASTIÃO,EDUCAÇÃO,educação,2024,1,150000.0,150000.0,False
Marina Helou,PSB,SETE BARRAS,SAÚDE,saúde,2024,1,150000.0,150000.0,False
Marina Helou,PSB,TAQUARITUBA,SAÚDE,saúde,2024,1,150000.0,0.0,False
Marina Helou,PSB,BAURU,UNESP,outra,2024,1,145000.0,145000.0,False
Marina Helou,PSB,CACHOEIRA PAULISTA,SAÚDE,saúde,2024,1,138060.0,138060.0,False
Marina Helou,PSB,AGUDOS,SAÚDE,saúde,2024,1,100000.0,100000.0,False
Marina Helou,PSB,APIAÍ,SAÚDE,saúde,2024,1,100000.0,0.0,False
Marina Helou,PSB,ARARAQUARA,SAÚDE,saúde,2024,1,100000.0,100000.0,False
Marina Helou,PSB,CACONDE,AGRICULTURA,outra,2024,2,100000.0,100000.0,False
Marina Helou,PSB,CAMPINAS,UNICAMP,outra,2024,2,100000.0,0.0,False
Marina Helou,PSB,CRAVINHOS,SGRI,transferência especial,2024,1,100000.0,100000.0,True
Marina Helou,PSB,DIADEMA,SAÚDE,saúde,2024,1,100000.0,100000.0,False
Marina Helou,PSB,FERRAZ DE VASCONCELOS,SAÚDE,saúde,2024,1,100000.0,100000.0,False
Marina Helou,PSB,OSVALDO CRUZ,SAÚDE,saúde,2024,1,100000.0,100000.0,False
Marina Helou,PSB,PRATÂNIA,SAÚDE,saúde,2024,1,100000.0,100000.0,False
Marina Helou,PSB,SÃO CARLOS,CULTURA,outra,2024,1,100000.0,100000.0,False
Marina Helou,PSB,SÃO JOÃO DA BOA VISTA,SAÚDE,saúde,2024,1,100000.0,100000.0,False
Marina Helou,PSB,SÃO JOSÉ DO RIO PARDO,DESENV. SOCIAL,assistência social,2024,1,100000.0,100000.0,False
Marina Helou,PSB,SÃO JOSÉ DO RIO PARDO,SAÚDE,saúde,2024,1,100000.0,100000.0,False
Marina Helou,PSB,SÃO MANUEL,SAÚDE,saúde,2024,1,100000.0,100000.0,False
Marina Helou,PSB,SÃO ROQUE,SAÚDE,saúde,2024,1,100000.0,100000.0,False
Marina Helou,PSB,SÃO SEBASTIÃO,CULTURA,outra,2024,1,100000.0,100000.0,False
Marina Helou,PSB,AREALVA,SAÚDE,saúde,2024,1,50000.0,50000.0,False
Marina Helou,PSB,VINHEDO,SEMIL,outra,2024,1,50000.0,0.0,False
Marina Helou,PSB,EMBU DAS ARTES,SEMIL,outra,2024,1,0.0,0.0,False
Marina Helou,PSB,NAZARÉ PAULISTA,AGRICULTURA,outra,2024,1,0.0,0.0,False
Marina Helou,PSB,SÃO PAULO,CULTURA,outra,2025,8,1073139.0,773139.0,False
Marina Helou,PSB,SÃO PAULO,SAÚDE,saúde,2025,5,600000.0,350000.0,False
Marina Helou,PSB,GUARULHOS,SAÚDE,saúde,2025,2,400000.0,200000.0,False
Marina Helou,PSB,RIO GRANDE DA SERRA,SAÚDE,saúde,2025,1,400000.0,400000.0,False
Marina Helou,PSB,VINHEDO,SAÚDE,saúde,2025,4,400000.0,340000.0,False
Marina Helou,PSB,SÃO PAULO,DESENV. SOCIAL,assistência social,2025,2,350000.0,0.0,False
Marina Helou,PSB,SÃO ROQUE,SAÚDE,saúde,2025,2,333139.0,333139.0,False
Marina Helou,PSB,ARAÇATUBA,SAÚDE,saúde,2025,2,300000.0,150000.0,False
Marina Helou,PSB,MAIRIPORÃ,EDUCAÇÃO,educação,2025,2,300000.0,200000.0,False
Marina Helou,PSB,SÃO JOÃO DA BOA VISTA,SAÚDE,saúde,2025,1,300000.0,300000.0,False
Marina Helou,PSB,SÃO PAULO,EDUCAÇÃO,educação,2025,5,300000.0,0.0,False
Marina Helou,PSB,SÃO PAULO,JUSTIÇA,outra,2025,2,300000.0,0.0,False
Marina Helou,PSB,JUNDIAÍ,SEMIL,outra,2025,2,250000.0,0.0,False
Marina Helou,PSB,SANTA ISABEL,SGRI,transferência especial,2025,2,250000.0,250000.0,True
Marina Helou,PSB,CAMPINAS,UNICAMP,outra,2025,1,200000.0,0.0,False
Marina Helou,PSB,COSMÓPOLIS,SAÚDE,saúde,2025,1,200000.0,200000.0,False
Marina Helou,PSB,HORTOLÂNDIA,SAÚDE,saúde,2025,1,200000.0,200000.0,False
Marina Helou,PSB,ITAPECERICA DA SERRA,SAÚDE,saúde,2025,1,200000.0,200000.0,False
Marina Helou,PSB,RANCHARIA,SAÚDE,saúde,2025,1,200000.0,200000.0,False
Marina Helou,PSB,RIBEIRÃO PRETO,SAÚDE,saúde,2025,1,200000.0,200000.0,False
Marina Helou,PSB,SANTO ANDRÉ,ESPORTES,outra,2025,2,200000.0,0.0,False
Marina Helou,PSB,SÃO JOSÉ DO RIO PRETO,SAÚDE,saúde,2025,1,200000.0,200000.0,False
Marina Helou,PSB,SÃO PAULO,DESENV. ECONÔMICO,outra,2025,2,200000.0,200000.0,False
Marina Helou,PSB,SÃO ROQUE,SGRI,transferência especial,2025,2,200000.0,200000.0,True
Marina Helou,PSB,SUMARÉ,DESENV. SOCIAL,assistência social,2025,2,200000.0,200000.0,False
Marina Helou,PSB,ANDRADINA,SAÚDE,saúde,2025,1,150000.0,150000.0,False
Marina Helou,PSB,BARRA BONITA,DESENV. SOCIAL,assistência social,2025,1,150000.0,150000.0,False
Marina Helou,PSB,BAURU,DESENV. SOCIAL,assistência social,2025,1,150000.0,150000.0,False
Marina Helou,PSB,BRAGANÇA PAULISTA,SAÚDE,saúde,2025,1,150000.0,150000.0,False
Marina Helou,PSB,CAJAMAR,SAÚDE,saúde,2025,1,150000.0,150000.0,False
Marina Helou,PSB,JABOTICABAL,SAÚDE,saúde,2025,1,150000.0,150000.0,False
Marina Helou,PSB,JARINU,SGRI,transferência especial,2025,1,150000.0,150000.0,True
Marina Helou,PSB,JUNDIAÍ,SAÚDE,saúde,2025,1,150000.0,150000.0,False
Marina Helou,PSB,LIMEIRA,SAÚDE,saúde,2025,1,150000.0,150000.0,False
Marina Helou,PSB,LIMEIRA,DESENV. SOCIAL,assistência social,2025,1,150000.0,150000.0,False
Marina Helou,PSB,NAZARÉ PAULISTA,AGRICULTURA,outra,2025,2,150000.0,150000.0,False
Marina Helou,PSB,PIRACICABA,ESPORTES,outra,2025,3,150000.0,0.0,False
Marina Helou,PSB,REDENÇÃO DA SERRA,SAÚDE,saúde,2025,1,150000.0,150000.0,False
Marina Helou,PSB,RIBEIRÃO PRETO,HC DA FACULDADE DE MEDICINA DE RIBEIRÃO PRETO - USP,outra,2025,1,150000.0,150000.0,False
Marina Helou,PSB,SÃO PAULO,FUNDAÇÃO CASA,outra,2025,1,150000.0,0.0,False
Marina Helou,PSB,SÃO VICENTE,SAÚDE,saúde,2025,1,150000.0,150000.0,False
Marina Helou,PSB,VARGEM GRANDE DO SUL,SAÚDE,saúde,2025,1,150000.0,150000.0,False
Marina Helou,PSB,LIMEIRA,CENTRO PAULA SOUZA,outra,2025,1,140000.0,140000.0,False
Marina Helou,PSB,PERUÍBE,SGRI,transferência especial,2025,1,120000.0,120000.0,True
Marina Helou,PSB,BARRETOS,SAÚDE,saúde,2025,1,100000.0,100000.0,False
Marina Helou,PSB,CACHOEIRA PAULISTA,SAÚDE,saúde,2025,1,100000.0,100000.0,False
Marina Helou,PSB,GUARULHOS,EDUCAÇÃO,educação,2025,2,100000.0,0.0,False
Marina Helou,PSB,MAIRIPORÃ,SGRI,transferência especial,2025,1,100000.0,100000.0,True
Marina Helou,PSB,NOVA EUROPA,SAÚDE,saúde,2025,1,100000.0,100000.0,False
Marina Helou,PSB,OURINHOS,SAÚDE,saúde,2025,1,100000.0,100000.0,False
Marina Helou,PSB,PIRACICABA,EDUCAÇÃO,educação,2025,1,100000.0,0.0,False
Marina Helou,PSB,SANTA ISABEL,SAÚDE,saúde,2025,1,100000.0,0.0,False
Marina Helou,PSB,SANTANA DE PARNAÍBA,DESENV. SOCIAL,assistência social,2025,1,100000.0,100000.0,False
Marina Helou,PSB,SANTANA DE PARNAÍBA,CULTURA,outra,2025,2,100000.0,100000.0,False
Marina Helou,PSB,SANTO ANDRÉ,DESENV. SOCIAL,assistência social,2025,1,100000.0,100000.0,False
Marina Helou,PSB,SÃO JOÃO DA BOA VISTA,SGRI,transferência especial,2025,1,100000.0,100000.0,True
Marina Helou,PSB,SÃO PAULO,POLÍTICAS PARA MULHER,outra,2025,1,100000.0,100000.0,False
Marina Helou,PSB,SÃO PAULO,SEMIL,outra,2025,2,100000.0,0.0,False
Marina Helou,PSB,SOROCABA,SAÚDE,saúde,2025,2,100000.0,100000.0,False
Marina Helou,PSB,SOROCABA,DESENV. SOCIAL,assistência social,2025,1,100000.0,100000.0,False
Marina Helou,PSB,TABOÃO DA SERRA,SEMIL,outra,2025,1,100000.0,0.0,False
Marina Helou,PSB,TAUBATÉ,SAÚDE,saúde,2025,1,100000.0,100000.0,False
Marina Helou,PSB,UBATUBA,SEMIL,outra,2025,1,100000.0,0.0,False
Marina Helou,PSB,VINHEDO,SGRI,transferência especial,2025,1,100000.0,100000.0,True
Marina Helou,PSB,VINHEDO,EDUCAÇÃO,educação,2025,1,100000.0,100000.0,False
Marina Helou,PSB,CAMPINAS,SAÚDE,saúde,2025,1,0.0,0.0,False
Marina Helou,PSB,SANTOS,SGRI,transferência especial,2025,1,0.0,0.0,True
Marina Helou,PSB,SÃO PAULO,ESPORTES,outra,2025,1,0.0,0.0,False
Marina Helou,PSB,SÃO PAULO,CIÊNCIA TECNOLOGIA E INOVAÇÃO,outra,2025,1,0.0,0.0,False
Marina Helou,PSB,SERTÃOZINHO,SAÚDE,saúde,2025,1,0.0,0.0,False
Mauro Bragato,PSD,PRESIDENTE PRUDENTE,SAÚDE,saúde,2023,4,890000.0,700000.0,False
Mauro Bragato,PSD,ÁLVARES MACHADO,SGRI,transferência especial,2023,1,650000.0,650000.0,True
Mauro Bragato,PSD,JUNQUEIRÓPOLIS,SGRI,transferência especial,2023,1,650000.0,650000.0,True
Mauro Bragato,PSD,TARUMÃ,SGRI,transferência especial,2023,1,650000.0,650000.0,True
Mauro Bragato,PSD,PRESIDENTE PRUDENTE,DIREITOS DA PCD,outra,2023,2,450000.0,450000.0,False
Mauro Bragato,PSD,PRESIDENTE PRUDENTE,DESENV. SOCIAL,assistência social,2023,14,450000.0,450000.0,False
Mauro Bragato,PSD,ASSIS,SGRI,transferência especial,2023,1,362319.0,362319.0,True
Mauro Bragato,PSD,CAIABU,SGRI,outra,2023,1,350000.0,350000.0,False
Mauro Bragato,PSD,PALMITAL,SAÚDE,saúde,2023,1,350000.0,350000.0,False
Mauro Bragato,PSD,ÁLVARES MACHADO,SAÚDE,saúde,2023,1,250000.0,250000.0,False
Mauro Bragato,PSD,JUNQUEIRÓPOLIS,SAÚDE,saúde,2023,1,250000.0,250000.0,False
Mauro Bragato,PSD,TACIBA,SGRI,outra,2023,1,250000.0,250000.0,False
Mauro Bragato,PSD,IPAUSSU,SAÚDE,saúde,2023,2,245000.0,245000.0,False
Mauro Bragato,PSD,OURINHOS,SAÚDE,saúde,2023,1,235000.0,235000.0,False
Mauro Bragato,PSD,DRACENA,SAÚDE,saúde,2023,1,215000.0,215000.0,False
Mauro Bragato,PSD,ESPÍRITO SANTO DO TURVO,CASA MILITAR E DEFESA CIVIL,outra,2023,1,200000.0,200000.0,False
Mauro Bragato,PSD,GUAIÇARA,SGRI,outra,2023,1,200000.0,200000.0,False
Mauro Bragato,PSD,PIRAPOZINHO,SAÚDE,saúde,2023,1,200000.0,200000.0,False
Mauro Bragato,PSD,PRESIDENTE EPITÁCIO,SGRI,transferência especial,2023,1,200000.0,200000.0,True
Mauro Bragato,PSD,TARUMÃ,SAÚDE,saúde,2023,1,200000.0,200000.0,False
Mauro Bragato,PSD,TEODORO SAMPAIO,SAÚDE,saúde,2023,2,200000.0,200000.0,False
Mauro Bragato,PSD,RANCHARIA,SAÚDE,saúde,2023,1,195000.0,195000.0,False
Mauro Bragato,PSD,REGENTE FEIJÓ,SAÚDE,saúde,2023,1,195000.0,195000.0,False
Mauro Bragato,PSD,PRESIDENTE EPITÁCIO,SAÚDE,saúde,2023,1,180000.0,180000.0,False
Mauro Bragato,PSD,ADAMANTINA,SAÚDE,saúde,2023,2,150000.0,0.0,False
Mauro Bragato,PSD,MARTINÓPOLIS,SEMIL,outra,2023,1,150000.0,150000.0,False
Mauro Bragato,PSD,PRESIDENTE PRUDENTE,EDUCAÇÃO,educação,2023,2,150000.0,100000.0,False
Mauro Bragato,PSD,RINÓPOLIS,SAÚDE,saúde,2023,1,150000.0,150000.0,False
Mauro Bragato,PSD,SALMOURÃO,SAÚDE,saúde,2023,1,150000.0,150000.0,False
Mauro Bragato,PSD,MARTINÓPOLIS,SAÚDE,saúde,2023,1,120000.0,120000.0,False
Mauro Bragato,PSD,ÓLEO,SAÚDE,saúde,2023,1,110000.0,110000.0,False
Mauro Bragato,PSD,BORÁ,SAÚDE,saúde,2023,1,100000.0,100000.0,False
Mauro Bragato,PSD,HERCULÂNDIA,SAÚDE,saúde,2023,1,100000.0,100000.0,False
Mauro Bragato,PSD,MIRANTE DO PARANAPANEMA,SAÚDE,saúde,2023,1,100000.0,100000.0,False
Mauro Bragato,PSD,MIRANTE DO PARANAPANEMA,DESENV. SOCIAL,assistência social,2023,1,100000.0,100000.0,False
Mauro Bragato,PSD,NANTES,SGRI,transferência especial,2023,1,100000.0,100000.0,True
Mauro Bragato,PSD,PIRAPOZINHO,DESENV. SOCIAL,assistência social,2023,1,100000.0,100000.0,False
Mauro Bragato,PSD,PRESIDENTE BERNARDES,SAÚDE,saúde,2023,1,100000.0,100000.0,False
Mauro Bragato,PSD,PRESIDENTE PRUDENTE,CULTURA,outra,2023,2,100000.0,100000.0,False
Mauro Bragato,PSD,RANCHARIA,DESENV. SOCIAL,assistência social,2023,2,100000.0,100000.0,False
Mauro Bragato,PSD,SANTA MERCEDES,SAÚDE,saúde,2023,1,100000.0,100000.0,False
Mauro Bragato,PSD,SANTO EXPEDITO,SAÚDE,saúde,2023,1,100000.0,100000.0,False
Mauro Bragato,PSD,SÃO PEDRO DO TURVO,SAÚDE,saúde,2023,1,100000.0,100000.0,False
Mauro Bragato,PSD,TIMBURI,SAÚDE,saúde,2023,1,100000.0,100000.0,False
Mauro Bragato,PSD,UBIRAJARA,SAÚDE,saúde,2023,1,100000.0,100000.0,False
Mauro Bragato,PSD,CAIABU,SAÚDE,saúde,2023,1,80000.0,80000.0,False
Mauro Bragato,PSD,JACAREÍ,CULTURA,outra,2023,1,50000.0,50000.0,False
Mauro Bragato,PSD,PRESIDENTE PRUDENTE,SAÚDE,saúde,2024,5,1340000.0,1340000.0,False
Mauro Bragato,PSD,OURINHOS,SAÚDE,saúde,2024,2,995000.0,995000.0,False
Mauro Bragato,PSD,CHAVANTES,SAÚDE,saúde,2024,1,800000.0,800000.0,False
Mauro Bragato,PSD,SALTO GRANDE,SAÚDE,saúde,2024,1,795000.0,795000.0,False
Mauro Bragato,PSD,DRACENA,DESENV. SOCIAL,assistência social,2024,1,600000.0,600000.0,False
Mauro Bragato,PSD,PRESIDENTE PRUDENTE,DESENV. SOCIAL,assistência social,2024,11,546120.0,546120.0,False
Mauro Bragato,PSD,REGENTE FEIJÓ,SAÚDE,saúde,2024,1,510000.0,510000.0,False
Mauro Bragato,PSD,TARUMÃ,SGRI,transferência especial,2024,1,500000.0,500000.0,True
Mauro Bragato,PSD,REGENTE FEIJÓ,SGRI,transferência especial,2024,1,490000.0,490000.0,True
Mauro Bragato,PSD,ANHUMAS,SGRI,transferência especial,2024,1,400000.0,400000.0,True
Mauro Bragato,PSD,PALMITAL,SGRI,transferência especial,2024,1,350000.0,350000.0,True
Mauro Bragato,PSD,JUNQUEIRÓPOLIS,SGRI,transferência especial,2024,1,300000.0,300000.0,True
Mauro Bragato,PSD,MIRANTE DO PARANAPANEMA,SAÚDE,saúde,2024,1,300000.0,300000.0,False
Mauro Bragato,PSD,PANORAMA,SAÚDE,saúde,2024,1,300000.0,0.0,False
Mauro Bragato,PSD,RANCHARIA,DESENV. SOCIAL,assistência social,2024,5,300000.0,300000.0,False
Mauro Bragato,PSD,FLORÍNEA,SGRI,transferência especial,2024,1,250000.0,250000.0,True
Mauro Bragato,PSD,PAULICÉIA,SGRI,transferência especial,2024,1,250000.0,250000.0,True
Mauro Bragato,PSD,ALFREDO MARCONDES,SGRI,transferência especial,2024,1,200000.0,200000.0,True
Mauro Bragato,PSD,ÁLVARES MACHADO,SGRI,transferência especial,2024,1,200000.0,200000.0,True
Mauro Bragato,PSD,ASSIS,SGRI,transferência especial,2024,1,200000.0,200000.0,True
Mauro Bragato,PSD,ECHAPORÃ,SGRI,transferência especial,2024,1,200000.0,200000.0,True
Mauro Bragato,PSD,TEODORO SAMPAIO,SAÚDE,saúde,2024,1,200000.0,200000.0,False
Mauro Bragato,PSD,OSVALDO CRUZ,SAÚDE,saúde,2024,1,150000.0,150000.0,False
Mauro Bragato,PSD,ADAMANTINA,DESENV. SOCIAL,assistência social,2024,2,100000.0,50000.0,False
Mauro Bragato,PSD,ASSIS,SAÚDE,saúde,2024,1,100000.0,100000.0,False
Mauro Bragato,PSD,BERNARDINO DE CAMPOS,DESENV. SOCIAL,assistência social,2024,3,100000.0,100000.0,False
Mauro Bragato,PSD,JACAREÍ,CULTURA,outra,2024,2,100000.0,100000.0,False
Mauro Bragato,PSD,OSVALDO CRUZ,DESENV. SOCIAL,assistência social,2024,1,100000.0,100000.0,False
Mauro Bragato,PSD,SÃO PAULO,CENTRO PAULA SOUZA,outra,2024,1,100000.0,100000.0,False
Mauro Bragato,PSD,SÃO PAULO,UNESP,outra,2024,1,100000.0,100000.0,False
Mauro Bragato,PSD,ÁLVARES MACHADO,CULTURA,outra,2024,2,50000.0,0.0,False
Mauro Bragato,PSD,IBIRAREMA,DESENV. SOCIAL,assistência social,2024,1,50000.0,50000.0,False
Mauro Bragato,PSD,ASSIS,CENTRO PAULA SOUZA,outra,2024,1,0.0,0.0,False
Mauro Bragato,PSD,ASSIS,UNESP,outra,2024,1,0.0,0.0,False
Mauro Bragato,PSD,PRESIDENTE PRUDENTE,ESPORTES,outra,2024,1,0.0,0.0,False
Mauro Bragato,PSD,PRESIDENTE PRUDENTE,EDUCAÇÃO,educação,2024,1,0.0,0.0,False
Mauro Bragato,PSD,PRESIDENTE PRUDENTE,SGRI,transferência especial,2025,1,3300000.0,3300000.0,True
Mauro Bragato,PSD,PRESIDENTE PRUDENTE,SAÚDE,saúde,2025,2,1000000.0,1000000.0,False
Mauro Bragato,PSD,JUNQUEIRÓPOLIS,SAÚDE,saúde,2025,1,500000.0,500000.0,False
Mauro Bragato,PSD,PRESIDENTE EPITÁCIO,SAÚDE,saúde,2025,2,500000.0,500000.0,False
Mauro Bragato,PSD,PRESIDENTE VENCESLAU,SAÚDE,saúde,2025,1,500000.0,500000.0,False
Mauro Bragato,PSD,ROSANA,SAÚDE,saúde,2025,1,500000.0,500000.0,False
Mauro Bragato,PSD,ADAMANTINA,SAÚDE,saúde,2025,1,485000.0,485000.0,False
Mauro Bragato,PSD,REGENTE FEIJÓ,SAÚDE,saúde,2025,1,480000.0,480000.0,False
Mauro Bragato,PSD,DRACENA,SAÚDE,saúde,2025,1,465000.0,465000.0,False
Mauro Bragato,PSD,CAIABU,SGRI,transferência especial,2025,1,400000.0,400000.0,True
Mauro Bragato,PSD,PIRAPOZINHO,SAÚDE,saúde,2025,1,370000.0,370000.0,False
Mauro Bragato,PSD,PRESIDENTE PRUDENTE,DESENV. SOCIAL,assistência social,2025,5,370000.0,370000.0,False
Mauro Bragato,PSD,NARANDIBA,SAÚDE,saúde,2025,1,300000.0,300000.0,False
Mauro Bragato,PSD,RANCHARIA,SAÚDE,saúde,2025,1,300000.0,300000.0,False
Mauro Bragato,PSD,SANTO ANASTÁCIO,SAÚDE,saúde,2025,1,300000.0,300000.0,False
Mauro Bragato,PSD,TEODORO SAMPAIO,SAÚDE,saúde,2025,1,300000.0,300000.0,False
Mauro Bragato,PSD,IPAUSSU,SGRI,transferência especial,2025,1,250000.0,250000.0,True
Mauro Bragato,PSD,ANHUMAS,SGRI,transferência especial,2025,1,200000.0,200000.0,True
Mauro Bragato,PSD,OURINHOS,DESENV. SOCIAL,assistência social,2025,1,200000.0,200000.0,False
Mauro Bragato,PSD,PAULICÉIA,SGRI,transferência especial,2025,1,200000.0,200000.0,True
Mauro Bragato,PSD,SÃO PAULO,CULTURA,outra,2025,1,200000.0,200000.0,False
Mauro Bragato,PSD,ÁLVARES MACHADO,SGRI,transferência especial,2025,1,160000.0,160000.0,True
Mauro Bragato,PSD,PALMITAL,SGRI,transferência especial,2025,1,150000.0,150000.0,True
Mauro Bragato,PSD,PIRAPOZINHO,DESENV. SOCIAL,assistência social,2025,1,130000.0,130000.0,False
Mauro Bragato,PSD,ESPÍRITO SANTO DO TURVO,SGRI,transferência especial,2025,1,106278.0,106278.0,True
Mauro Bragato,PSD,ÁLVARES MACHADO,SAÚDE,saúde,2025,1,100000.0,100000.0,False
Mauro Bragato,PSD,ASSIS,DESENV. SOCIAL,assistência social,2025,2,100000.0,100000.0,False
Mauro Bragato,PSD,CAIUÁ,SAÚDE,saúde,2025,1,100000.0,100000.0,False
Mauro Bragato,PSD,INDIANA,SAÚDE,saúde,2025,1,100000.0,100000.0,False
Mauro Bragato,PSD,INDIANA,SGRI,transferência especial,2025,1,100000.0,100000.0,True
Mauro Bragato,PSD,JOÃO RAMALHO,SGRI,transferência especial,2025,1,100000.0,100000.0,True
Mauro Bragato,PSD,MARABÁ PAULISTA,SAÚDE,saúde,2025,1,100000.0,100000.0,False
Mauro Bragato,PSD,PARAGUAÇU PAULISTA,DESENV. SOCIAL,assistência social,2025,2,100000.0,100000.0,False
Mauro Bragato,PSD,TIMBURI,SGRI,transferência especial,2025,1,100000.0,100000.0,True
Mauro Bragato,PSD,ÁLVARES MACHADO,DESENV. SOCIAL,assistência social,2025,1,50000.0,50000.0,False
Mauro Bragato,PSD,RANCHARIA,DESENV. SOCIAL,assistência social,2025,1,50000.0,50000.0,False
Monica Seixas,PSOL,CAMPINAS,UNICAMP,outra,2023,5,1250000.0,1250000.0,False
Monica Seixas,PSOL,SÃO PAULO,SAÚDE,saúde,2023,11,1170000.0,1025000.0,False
Monica Seixas,PSOL,OSASCO,SAÚDE,saúde,2023,4,1000000.0,700000.0,False
Monica Seixas,PSOL,SÃO PAULO,EDUCAÇÃO,educação,2023,8,734459.5,200000.0,False
Monica Seixas,PSOL,MIRANTE DO PARANAPANEMA,SGRI,transferência especial,2023,2,550000.0,550000.0,True
Monica Seixas,PSOL,ITU,SAÚDE,saúde,2023,2,400000.0,400000.0,False
Monica Seixas,PSOL,SANDOVALINA,SGRI,transferência especial,2023,1,400000.0,400000.0,True
Monica Seixas,PSOL,SÃO PAULO,UNESP,outra,2023,2,350000.0,150000.0,False
Monica Seixas,PSOL,TABOÃO DA SERRA,EDUCAÇÃO,educação,2023,3,350000.0,350000.0,False
Monica Seixas,PSOL,BARUERI,SAÚDE,saúde,2023,1,300000.0,300000.0,False
Monica Seixas,PSOL,CAÇAPAVA,SAÚDE,saúde,2023,1,300000.0,300000.0,False
Monica Seixas,PSOL,ITU,CULTURA,outra,2023,1,300000.0,300000.0,False
Monica Seixas,PSOL,ITU,SGRI,transferência especial,2023,1,300000.0,300000.0,True
Monica Seixas,PSOL,RIBEIRÃO PRETO,USP,outra,2023,2,300000.0,300000.0,False
Monica Seixas,PSOL,ITAPIRA,SAÚDE,saúde,2023,1,290000.0,290000.0,False
Monica Seixas,PSOL,TABOÃO DA SERRA,SAÚDE,saúde,2023,1,253659.5,253659.5,False
Monica Seixas,PSOL,IPORANGA,AGRICULTURA,outra,2023,2,200000.0,0.0,False
Monica Seixas,PSOL,ITANHAÉM,SAÚDE,saúde,2023,1,200000.0,200000.0,False
Monica Seixas,PSOL,ITAPIRA,SGRI,transferência especial,2023,1,200000.0,200000.0,True
Monica Seixas,PSOL,POÁ,SAÚDE,saúde,2023,1,200000.0,0.0,False
Monica Seixas,PSOL,SÃO PAULO,DIREITOS DA PCD,outra,2023,1,200000.0,200000.0,False
Monica Seixas,PSOL,SÃO PAULO,USP,outra,2023,2,200000.0,0.0,False
Monica Seixas,PSOL,SÃO PAULO,POLÍTICAS PARA MULHER,outra,2023,1,168200.0,0.0,False
Monica Seixas,PSOL,BAURU,SAÚDE,saúde,2023,1,150000.0,0.0,False
Monica Seixas,PSOL,ITAQUAQUECETUBA,SAÚDE,saúde,2023,1,150000.0,0.0,False
Monica Seixas,PSOL,SÃO PAULO,CULTURA,outra,2023,1,150000.0,150000.0,False
Monica Seixas,PSOL,FRANCISCO MORATO,CASA MILITAR E DEFESA CIVIL,outra,2023,1,100000.0,100000.0,False
Monica Seixas,PSOL,PEDRO DE TOLEDO,EDUCAÇÃO,educação,2023,1,100000.0,0.0,False
Monica Seixas,PSOL,SÃO PAULO,SGRI,transferência especial,2023,1,100000.0,100000.0,True
Monica Seixas,PSOL,SÃO PAULO,JUSTIÇA,outra,2023,2,100000.0,100000.0,False
Monica Seixas,PSOL,SETE BARRAS,SGRI,transferência especial,2023,1,61000.0,61000.0,True
Monica Seixas,PSOL,BAURU,DESENV. SOCIAL,assistência social,2023,1,0.0,0.0,False
Monica Seixas,PSOL,JUQUITIBA,EDUCAÇÃO,educação,2023,1,0.0,0.0,False
Monica Seixas,PSOL,MONGAGUÁ,EDUCAÇÃO,educação,2023,1,0.0,0.0,False
Monica Seixas,PSOL,SÃO PAULO,SEMIL,outra,2023,1,0.0,0.0,False
Monica Seixas,PSOL,TEODORO SAMPAIO,SEMIL,outra,2023,1,0.0,0.0,False
Monica Seixas,PSOL,BARUERI,SAÚDE,saúde,2024,4,1638060.0,1338060.0,False
Monica Seixas,PSOL,SÃO PAULO,CULTURA,outra,2024,8,1560790.0,1560790.0,False
Monica Seixas,PSOL,SÃO PAULO,SAÚDE,saúde,2024,9,1300000.0,1100000.0,False
Monica Seixas,PSOL,SÃO PAULO,JUSTIÇA,outra,2024,4,539270.0,0.0,False
Monica Seixas,PSOL,CASTILHO,SGRI,transferência especial,2024,1,500000.0,500000.0,True
Monica Seixas,PSOL,ITAPIRA,SAÚDE,saúde,2024,2,500000.0,500000.0,False
Monica Seixas,PSOL,DIADEMA,DESENV. ECONÔMICO,outra,2024,2,450000.0,0.0,False
Monica Seixas,PSOL,SÃO PAULO,USP,outra,2024,2,438000.0,238000.0,False
Monica Seixas,PSOL,ITANHAÉM,SAÚDE,saúde,2024,3,350000.0,350000.0,False
Monica Seixas,PSOL,ITAPEVI,SAÚDE,saúde,2024,1,300000.0,300000.0,False
Monica Seixas,PSOL,ITAPIRA,SEMIL,outra,2024,1,300000.0,0.0,False
Monica Seixas,PSOL,POÁ,SAÚDE,saúde,2024,1,300000.0,300000.0,False
Monica Seixas,PSOL,SÃO PAULO,CENTRO PAULA SOUZA,outra,2024,1,300000.0,300000.0,False
Monica Seixas,PSOL,SOROCABA,SAÚDE,saúde,2024,1,300000.0,300000.0,False
Monica Seixas,PSOL,ESPÍRITO SANTO DO PINHAL,SAÚDE,saúde,2024,2,250000.0,250000.0,False
Monica Seixas,PSOL,BARRETOS,CULTURA,outra,2024,1,200000.0,200000.0,False
Monica Seixas,PSOL,BAURU,CULTURA,outra,2024,1,200000.0,200000.0,False
Monica Seixas,PSOL,CAMPINAS,UNICAMP,outra,2024,1,200000.0,200000.0,False
Monica Seixas,PSOL,ITU,EDUCAÇÃO,educação,2024,1,200000.0,200000.0,False
Monica Seixas,PSOL,OSASCO,EDUCAÇÃO,educação,2024,1,200000.0,200000.0,False
Monica Seixas,PSOL,POÁ,EDUCAÇÃO,educação,2024,1,200000.0,0.0,False
Monica Seixas,PSOL,SANTOS,AGRICULTURA,outra,2024,2,200000.0,200000.0,False
Monica Seixas,PSOL,GUARULHOS,SAÚDE,saúde,2024,1,150000.0,150000.0,False
Monica Seixas,PSOL,GUARULHOS,JUSTIÇA,outra,2024,1,100000.0,0.0,False
Monica Seixas,PSOL,MONTE ALEGRE DO SUL,EDUCAÇÃO,educação,2024,2,100000.0,0.0,False
Monica Seixas,PSOL,POMPEIA,SGRI,transferência especial,2024,1,100000.0,100000.0,True
Monica Seixas,PSOL,SÃO CAETANO DO SUL,CULTURA,outra,2024,2,100000.0,0.0,False
Monica Seixas,PSOL,BAURU,SAÚDE,saúde,2024,1,0.0,0.0,False
Monica Seixas,PSOL,SÃO CAETANO DO SUL,CIÊNCIA TECNOLOGIA E INOVAÇÃO,outra,2024,1,0.0,0.0,False
Monica Seixas,PSOL,SÃO PAULO,SEMIL,outra,2024,1,0.0,0.0,False
Monica Seixas,PSOL,SÃO PAULO,CULTURA,outra,2025,8,1300000.0,1300000.0,False
Monica Seixas,PSOL,SÃO PAULO,USP,outra,2025,4,1150000.0,0.0,False
Monica Seixas,PSOL,CAMPINAS,UNICAMP,outra,2025,4,1000000.0,0.0,False
Monica Seixas,PSOL,POÁ,SAÚDE,saúde,2025,1,1000000.0,0.0,False
Monica Seixas,PSOL,SUZANO,CULTURA,outra,2025,2,712261.0,712261.0,False
Monica Seixas,PSOL,FERRAZ DE VASCONCELOS,SAÚDE,saúde,2025,1,700000.0,0.0,False
Monica Seixas,PSOL,SÃO PAULO,EDUCAÇÃO,educação,2025,5,550878.0,200000.0,False
Monica Seixas,PSOL,SUZANO,SAÚDE,saúde,2025,2,501139.0,0.0,False
Monica Seixas,PSOL,MOGI MIRIM,SAÚDE,saúde,2025,1,500000.0,500000.0,False
Monica Seixas,PSOL,SÃO PAULO,SAÚDE,saúde,2025,6,500000.0,400000.0,False
Monica Seixas,PSOL,BAURU,SAÚDE,saúde,2025,4,450000.0,0.0,False
Monica Seixas,PSOL,SÃO VICENTE,DESENV. SOCIAL,assistência social,2025,3,410000.0,160000.0,False
Monica Seixas,PSOL,ITAPIRA,SAÚDE,saúde,2025,2,350000.0,350000.0,False
Monica Seixas,PSOL,ITANHAÉM,SAÚDE,saúde,2025,2,300000.0,300000.0,False
Monica Seixas,PSOL,ITU,DESENV. SOCIAL,assistência social,2025,1,300000.0,300000.0,False
Monica Seixas,PSOL,SOROCABA,CENTRO PAULA SOUZA,outra,2025,1,300000.0,300000.0,False
Monica Seixas,PSOL,BARRETOS,CULTURA,outra,2025,1,250000.0,250000.0,False
Monica Seixas,PSOL,ITAPECERICA DA SERRA,SAÚDE,saúde,2025,1,232000.0,232000.0,False
Monica Seixas,PSOL,MIRANTE DO PARANAPANEMA,SEMIL,outra,2025,2,200000.0,0.0,False
Monica Seixas,PSOL,OSASCO,SAÚDE,saúde,2025,1,200000.0,200000.0,False
Monica Seixas,PSOL,SÃO CARLOS,SAÚDE,saúde,2025,1,200000.0,200000.0,False
Monica Seixas,PSOL,SÃO CARLOS,CULTURA,outra,2025,2,200000.0,200000.0,False
Monica Seixas,PSOL,SÃO PAULO,DESENV. SOCIAL,assistência social,2025,2,200000.0,0.0,False
Monica Seixas,PSOL,SÃO PAULO,JUSTIÇA,outra,2025,5,200000.0,0.0,False
Monica Seixas,PSOL,OSASCO,EDUCAÇÃO,educação,2025,1,150000.0,0.0,False
Monica Seixas,PSOL,SÃO BERNARDO DO CAMPO,EDUCAÇÃO,educação,2025,1,150000.0,150000.0,False
Monica Seixas,PSOL,SÃO PAULO,CENTRO PAULA SOUZA,outra,2025,1,150000.0,150000.0,False
Monica Seixas,PSOL,SÃO ROQUE,FUNDAÇÃO ITESP,outra,2025,1,110000.0,110000.0,False
Monica Seixas,PSOL,ITU,CENTRO PAULA SOUZA,outra,2025,1,100000.0,100000.0,False
Monica Seixas,PSOL,JUNDIAÍ,SEMIL,outra,2025,2,100000.0,0.0,False
Monica Seixas,PSOL,MOGI MIRIM,CULTURA,outra,2025,1,100000.0,100000.0,False
Monica Seixas,PSOL,RIO CLARO,DESENV. SOCIAL,assistência social,2025,1,100000.0,100000.0,False
Monica Seixas,PSOL,AVAÍ,ESPORTES,outra,2025,1,0.0,0.0,False
Monica Seixas,PSOL,ITU,EDUCAÇÃO,educação,2025,1,0.0,0.0,False
Monica Seixas,PSOL,MARÍLIA,SAÚDE,saúde,2025,1,0.0,0.0,False
Monica Seixas,PSOL,SOROCABA,EDUCAÇÃO,educação,2025,1,0.0,0.0,False
Professora Bebel,PT,SÃO PAULO,EDUCAÇÃO,educação,2023,16,1343659.5,1270000.0,False
Professora Bebel,PT,BRAGANÇA PAULISTA,SAÚDE,saúde,2023,2,450000.0,450000.0,False
Professora Bebel,PT,PIRACICABA,SAÚDE,saúde,2023,2,360000.0,360000.0,False
Professora Bebel,PT,NOVA ODESSA,SGRI,outra,2023,1,300000.0,300000.0,False
Professora Bebel,PT,JAÚ,SAÚDE,saúde,2023,2,280000.0,280000.0,False
Professora Bebel,PT,CAMPINAS,UNICAMP,outra,2023,2,250000.0,250000.0,False
Professora Bebel,PT,MATÃO,SGRI,transferência especial,2023,1,250000.0,250000.0,True
Professora Bebel,PT,ARAÇATUBA,SAÚDE,saúde,2023,2,230000.0,230000.0,False
Professora Bebel,PT,MATÃO,ESPORTES,outra,2023,4,230000.0,0.0,False
Professora Bebel,PT,SÃO JOSÉ DO RIO PRETO,CULTURA,outra,2023,2,220000.0,220000.0,False
Professora Bebel,PT,SÃO PAULO,SAÚDE,saúde,2023,2,200000.0,200000.0,False
Professora Bebel,PT,SÃO PAULO,ESPORTES,outra,2023,2,200000.0,0.0,False
Professora Bebel,PT,SOROCABA,DESENV. SOCIAL,assistência social,2023,2,180000.0,180000.0,False
Professora Bebel,PT,TAQUARITINGA,SAÚDE,saúde,2023,2,180000.0,180000.0,False
Professora Bebel,PT,ARARAS,SAÚDE,saúde,2023,1,150000.0,150000.0,False
Professora Bebel,PT,BOTUCATU,HC DA FACULDADE MEDICINA DE BOTUCATU - HCFMB,outra,2023,1,150000.0,150000.0,False
Professora Bebel,PT,RIO CLARO,SAÚDE,saúde,2023,1,150000.0,150000.0,False
Professora Bebel,PT,PIRACICABA,ESPORTES,outra,2023,1,130000.0,0.0,False
Professora Bebel,PT,ATIBAIA,EDUCAÇÃO,educação,2023,1,110000.0,110000.0,False
Professora Bebel,PT,AMPARO,SAÚDE,saúde,2023,1,100000.0,100000.0,False
Professora Bebel,PT,ARAÇATUBA,SGRI,outra,2023,1,100000.0,100000.0,False
Professora Bebel,PT,BARRETOS,SAÚDE,saúde,2023,1,100000.0,100000.0,False
Professora Bebel,PT,CACHOEIRA PAULISTA,SAÚDE,saúde,2023,1,100000.0,100000.0,False
Professora Bebel,PT,CAMPINAS,DESENV. SOCIAL,assistência social,2023,2,100000.0,0.0,False
Professora Bebel,PT,EMILIANÓPOLIS,SAÚDE,saúde,2023,1,100000.0,0.0,False
Professora Bebel,PT,FRANCA,SAÚDE,saúde,2023,1,100000.0,100000.0,False
Professora Bebel,PT,GÁLIA,SGRI,outra,2023,1,100000.0,100000.0,False
Professora Bebel,PT,LARANJAL PAULISTA,SAÚDE,saúde,2023,1,100000.0,100000.0,False
Professora Bebel,PT,MAIRINQUE,SAÚDE,saúde,2023,1,100000.0,100000.0,False
Professora Bebel,PT,OURINHOS,SAÚDE,saúde,2023,1,100000.0,100000.0,False
Professora Bebel,PT,PATROCÍNIO PAULISTA,SAÚDE,saúde,2023,1,100000.0,0.0,False
Professora Bebel,PT,PIRAPORA DO BOM JESUS,SGRI,outra,2023,2,100000.0,100000.0,False
Professora Bebel,PT,RUBINEIA,SAÚDE,saúde,2023,1,100000.0,100000.0,False
Professora Bebel,PT,SANTA FÉ DO SUL,SAÚDE,saúde,2023,1,100000.0,100000.0,False
Professora Bebel,PT,SÃO PAULO,CULTURA,outra,2023,1,100000.0,100000.0,False
Professora Bebel,PT,SÃO PAULO,DESENV. SOCIAL,assistência social,2023,5,100000.0,0.0,False
Professora Bebel,PT,SÃO PEDRO,SAÚDE,saúde,2023,1,100000.0,100000.0,False
Professora Bebel,PT,SOROCABA,SAÚDE,saúde,2023,2,100000.0,100000.0,False
Professora Bebel,PT,TAQUARITINGA,EDUCAÇÃO,educação,2023,4,100000.0,0.0,False
Professora Bebel,PT,TATUÍ,DESENV. SOCIAL,assistência social,2023,1,100000.0,100000.0,False
Professora Bebel,PT,SÃO JOSÉ DOS CAMPOS,SAÚDE,saúde,2023,1,98659.5,98659.5,False
Professora Bebel,PT,ITARIRI,SGRI,transferência especial,2023,1,90000.0,90000.0,True
Professora Bebel,PT,ALTO ALEGRE,DEFESA E SAÚDE ANIMAL,saúde,2023,1,80000.0,80000.0,False
Professora Bebel,PT,ANDRADINA,SAÚDE,saúde,2023,1,80000.0,0.0,False
Professora Bebel,PT,ASSIS,SAÚDE,saúde,2023,1,80000.0,80000.0,False
Professora Bebel,PT,AVARÉ,SAÚDE,saúde,2023,1,80000.0,80000.0,False
Professora Bebel,PT,BARRA BONITA,SAÚDE,saúde,2023,1,80000.0,80000.0,False
Professora Bebel,PT,CAPIVARI,DESENV. SOCIAL,assistência social,2023,1,80000.0,80000.0,False
Professora Bebel,PT,CUBATÃO,SGRI,outra,2023,1,80000.0,0.0,False
Professora Bebel,PT,EMILIANÓPOLIS,EDUCAÇÃO,educação,2023,1,80000.0,80000.0,False
Professora Bebel,PT,GUARAÇAÍ,SAÚDE,saúde,2023,1,80000.0,80000.0,False
Professora Bebel,PT,LINS,SAÚDE,saúde,2023,1,80000.0,80000.0,False
Professora Bebel,PT,MARTINÓPOLIS,SAÚDE,saúde,2023,1,80000.0,80000.0,False
Professora Bebel,PT,MOGI MIRIM,SAÚDE,saúde,2023,1,80000.0,80000.0,False
Professora Bebel,PT,MONTE MOR,CULTURA,outra,2023,1,80000.0,80000.0,False
Professora Bebel,PT,PENÁPOLIS,DESENV. SOCIAL,assistência social,2023,1,80000.0,80000.0,False
Professora Bebel,PT,RAFARD,SAÚDE,saúde,2023,2,80000.0,80000.0,False
Professora Bebel,PT,RIO DAS PEDRAS,SAÚDE,saúde,2023,1,80000.0,80000.0,False
Professora Bebel,PT,SANTA BÁRBARA D'OESTE,DESENV. SOCIAL,assistência social,2023,2,80000.0,0.0,False
Professora Bebel,PT,SÃO BERNARDO DO CAMPO,SAÚDE,saúde,2023,1,80000.0,80000.0,False
Professora Bebel,PT,SÃO PAULO,UNESP,outra,2023,1,80000.0,80000.0,False
Professora Bebel,PT,SUMARÉ,DESENV. SOCIAL,assistência social,2023,1,80000.0,80000.0,False
Professora Bebel,PT,GÁLIA,SAÚDE,saúde,2023,1,75000.0,75000.0,False
Professora Bebel,PT,LINS,EDUCAÇÃO,educação,2023,1,70000.0,0.0,False
Professora Bebel,PT,ÁLVARES MACHADO,SAÚDE,saúde,2023,1,60000.0,60000.0,False
Professora Bebel,PT,GUARULHOS,DESENV. SOCIAL,assistência social,2023,1,60000.0,60000.0,False
Professora Bebel,PT,PRESIDENTE PRUDENTE,EDUCAÇÃO,educação,2023,1,60000.0,60000.0,False
Professora Bebel,PT,ANHEMBI,SAÚDE,saúde,2023,1,50000.0,50000.0,False
Professora Bebel,PT,ARAÇATUBA,SEMIL,outra,2023,1,50000.0,0.0,False
Professora Bebel,PT,BROTAS,SAÚDE,saúde,2023,1,50000.0,50000.0,False
Professora Bebel,PT,CHAVANTES,SAÚDE,saúde,2023,1,50000.0,50000.0,False
Professora Bebel,PT,IRACEMÁPOLIS,SAÚDE,saúde,2023,1,50000.0,50000.0,False
Professora Bebel,PT,ITIRAPINA,SAÚDE,saúde,2023,1,50000.0,50000.0,False
Professora Bebel,PT,LENÇÓIS PAULISTA,DESENV. SOCIAL,assistência social,2023,1,50000.0,50000.0,False
Professora Bebel,PT,LUIZIÂNIA,DESENV. SOCIAL,assistência social,2023,1,50000.0,50000.0,False
Professora Bebel,PT,NOVA CANAÃ PAULISTA,SAÚDE,saúde,2023,1,50000.0,50000.0,False
Professora Bebel,PT,PALMITAL,SAÚDE,saúde,2023,2,50000.0,50000.0,False
Professora Bebel,PT,PIACATU,DESENV. SOCIAL,assistência social,2023,2,50000.0,50000.0,False
Professora Bebel,PT,PIRACICABA,CULTURA,outra,2023,3,50000.0,50000.0,False
Professora Bebel,PT,SANTA GERTRUDES,SAÚDE,saúde,2023,1,50000.0,50000.0,False
Professora Bebel,PT,SANTANA DA PONTE PENSA,DESENV. SOCIAL,assistência social,2023,1,50000.0,50000.0,False
Professora Bebel,PT,SÃO PAULO,CENTRO PAULA SOUZA,outra,2023,1,50000.0,0.0,False
Professora Bebel,PT,SÃO SEBASTIÃO,DESENV. SOCIAL,assistência social,2023,1,50000.0,50000.0,False
Professora Bebel,PT,SERRANA,CULTURA,outra,2023,2,50000.0,50000.0,False
Professora Bebel,PT,TABOÃO DA SERRA,DESENV. SOCIAL,assistência social,2023,1,50000.0,50000.0,False
Professora Bebel,PT,TRÊS FRONTEIRAS,SAÚDE,saúde,2023,1,50000.0,50000.0,False
Professora Bebel,PT,ÁGUAS DE SÃO PEDRO,DESENV. SOCIAL,assistência social,2023,1,0.0,0.0,False
Professora Bebel,PT,ARAÇATUBA,DESENV. SOCIAL,assistência social,2023,1,0.0,0.0,False
Professora Bebel,PT,ATIBAIA,DESENV. SOCIAL,assistência social,2023,2,0.0,0.0,False
Professora Bebel,PT,CAÇAPAVA,EDUCAÇÃO,educação,2023,1,0.0,0.0,False
Professora Bebel,PT,GUARULHOS,SAÚDE,saúde,2023,1,0.0,0.0,False
Professora Bebel,PT,ITAPECERICA DA SERRA,ESPORTES,outra,2023,1,0.0,0.0,False
Professora Bebel,PT,PENÁPOLIS,CULTURA,outra,2023,1,0.0,0.0,False
Professora Bebel,PT,PIACATU,EDUCAÇÃO,educação,2023,1,0.0,0.0,False
Professora Bebel,PT,PIRACICABA,DESENV. SOCIAL,assistência social,2023,2,0.0,0.0,False
Professora Bebel,PT,TATUÍ,SAÚDE,saúde,2023,1,0.0,0.0,False
Professora Bebel,PT,PIRACICABA,SAÚDE,saúde,2024,4,850000.0,850000.0,False
Professora Bebel,PT,PIRACICABA,EDUCAÇÃO,educação,2024,5,700000.0,700000.0,False
Professora Bebel,PT,SÃO PAULO,CULTURA,outra,2024,5,470000.0,300000.0,False
Professora Bebel,PT,CAMPINAS,UNICAMP,outra,2024,1,200000.0,200000.0,False
Professora Bebel,PT,NOVA ODESSA,EDUCAÇÃO,educação,2024,1,200000.0,200000.0,False
Professora Bebel,PT,NOVA ODESSA,SAÚDE,saúde,2024,1,200000.0,200000.0,False
Professora Bebel,PT,RIO DAS PEDRAS,EDUCAÇÃO,educação,2024,2,200000.0,200000.0,False
Professora Bebel,PT,VALINHOS,EDUCAÇÃO,educação,2024,1,200000.0,0.0,False
Professora Bebel,PT,PIRACICABA,SGRI,transferência especial,2024,1,180000.0,180000.0,True
Professora Bebel,PT,BARRETOS,SAÚDE,saúde,2024,1,150060.0,150060.0,False
Professora Bebel,PT,BARRINHA,SAÚDE,saúde,2024,1,150000.0,150000.0,False
Professora Bebel,PT,CERQUEIRA CÉSAR,SAÚDE,saúde,2024,1,150000.0,150000.0,False
Professora Bebel,PT,FRANCA,SAÚDE,saúde,2024,1,150000.0,150000.0,False
Professora Bebel,PT,RIBEIRÃO PRETO,SAÚDE,saúde,2024,1,150000.0,150000.0,False
Professora Bebel,PT,SÃO PEDRO,EDUCAÇÃO,educação,2024,1,150000.0,150000.0,False
Professora Bebel,PT,TRÊS FRONTEIRAS,SAÚDE,saúde,2024,1,150000.0,150000.0,False
Professora Bebel,PT,TAQUARITINGA,SAÚDE,saúde,2024,1,138060.0,138060.0,False
Professora Bebel,PT,ÁGUAS DE SÃO PEDRO,EDUCAÇÃO,educação,2024,1,100000.0,100000.0,False
Professora Bebel,PT,AMERICANA,SAÚDE,saúde,2024,1,100000.0,100000.0,False
Professora Bebel,PT,ANDRADINA,SAÚDE,saúde,2024,1,100000.0,100000.0,False
Professora Bebel,PT,ARAÇATUBA,SAÚDE,saúde,2024,1,100000.0,100000.0,False
Professora Bebel,PT,ARAÇATUBA,AGRICULTURA,outra,2024,2,100000.0,0.0,False
Professora Bebel,PT,ARARAS,SAÚDE,saúde,2024,1,100000.0,0.0,False
Professora Bebel,PT,ASSIS,SAÚDE,saúde,2024,1,100000.0,100000.0,False
Professora Bebel,PT,ATIBAIA,SAÚDE,saúde,2024,1,100000.0,100000.0,False
Professora Bebel,PT,BEBEDOURO,DESENV. SOCIAL,assistência social,2024,1,100000.0,100000.0,False
Professora Bebel,PT,CAMPINAS,DESENV. SOCIAL,assistência social,2024,1,100000.0,100000.0,False
Professora Bebel,PT,CAMPINAS,CULTURA,outra,2024,2,100000.0,100000.0,False
Professora Bebel,PT,CATANDUVA,SGRI,transferência especial,2024,1,100000.0,100000.0,True
Professora Bebel,PT,CHARQUEADA,SAÚDE,saúde,2024,1,100000.0,100000.0,False
Professora Bebel,PT,CORDEIRÓPOLIS,SAÚDE,saúde,2024,1,100000.0,100000.0,False
Professora Bebel,PT,CUBATÃO,CULTURA,outra,2024,1,100000.0,100000.0,False
Professora Bebel,PT,EMBU-GUAÇU,EDUCAÇÃO,educação,2024,1,100000.0,100000.0,False
Professora Bebel,PT,FERRAZ DE VASCONCELOS,SAÚDE,saúde,2024,1,100000.0,100000.0,False
Professora Bebel,PT,GUARAÇAÍ,SAÚDE,saúde,2024,1,100000.0,100000.0,False
Professora Bebel,PT,HORTOLÂNDIA,SAÚDE,saúde,2024,1,100000.0,100000.0,False
Professora Bebel,PT,IRACEMÁPOLIS,EDUCAÇÃO,educação,2024,1,100000.0,100000.0,False
Professora Bebel,PT,IRACEMÁPOLIS,SAÚDE,saúde,2024,1,100000.0,100000.0,False
Professora Bebel,PT,ITAPEVA,EDUCAÇÃO,educação,2024,1,100000.0,100000.0,False
Professora Bebel,PT,ITAQUAQUECETUBA,EDUCAÇÃO,educação,2024,1,100000.0,100000.0,False
Professora Bebel,PT,ITARIRI,SGRI,transferência especial,2024,1,100000.0,100000.0,True
Professora Bebel,PT,ITIRAPINA,SAÚDE,saúde,2024,1,100000.0,100000.0,False
Professora Bebel,PT,JABOTICABAL,SAÚDE,saúde,2024,1,100000.0,100000.0,False
Professora Bebel,PT,JACAREÍ,EDUCAÇÃO,educação,2024,1,100000.0,100000.0,False
Professora Bebel,PT,JANDIRA,CULTURA,outra,2024,1,100000.0,100000.0,False
Professora Bebel,PT,JANDIRA,EDUCAÇÃO,educação,2024,1,100000.0,0.0,False
Professora Bebel,PT,JAÚ,SAÚDE,saúde,2024,1,100000.0,100000.0,False
Professora Bebel,PT,JUQUITIBA,DESENV. SOCIAL,assistência social,2024,1,100000.0,100000.0,False
Professora Bebel,PT,LIMEIRA,SAÚDE,saúde,2024,1,100000.0,100000.0,False
Professora Bebel,PT,LINS,SAÚDE,saúde,2024,1,100000.0,100000.0,False
Professora Bebel,PT,MARÍLIA,SAÚDE,saúde,2024,1,100000.0,100000.0,False
Professora Bebel,PT,MONTE APRAZÍVEL,SAÚDE,saúde,2024,1,100000.0,0.0,False
Professora Bebel,PT,NOVA CANAÃ PAULISTA,SAÚDE,saúde,2024,1,100000.0,100000.0,False
Professora Bebel,PT,OURINHOS,SAÚDE,saúde,2024,1,100000.0,100000.0,False
Professora Bebel,PT,PENÁPOLIS,DESENV. SOCIAL,assistência social,2024,1,100000.0,100000.0,False
Professora Bebel,PT,PIRACICABA,CULTURA,outra,2024,2,100000.0,0.0,False
Professora Bebel,PT,POMPEIA,SAÚDE,saúde,2024,1,100000.0,100000.0,False
Professora Bebel,PT,PRAIA GRANDE,SAÚDE,saúde,2024,1,100000.0,100000.0,False
Professora Bebel,PT,PRESIDENTE VENCESLAU,SAÚDE,saúde,2024,1,100000.0,0.0,False
Professora Bebel,PT,RIO CLARO,SAÚDE,saúde,2024,1,100000.0,100000.0,False
Professora Bebel,PT,RUBINEIA,SGRI,transferência especial,2024,1,100000.0,100000.0,True
Professora Bebel,PT,SANTA FÉ DO SUL,EDUCAÇÃO,educação,2024,1,100000.0,100000.0,False
Professora Bebel,PT,SANTA MARIA DA SERRA,SGRI,outra,2024,1,100000.0,100000.0,False
Professora Bebel,PT,SANTANA DA PONTE PENSA,SAÚDE,saúde,2024,1,100000.0,100000.0,False
Professora Bebel,PT,SANTÓPOLIS DO AGUAPEÍ,SAÚDE,saúde,2024,1,100000.0,100000.0,False
Professora Bebel,PT,SÃO CARLOS,SAÚDE,saúde,2024,1,100000.0,100000.0,False
Professora Bebel,PT,SÃO JOSÉ DO RIO PRETO,SAÚDE,saúde,2024,1,100000.0,100000.0,False
Professora Bebel,PT,SÃO PAULO,SGRI,transferência especial,2024,1,100000.0,100000.0,True
Professora Bebel,PT,SÃO PAULO,JUSTIÇA,outra,2024,2,100000.0,0.0,False
Professora Bebel,PT,SÃO PAULO,ESPORTES,outra,2024,2,100000.0,0.0,False
Professora Bebel,PT,SÃO PEDRO,SAÚDE,saúde,2024,2,100000.0,100000.0,False
Professora Bebel,PT,SERRANA,CULTURA,outra,2024,1,100000.0,100000.0,False
Professora Bebel,PT,SUMARÉ,SAÚDE,saúde,2024,1,100000.0,100000.0,False
Professora Bebel,PT,SUZANÁPOLIS,ESPORTES,outra,2024,1,100000.0,100000.0,False
Professora Bebel,PT,TABAPUÃ,SAÚDE,saúde,2024,1,100000.0,100000.0,False
Professora Bebel,PT,TATUÍ,DESENV. SOCIAL,assistência social,2024,1,100000.0,100000.0,False
Professora Bebel,PT,TORRINHA,CULTURA,outra,2024,2,100000.0,0.0,False
Professora Bebel,PT,BARRA BONITA,DESENV. SOCIAL,assistência social,2024,1,85000.0,0.0,False
Professora Bebel,PT,CAPIVARI,DESENV. SOCIAL,assistência social,2024,1,85000.0,85000.0,False
Professora Bebel,PT,ITU,DESENV. SOCIAL,assistência social,2024,1,85000.0,85000.0,False
Professora Bebel,PT,MATÃO,DESENV. SOCIAL,assistência social,2024,2,85000.0,85000.0,False
Professora Bebel,PT,TAQUARITINGA,DESENV. SOCIAL,assistência social,2024,2,85000.0,85000.0,False
Professora Bebel,PT,MONTE AZUL PAULISTA,DESENV. SOCIAL,assistência social,2024,1,83000.0,0.0,False
Professora Bebel,PT,SANTO ANDRÉ,DESENV. SOCIAL,assistência social,2024,1,80000.0,80000.0,False
Professora Bebel,PT,ÁGUAS DE SÃO PEDRO,SECRETARIA DE TRANSPORTES METROPOLITANOS,outra,2024,1,0.0,0.0,False
Professora Bebel,PT,BARRA BONITA,SAÚDE,saúde,2024,1,0.0,0.0,False
Professora Bebel,PT,BARRETOS,EDUCAÇÃO,educação,2024,1,0.0,0.0,False
Professora Bebel,PT,BEBEDOURO,DIREITOS DA PCD,outra,2024,1,0.0,0.0,False
Professora Bebel,PT,CAPIVARI,SAÚDE,saúde,2024,1,0.0,0.0,False
Professora Bebel,PT,CUBATÃO,EDUCAÇÃO,educação,2024,1,0.0,0.0,False
Professora Bebel,PT,FERNANDÓPOLIS,SAÚDE,saúde,2024,1,0.0,0.0,False
Professora Bebel,PT,ITAPEVI,EDUCAÇÃO,educação,2024,1,0.0,0.0,False
Professora Bebel,PT,ITU,SAÚDE,saúde,2024,1,0.0,0.0,False
Professora Bebel,PT,MONTE AZUL PAULISTA,SAÚDE,saúde,2024,1,0.0,0.0,False
Professora Bebel,PT,PIRACICABA,ESPORTES,outra,2024,1,0.0,0.0,False
Professora Bebel,PT,SÃO PAULO,DESENV. SOCIAL,assistência social,2024,2,0.0,0.0,False
Professora Bebel,PT,PIRACICABA,SAÚDE,saúde,2025,5,1000000.0,1000000.0,False
Professora Bebel,PT,SÃO PAULO,CULTURA,outra,2025,4,553138.0,553138.0,False
Professora Bebel,PT,NOVA ODESSA,SAÚDE,saúde,2025,1,500000.0,500000.0,False
Professora Bebel,PT,SÃO CARLOS,CIÊNCIA TECNOLOGIA E INOVAÇÃO,outra,2025,2,420000.0,420000.0,False
Professora Bebel,PT,PIRACICABA,EDUCAÇÃO,educação,2025,2,360000.0,360000.0,False
Professora Bebel,PT,SÃO PAULO,EDUCAÇÃO,educação,2025,2,300000.0,300000.0,False
Professora Bebel,PT,BRAGANÇA PAULISTA,SAÚDE,saúde,2025,1,200000.0,200000.0,False
Professora Bebel,PT,CAMPINAS,SAÚDE,saúde,2025,3,200000.0,0.0,False
Professora Bebel,PT,CHARQUEADA,SAÚDE,saúde,2025,2,200000.0,200000.0,False
Professora Bebel,PT,FRANCA,SAÚDE,saúde,2025,1,200000.0,200000.0,False
Professora Bebel,PT,JAÚ,SAÚDE,saúde,2025,1,200000.0,200000.0,False
Professora Bebel,PT,PIRACICABA,CULTURA,outra,2025,3,200000.0,100000.0,False
Professora Bebel,PT,RIBEIRÃO PRETO,EDUCAÇÃO,educação,2025,2,200000.0,100000.0,False
Professora Bebel,PT,TATUÍ,DESENV. SOCIAL,assistência social,2025,2,200000.0,200000.0,False
Professora Bebel,PT,SÃO PAULO,SAÚDE,saúde,2025,1,183140.0,183140.0,False
Professora Bebel,PT,GUARULHOS,SAÚDE,saúde,2025,1,150000.0,0.0,False
Professora Bebel,PT,JANDIRA,CULTURA,outra,2025,1,150000.0,150000.0,False
Professora Bebel,PT,REGISTRO,SAÚDE,saúde,2025,1,150000.0,150000.0,False
Professora Bebel,PT,SÃO JOSÉ DO RIO PRETO,CULTURA,outra,2025,2,150000.0,150000.0,False
Professora Bebel,PT,TORRINHA,EDUCAÇÃO,educação,2025,1,150000.0,0.0,False
Professora Bebel,PT,ÁGUAS DE SÃO PEDRO,EDUCAÇÃO,educação,2025,2,100000.0,0.0,False
Professora Bebel,PT,AMPARO,DESENV. SOCIAL,assistência social,2025,1,100000.0,100000.0,False
Professora Bebel,PT,ANDRADINA,SAÚDE,saúde,2025,1,100000.0,100000.0,False
Professora Bebel,PT,ARAÇATUBA,SGRI,transferência especial,2025,1,100000.0,100000.0,True
Professora Bebel,PT,ATIBAIA,SAÚDE,saúde,2025,1,100000.0,100000.0,False
Professora Bebel,PT,AURIFLAMA,SAÚDE,saúde,2025,1,100000.0,100000.0,False
Professora Bebel,PT,BARRA BONITA,SGRI,transferência especial,2025,1,100000.0,100000.0,True
Professora Bebel,PT,BARRETOS,SAÚDE,saúde,2025,1,100000.0,100000.0,False
Professora Bebel,PT,BARRINHA,SAÚDE,saúde,2025,1,100000.0,100000.0,False
Professora Bebel,PT,BEBEDOURO,DESENV. SOCIAL,assistência social,2025,2,100000.0,100000.0,False
Professora Bebel,PT,BOTUCATU,CULTURA,outra,2025,1,100000.0,100000.0,False
Professora Bebel,PT,BROTAS,SAÚDE,saúde,2025,1,100000.0,100000.0,False
Professora Bebel,PT,CACHOEIRA PAULISTA,ESPORTES,outra,2025,2,100000.0,0.0,False
Professora Bebel,PT,CAMPINAS,UNICAMP,outra,2025,2,100000.0,0.0,False
Professora Bebel,PT,CAPIVARI,SAÚDE,saúde,2025,1,100000.0,100000.0,False
Professora Bebel,PT,CARAPICUÍBA,EDUCAÇÃO,educação,2025,1,100000.0,100000.0,False
Professora Bebel,PT,CERQUEIRA CÉSAR,DESENV. SOCIAL,assistência social,2025,2,100000.0,100000.0,False
Professora Bebel,PT,CERQUILHO,SAÚDE,saúde,2025,1,100000.0,100000.0,False
Professora Bebel,PT,CORDEIRÓPOLIS,SAÚDE,saúde,2025,1,100000.0,100000.0,False
Professora Bebel,PT,COTIA,EDUCAÇÃO,educação,2025,1,100000.0,100000.0,False
Professora Bebel,PT,CRUZEIRO,EDUCAÇÃO,educação,2025,1,100000.0,100000.0,False
Professora Bebel,PT,CUBATÃO,EDUCAÇÃO,educação,2025,1,100000.0,0.0,False
Professora Bebel,PT,EMBU DAS ARTES,SAÚDE,saúde,2025,1,100000.0,100000.0,False
Professora Bebel,PT,EMBU-GUAÇU,EDUCAÇÃO,educação,2025,1,100000.0,100000.0,False
Professora Bebel,PT,FERNANDÓPOLIS,SAÚDE,saúde,2025,1,100000.0,100000.0,False
Professora Bebel,PT,GUARULHOS,DESENV. SOCIAL,assistência social,2025,1,100000.0,100000.0,False
Professora Bebel,PT,HORTOLÂNDIA,DESENV. SOCIAL,assistência social,2025,1,100000.0,100000.0,False
Professora Bebel,PT,IRACEMÁPOLIS,EDUCAÇÃO,educação,2025,1,100000.0,100000.0,False
Professora Bebel,PT,ITAPETININGA,SAÚDE,saúde,2025,1,100000.0,100000.0,False
Professora Bebel,PT,ITAPEVA,ESPORTES,outra,2025,2,100000.0,0.0,False
Professora Bebel,PT,ITAPEVI,EDUCAÇÃO,educação,2025,1,100000.0,100000.0,False
Professora Bebel,PT,ITIRAPINA,SAÚDE,saúde,2025,1,100000.0,100000.0,False
Professora Bebel,PT,ITU,SAÚDE,saúde,2025,1,100000.0,100000.0,False
Professora Bebel,PT,JABOTICABAL,DESENV. SOCIAL,assistência social,2025,1,100000.0,100000.0,False
Professora Bebel,PT,JACAREÍ,DESENV. SOCIAL,assistência social,2025,1,100000.0,100000.0,False
Professora Bebel,PT,LARANJAL PAULISTA,SAÚDE,saúde,2025,1,100000.0,100000.0,False
Professora Bebel,PT,LIMEIRA,SAÚDE,saúde,2025,1,100000.0,100000.0,False
Professora Bebel,PT,LINS,EDUCAÇÃO,educação,2025,1,100000.0,0.0,False
Professora Bebel,PT,LORENA,SAÚDE,saúde,2025,1,100000.0,0.0,False
Professora Bebel,PT,MARÍLIA,SAÚDE,saúde,2025,1,100000.0,100000.0,False
Professora Bebel,PT,MARTINÓPOLIS,SAÚDE,saúde,2025,1,100000.0,0.0,False
Professora Bebel,PT,MATÃO,DESENV. SOCIAL,assistência social,2025,1,100000.0,100000.0,False
Professora Bebel,PT,MATÃO,ESPORTES,outra,2025,1,100000.0,100000.0,False
Professora Bebel,PT,MONTE AZUL PAULISTA,DESENV. SOCIAL,assistência social,2025,1,100000.0,100000.0,False
Professora Bebel,PT,OURINHOS,SAÚDE,saúde,2025,1,100000.0,100000.0,False
Professora Bebel,PT,PATROCÍNIO PAULISTA,SAÚDE,saúde,2025,1,100000.0,100000.0,False
Professora Bebel,PT,PEDERNEIRAS,SAÚDE,saúde,2025,1,100000.0,0.0,False
Professora Bebel,PT,PENÁPOLIS,DESENV. SOCIAL,assistência social,2025,2,100000.0,100000.0,False
Professora Bebel,PT,PIRACICABA,ESPORTES,outra,2025,3,100000.0,0.0,False
Professora Bebel,PT,PIRACICABA,DIREITOS DA PCD,outra,2025,1,100000.0,0.0,False
Professora Bebel,PT,PIRASSUNUNGA,SAÚDE,saúde,2025,1,100000.0,100000.0,False
Professora Bebel,PT,PRAIA GRANDE,SAÚDE,saúde,2025,1,100000.0,100000.0,False
Professora Bebel,PT,PRESIDENTE PRUDENTE,SAÚDE,saúde,2025,1,100000.0,100000.0,False
Professora Bebel,PT,PRESIDENTE PRUDENTE,JUSTIÇA,outra,2025,2,100000.0,100000.0,False
Professora Bebel,PT,PRESIDENTE VENCESLAU,DESENV. SOCIAL,assistência social,2025,1,100000.0,100000.0,False
Professora Bebel,PT,RAFARD,EDUCAÇÃO,educação,2025,1,100000.0,100000.0,False
Professora Bebel,PT,REGISTRO,EDUCAÇÃO,educação,2025,1,100000.0,100000.0,False
Professora Bebel,PT,RIO CLARO,DESENV. SOCIAL,assistência social,2025,1,100000.0,100000.0,False
Professora Bebel,PT,RIO DAS PEDRAS,SAÚDE,saúde,2025,1,100000.0,100000.0,False
Professora Bebel,PT,ROSANA,SAÚDE,saúde,2025,1,100000.0,100000.0,False
Professora Bebel,PT,RUBINEIA,SAÚDE,saúde,2025,1,100000.0,100000.0,False
Professora Bebel,PT,SANTA BÁRBARA D'OESTE,SAÚDE,saúde,2025,1,100000.0,100000.0,False
Professora Bebel,PT,SANTA FÉ DO SUL,SAÚDE,saúde,2025,1,100000.0,100000.0,False
Professora Bebel,PT,SANTO ANDRÉ,POLÍTICAS PARA MULHER,outra,2025,1,100000.0,100000.0,False
Professora Bebel,PT,SÃO JOSÉ DOS CAMPOS,SAÚDE,saúde,2025,1,100000.0,0.0,False
Professora Bebel,PT,SÃO PEDRO,EDUCAÇÃO,educação,2025,1,100000.0,100000.0,False
Professora Bebel,PT,SUMARÉ,SAÚDE,saúde,2025,1,100000.0,100000.0,False
Professora Bebel,PT,TRÊS FRONTEIRAS,SAÚDE,saúde,2025,1,100000.0,100000.0,False
Professora Bebel,PT,TUPÃ,SAÚDE,saúde,2025,1,100000.0,100000.0,False
Professora Bebel,PT,LUIZIÂNIA,DESENV. SOCIAL,assistência social,2025,1,50000.0,50000.0,False
Professora Bebel,PT,TAQUARITINGA,DESENV. SOCIAL,assistência social,2025,2,50000.0,0.0,False
Professora Bebel,PT,GARÇA,SAÚDE,saúde,2025,1,0.0,0.0,False
Professora Bebel,PT,PIRACICABA,DESENV. SOCIAL,assistência social,2025,1,0.0,0.0,False
Professora Bebel,PT,SALTINHO,DESENV. SOCIAL,assistência social,2025,1,0.0,0.0,False
Rodrigo Moraes,PL,RIBEIRÃO PIRES,SGRI,transferência especial,2023,1,2000000.0,2000000.0,True
Rodrigo Moraes,PL,CATANDUVA,SGRI,outra,2023,1,1463659.5,1463659.5,False
Rodrigo Moraes,PL,CATANDUVA,SAÚDE,saúde,2023,1,1413659.5,1413659.5,False
Rodrigo Moraes,PL,SALTO,SGRI,outra,2023,2,1000000.0,1000000.0,False
Rodrigo Moraes,PL,CESÁRIO LANGE,SAÚDE,saúde,2023,1,750000.0,750000.0,False
Rodrigo Moraes,PL,GUATAPARÁ,SAÚDE,saúde,2023,1,500000.0,500000.0,False
Rodrigo Moraes,PL,IPEÚNA,SAÚDE,saúde,2023,1,500000.0,500000.0,False
Rodrigo Moraes,PL,ITAPORANGA,SAÚDE,saúde,2023,1,500000.0,500000.0,False
Rodrigo Moraes,PL,SALMOURÃO,SAÚDE,saúde,2023,1,500000.0,500000.0,False
Rodrigo Moraes,PL,SANTO ANTÔNIO DA ALEGRIA,SAÚDE,saúde,2023,1,500000.0,500000.0,False
Rodrigo Moraes,PL,MONTE AZUL PAULISTA,SAÚDE,saúde,2023,1,400000.0,400000.0,False
Rodrigo Moraes,PL,ITU,DESENV. SOCIAL,assistência social,2023,6,300000.0,300000.0,False
Rodrigo Moraes,PL,SANTO ANDRÉ,DESENV. SOCIAL,assistência social,2023,1,280000.0,280000.0,False
Rodrigo Moraes,PL,IPAUSSU,SAÚDE,saúde,2023,1,200000.0,200000.0,False
Rodrigo Moraes,PL,ILHA COMPRIDA,DESENV. SOCIAL,assistência social,2023,1,120000.0,120000.0,False
Rodrigo Moraes,PL,ITU,SAÚDE,saúde,2023,1,100000.0,0.0,False
Rodrigo Moraes,PL,VALINHOS,SAÚDE,saúde,2024,1,1600000.0,1600000.0,False
Rodrigo Moraes,PL,SÃO PAULO,ESPORTES,outra,2024,1,1500000.0,1500000.0,False
Rodrigo Moraes,PL,SÃO PAULO,SGRI,transferência especial,2024,1,1200000.0,1200000.0,True
Rodrigo Moraes,PL,CAIEIRAS,SAÚDE,saúde,2024,1,1000000.0,1000000.0,False
Rodrigo Moraes,PL,MOGI DAS CRUZES,ESPORTES,outra,2024,1,850000.0,0.0,False
Rodrigo Moraes,PL,ILHA COMPRIDA,SAÚDE,saúde,2024,5,600000.0,400000.0,False
Rodrigo Moraes,PL,SÃO PAULO,CULTURA,outra,2024,1,480000.0,480000.0,False
Rodrigo Moraes,PL,SARAPUÍ,SAÚDE,saúde,2024,1,450000.0,450000.0,False
Rodrigo Moraes,PL,JUQUIÁ,SAÚDE,saúde,2024,1,400000.0,400000.0,False
Rodrigo Moraes,PL,ITU,DESENV. SOCIAL,assistência social,2024,7,350000.0,300000.0,False
Rodrigo Moraes,PL,OSASCO,ESPORTES,outra,2024,2,300000.0,0.0,False
Rodrigo Moraes,PL,PIEDADE,SAÚDE,saúde,2024,1,300000.0,300000.0,False
Rodrigo Moraes,PL,ARTUR NOGUEIRA,SAÚDE,saúde,2024,1,200000.0,200000.0,False
Rodrigo Moraes,PL,ITU,SGRI,outra,2024,1,200000.0,200000.0,False
Rodrigo Moraes,PL,TAPIRAÍ,SAÚDE,saúde,2024,1,200000.0,200000.0,False
Rodrigo Moraes,PL,TAQUARITUBA,SAÚDE,saúde,2024,2,200000.0,0.0,False
Rodrigo Moraes,PL,ILHA COMPRIDA,EDUCAÇÃO,educação,2024,1,150000.0,150000.0,False
Rodrigo Moraes,PL,ILHA COMPRIDA,DESENV. SOCIAL,assistência social,2024,1,150000.0,150000.0,False
Rodrigo Moraes,PL,REGISTRO,SAÚDE,saúde,2024,1,150000.0,0.0,False
Rodrigo Moraes,PL,TIMBURI,SAÚDE,saúde,2024,1,150000.0,150000.0,False
Rodrigo Moraes,PL,ALAMBARI,SAÚDE,saúde,2024,1,146120.0,146120.0,False
Rodrigo Moraes,PL,IGUAPE,SAÚDE,saúde,2024,1,100000.0,100000.0,False
Rodrigo Moraes,PL,ILHA COMPRIDA,ESPORTES,outra,2024,1,100000.0,0.0,False
Rodrigo Moraes,PL,JUQUITIBA,SAÚDE,saúde,2024,1,100000.0,100000.0,False
Rodrigo Moraes,PL,ITU,DIREITOS DA PCD,outra,2024,1,50000.0,50000.0,False
Rodrigo Moraes,PL,SÃO BERNARDO DO CAMPO,DESENV. SOCIAL,assistência social,2024,1,50000.0,0.0,False
Rodrigo Moraes,PL,ILHA COMPRIDA,SEMIL,outra,2024,1,0.0,0.0,False
Rodrigo Moraes,PL,ITU,SAÚDE,saúde,2024,2,0.0,0.0,False
Rodrigo Moraes,PL,MOGI DAS CRUZES,DESENV. SOCIAL,assistência social,2024,1,0.0,0.0,False
Rodrigo Moraes,PL,SÃO PAULO,CULTURA,outra,2025,3,2100000.0,2100000.0,False
Rodrigo Moraes,PL,SÃO PAULO,ESPORTES,outra,2025,1,2000000.0,2000000.0,False
Rodrigo Moraes,PL,CAJAMAR,SAÚDE,saúde,2025,1,1000000.0,1000000.0,False
Rodrigo Moraes,PL,ILHA COMPRIDA,SAÚDE,saúde,2025,1,1000000.0,1000000.0,False
Rodrigo Moraes,PL,ITU,SAÚDE,saúde,2025,2,1000000.0,1000000.0,False
Rodrigo Moraes,PL,MONTE MOR,SAÚDE,saúde,2025,1,1000000.0,1000000.0,False
Rodrigo Moraes,PL,MONTE MOR,SGRI,outra,2025,1,950000.0,0.0,False
Rodrigo Moraes,PL,AVANHANDAVA,SAÚDE,saúde,2025,1,666278.0,666278.0,False
Rodrigo Moraes,PL,SARAPUÍ,SAÚDE,saúde,2025,2,500000.0,500000.0,False
Rodrigo Moraes,PL,IGUAPE,EDUCAÇÃO,educação,2025,2,400000.0,0.0,False
Rodrigo Moraes,PL,SÃO PAULO,DESENV. SOCIAL,assistência social,2025,3,400000.0,400000.0,False
Rodrigo Moraes,PL,BIRIGUI,SAÚDE,saúde,2025,1,300000.0,300000.0,False
Rodrigo Moraes,PL,CABREÚVA,SAÚDE,saúde,2025,1,300000.0,300000.0,False
Rodrigo Moraes,PL,ITU,CENTRO PAULA SOUZA,outra,2025,1,250000.0,250000.0,False
Rodrigo Moraes,PL,SÃO PAULO,PM DO EST. SÃO PAULO,outra,2025,1,200000.0,0.0,False
Rodrigo Moraes,PL,TAPIRAÍ,SAÚDE,saúde,2025,1,200000.0,200000.0,False
Rodrigo Moraes,PL,BILAC,SAÚDE,saúde,2025,1,100000.0,100000.0,False
Rodrigo Moraes,PL,CAMPINAS,UNICAMP,outra,2025,1,100000.0,100000.0,False
Rodrigo Moraes,PL,GUARANTÃ,SAÚDE,saúde,2025,1,100000.0,100000.0,False
Rodrigo Moraes,PL,PROMISSÃO,SAÚDE,saúde,2025,1,100000.0,100000.0,False
Rodrigo Moraes,PL,ILHA COMPRIDA,SEGURANÇA PÚBLICA,outra,2025,1,0.0,0.0,False
Rogério Nogueira,PSD,INDAIATUBA,SAÚDE,saúde,2023,1,3000000.5,3000000.5,False
Rogério Nogueira,PSD,ELIAS FAUSTO,EDUCAÇÃO,educação,2023,1,3000000.0,3000000.0,False
Rogério Nogueira,PSD,CAPIVARI,SAÚDE,saúde,2023,2,1131829.5,1131829.5,False
Rogério Nogueira,PSD,ELIAS FAUSTO,SAÚDE,saúde,2023,1,1131829.5,0.0,False
Rogério Nogueira,PSD,ELIAS FAUSTO,SGRI,outra,2023,1,1000000.0,1000000.0,False
Rogério Nogueira,PSD,INDAIATUBA,SGRI,outra,2023,1,800000.0,800000.0,False
Rogério Nogueira,PSD,ITU,DESENV. SOCIAL,assistência social,2023,2,173659.5,173659.5,False
Rogério Nogueira,PSD,TATUÍ,DESENV. SOCIAL,assistência social,2023,1,110000.0,110000.0,False
Rogério Nogueira,PSD,ITU,CULTURA,outra,2023,2,100000.0,100000.0,False
Rogério Nogueira,PSD,ARTUR NOGUEIRA,DESENV. SOCIAL,assistência social,2023,1,80000.0,80000.0,False
Rogério Nogueira,PSD,CAPIVARI,EDUCAÇÃO,educação,2023,1,0.0,0.0,False
Rogério Nogueira,PSD,INDAIATUBA,ESPORTES,outra,2023,1,0.0,0.0,False
Rogério Nogueira,PSD,COSMÓPOLIS,SAÚDE,saúde,2024,2,5250000.0,5250000.0,False
Rogério Nogueira,PSD,INDAIATUBA,SAÚDE,saúde,2024,2,3000000.0,3000000.0,False
Rogério Nogueira,PSD,CATIGUÁ,SAÚDE,saúde,2024,1,800000.0,800000.0,False
Rogério Nogueira,PSD,PEDREIRA,SAÚDE,saúde,2024,1,800000.0,800000.0,False
Rogério Nogueira,PSD,INDAIATUBA,DESENV. SOCIAL,assistência social,2024,3,311120.0,196120.0,False
Rogério Nogueira,PSD,ELIAS FAUSTO,SGRI,transferência especial,2024,1,250000.0,250000.0,True
Rogério Nogueira,PSD,TATUÍ,SAÚDE,saúde,2024,1,150000.0,150000.0,False
Rogério Nogueira,PSD,ARARAS,DESENV. SOCIAL,assistência social,2024,1,115000.0,115000.0,False
Rogério Nogueira,PSD,HOLAMBRA,SEMIL,outra,2024,1,100000.0,100000.0,False
Rogério Nogueira,PSD,RIBEIRÃO GRANDE,SEMIL,outra,2024,1,100000.0,100000.0,False
Rogério Nogueira,PSD,SÃO PAULO,SAÚDE,saúde,2024,2,100000.0,100000.0,False
Rogério Nogueira,PSD,SALTO,SEMIL,outra,2024,1,0.0,0.0,False
Rogério Nogueira,PSD,BEBEDOURO,SAÚDE,saúde,2025,1,2000000.0,2000000.0,False
Rogério Nogueira,PSD,MONTE MOR,SAÚDE,saúde,2025,1,2000000.0,2000000.0,False
Rogério Nogueira,PSD,SALTO,SAÚDE,saúde,2025,1,2000000.0,2000000.0,False
Rogério Nogueira,PSD,CAPIVARI,SAÚDE,saúde,2025,1,1000000.0,1000000.0,False
Rogério Nogueira,PSD,ITARARÉ,SAÚDE,saúde,2025,1,1000000.0,1000000.0,False
Rogério Nogueira,PSD,ARAÇOIABA DA SERRA,SAÚDE,saúde,2025,1,500000.0,500000.0,False
Rogério Nogueira,PSD,CONCHAL,SAÚDE,saúde,2025,1,500000.0,500000.0,False
Rogério Nogueira,PSD,IPERÓ,SAÚDE,saúde,2025,1,500000.0,500000.0,False
Rogério Nogueira,PSD,SETE BARRAS,SAÚDE,saúde,2025,1,500000.0,500000.0,False
Rogério Nogueira,PSD,TATUÍ,SAÚDE,saúde,2025,1,500000.0,500000.0,False
Rogério Nogueira,PSD,SALTO,DESENV. SOCIAL,assistência social,2025,2,220000.0,220000.0,False
Rogério Nogueira,PSD,INDAIATUBA,SEMIL,outra,2025,2,150000.0,150000.0,False
Rogério Nogueira,PSD,ITATIBA,DESENV. SOCIAL,assistência social,2025,1,120000.0,120000.0,False
Rogério Nogueira,PSD,NOVO HORIZONTE,SAÚDE,saúde,2025,1,120000.0,120000.0,False
Rogério Nogueira,PSD,CAPÃO BONITO,SAÚDE,saúde,2025,1,105000.0,105000.0,False
Rogério Nogueira,PSD,RAFARD,SAÚDE,saúde,2025,1,101278.0,101278.0,False
Rogério Nogueira,PSD,BOITUVA,SAÚDE,saúde,2025,1,100000.0,100000.0,False
Rogério Nogueira,PSD,BROTAS,SAÚDE,saúde,2025,1,100000.0,100000.0,False
Rogério Nogueira,PSD,CAJOBI,SAÚDE,saúde,2025,1,100000.0,100000.0,False
Rogério Nogueira,PSD,EMBAÚBA,SAÚDE,saúde,2025,1,100000.0,100000.0,False
Rogério Nogueira,PSD,EUCLIDES DA CUNHA PAULISTA,SAÚDE,saúde,2025,1,100000.0,100000.0,False
Rogério Nogueira,PSD,INDAIATUBA,DESENV. SOCIAL,assistência social,2025,1,100000.0,100000.0,False
Rogério Nogueira,PSD,PALMITAL,DESENV. SOCIAL,assistência social,2025,1,100000.0,100000.0,False
Rogério Nogueira,PSD,PILAR DO SUL,SAÚDE,saúde,2025,1,100000.0,0.0,False
Rogério Nogueira,PSD,SÃO PAULO,DESENV. SOCIAL,assistência social,2025,1,100000.0,100000.0,False
Rogério Nogueira,PSD,SÃO PAULO,SAÚDE,saúde,2025,1,100000.0,0.0,False
Rogério Nogueira,PSD,TAQUARIVAÍ,SAÚDE,saúde,2025,1,100000.0,100000.0,False
Rogério Nogueira,PSD,TORRE DE PEDRA,SAÚDE,saúde,2025,1,100000.0,100000.0,False
Rogério Nogueira,PSD,ITAPETININGA,SEMIL,outra,2025,1,50000.0,50000.0,False
Rogério Nogueira,PSD,MOGI GUAÇU,SAÚDE,saúde,2025,1,50000.0,50000.0,False
Rogério Nogueira,PSD,SOROCABA,SAÚDE,saúde,2025,1,50000.0,0.0,False
Vitão do Cachorrão,Podemos,SOROCABA,ESPORTES,outra,2024,2,1200000.0,0.0,False
Vitão do Cachorrão,Podemos,SÃO PAULO,SEMIL,outra,2024,1,800000.0,800000.0,False
Vitão do Cachorrão,Podemos,ITAPECERICA DA SERRA,SAÚDE,saúde,2024,1,550000.0,550000.0,False
Vitão do Cachorrão,Podemos,CAPELA DO ALTO,SAÚDE,saúde,2024,1,500000.0,500000.0,False
Vitão do Cachorrão,Podemos,SÃO ROQUE,SGRI,outra,2024,1,500000.0,500000.0,False
Vitão do Cachorrão,Podemos,SOROCABA,SAÚDE,saúde,2024,3,500000.0,500000.0,False
Vitão do Cachorrão,Podemos,CESÁRIO LANGE,SAÚDE,saúde,2024,1,450000.0,450000.0,False
Vitão do Cachorrão,Podemos,TAQUARIVAÍ,SAÚDE,saúde,2024,1,400000.0,400000.0,False
Vitão do Cachorrão,Podemos,SOROCABA,EDUCAÇÃO,educação,2024,1,390000.0,390000.0,False
Vitão do Cachorrão,Podemos,ANHEMBI,SAÚDE,saúde,2024,1,300000.0,300000.0,False
Vitão do Cachorrão,Podemos,APIAÍ,SGRI,outra,2024,1,300000.0,300000.0,False
Vitão do Cachorrão,Podemos,CONCHAS,SAÚDE,saúde,2024,1,300000.0,300000.0,False
Vitão do Cachorrão,Podemos,HORTOLÂNDIA,SAÚDE,saúde,2024,1,300000.0,300000.0,False
Vitão do Cachorrão,Podemos,CERQUEIRA CÉSAR,SAÚDE,saúde,2024,1,250000.0,250000.0,False
Vitão do Cachorrão,Podemos,GETULINA,SAÚDE,saúde,2024,1,250000.0,250000.0,False
Vitão do Cachorrão,Podemos,GUAREÍ,SAÚDE,saúde,2024,1,250000.0,250000.0,False
Vitão do Cachorrão,Podemos,SOROCABA,DESENV. SOCIAL,assistência social,2024,11,250000.0,250000.0,False
Vitão do Cachorrão,Podemos,SOROCABA,SEMIL,outra,2024,2,250000.0,250000.0,False
Vitão do Cachorrão,Podemos,TIMBURI,SAÚDE,saúde,2024,1,250000.0,250000.0,False
Vitão do Cachorrão,Podemos,SÃO PEDRO DO TURVO,SAÚDE,saúde,2024,1,248060.0,248060.0,False
Vitão do Cachorrão,Podemos,CAMPINAS,UNICAMP,outra,2024,1,200000.0,200000.0,False
Vitão do Cachorrão,Podemos,RIBEIRA,SAÚDE,saúde,2024,1,200000.0,200000.0,False
Vitão do Cachorrão,Podemos,SÃO JOSÉ DOS CAMPOS,SAÚDE,saúde,2024,1,200000.0,200000.0,False
Vitão do Cachorrão,Podemos,SOROCABA,BOMBEIROS PM DO EST. SÃO PAULO,outra,2024,1,200000.0,200000.0,False
Vitão do Cachorrão,Podemos,TORRE DE PEDRA,SAÚDE,saúde,2024,1,200000.0,200000.0,False
Vitão do Cachorrão,Podemos,ORINDIÚVA,SAÚDE,saúde,2024,1,188060.0,188060.0,False
Vitão do Cachorrão,Podemos,JOSÉ BONIFÁCIO,SGRI,outra,2024,1,150000.0,150000.0,False
Vitão do Cachorrão,Podemos,TEJUPÁ,SGRI,outra,2024,1,150000.0,0.0,False
Vitão do Cachorrão,Podemos,ARARAS,DESENV. SOCIAL,assistência social,2024,1,100000.0,100000.0,False
Vitão do Cachorrão,Podemos,ARARAS,EDUCAÇÃO,educação,2024,2,100000.0,0.0,False
Vitão do Cachorrão,Podemos,CONCHAL,DESENV. SOCIAL,assistência social,2024,1,100000.0,100000.0,False
Vitão do Cachorrão,Podemos,EMBU-GUAÇU,CULTURA,outra,2024,2,100000.0,0.0,False
Vitão do Cachorrão,Podemos,ITAPETININGA,SEMIL,outra,2024,1,100000.0,100000.0,False
Vitão do Cachorrão,Podemos,PAULICÉIA,AGRICULTURA,outra,2024,2,100000.0,100000.0,False
Vitão do Cachorrão,Podemos,SALTO DE PIRAPORA,SGRI,outra,2024,1,100000.0,100000.0,False
Vitão do Cachorrão,Podemos,SANTOS,CULTURA,outra,2024,2,100000.0,100000.0,False
Vitão do Cachorrão,Podemos,SÃO ROQUE,ESPORTES,outra,2024,2,100000.0,0.0,False
Vitão do Cachorrão,Podemos,SÃO ROQUE,CULTURA,outra,2024,2,100000.0,100000.0,False
Vitão do Cachorrão,Podemos,ARAÇARIGUAMA,DESENV. SOCIAL,assistência social,2024,2,50000.0,0.0,False
Vitão do Cachorrão,Podemos,CAMPINAS,DESENV. SOCIAL,assistência social,2024,2,50000.0,50000.0,False
Vitão do Cachorrão,Podemos,PIRAJU,DESENV. SOCIAL,assistência social,2024,1,50000.0,50000.0,False
Vitão do Cachorrão,Podemos,SÃO PAULO,ESPORTES,outra,2024,1,50000.0,0.0,False
Vitão do Cachorrão,Podemos,TAQUARITUBA,DESENV. SOCIAL,assistência social,2024,1,50000.0,50000.0,False
Vitão do Cachorrão,Podemos,ITU,ESPORTES,outra,2024,1,0.0,0.0,False
Vitão do Cachorrão,Podemos,JOSÉ BONIFÁCIO,ESPORTES,outra,2024,1,0.0,0.0,False
Vitão do Cachorrão,Podemos,SANTO ANDRÉ,SEMIL,outra,2024,1,0.0,0.0,False
Vitão do Cachorrão,Podemos,SÃO PAULO,DESENV. SOCIAL,assistência social,2024,1,0.0,0.0,False
Vitão do Cachorrão,Podemos,SOROCABA,SEMIL,outra,2025,4,1420000.0,1420000.0,False
Vitão do Cachorrão,Podemos,SÃO JOSÉ DOS CAMPOS,SEMIL,outra,2025,2,753000.0,753000.0,False
Vitão do Cachorrão,Podemos,SÃO PAULO,CULTURA,outra,2025,1,500000.0,500000.0,False
Vitão do Cachorrão,Podemos,ITAPEVA,SAÚDE,saúde,2025,2,463278.0,463278.0,False
Vitão do Cachorrão,Podemos,SOROCABA,EDUCAÇÃO,educação,2025,2,390000.0,140000.0,False
Vitão do Cachorrão,Podemos,SÃO PAULO,ESPORTES,outra,2025,1,360000.0,360000.0,False
Vitão do Cachorrão,Podemos,ILHA COMPRIDA,SAÚDE,saúde,2025,1,300000.0,300000.0,False
Vitão do Cachorrão,Podemos,SOROCABA,DESENV. SOCIAL,assistência social,2025,3,300000.0,300000.0,False
Vitão do Cachorrão,Podemos,TIMBURI,SGRI,outra,2025,1,300000.0,300000.0,False
Vitão do Cachorrão,Podemos,ITU,SAÚDE,saúde,2025,1,250000.0,250000.0,False
Vitão do Cachorrão,Podemos,LARANJAL PAULISTA,ESPORTES,outra,2025,2,250000.0,250000.0,False
Vitão do Cachorrão,Podemos,ALAMBARI,SAÚDE,saúde,2025,1,200000.0,200000.0,False
Vitão do Cachorrão,Podemos,CAPÃO BONITO,SAÚDE,saúde,2025,1,200000.0,200000.0,False
Vitão do Cachorrão,Podemos,IBIÚNA,SAÚDE,saúde,2025,1,200000.0,200000.0,False
Vitão do Cachorrão,Podemos,IPERÓ,EDUCAÇÃO,educação,2025,1,200000.0,0.0,False
Vitão do Cachorrão,Podemos,JUMIRIM,SAÚDE,saúde,2025,1,200000.0,200000.0,False
Vitão do Cachorrão,Podemos,PIRAJU,SAÚDE,saúde,2025,1,200000.0,200000.0,False
Vitão do Cachorrão,Podemos,SÃO MIGUEL ARCANJO,SAÚDE,saúde,2025,1,200000.0,0.0,False
Vitão do Cachorrão,Podemos,SÃO ROQUE,SAÚDE,saúde,2025,1,200000.0,200000.0,False
Vitão do Cachorrão,Podemos,SARAPUÍ,DESENV. SOCIAL,assistência social,2025,1,200000.0,200000.0,False
Vitão do Cachorrão,Podemos,TACIBA,SAÚDE,saúde,2025,1,200000.0,200000.0,False
Vitão do Cachorrão,Podemos,TATUÍ,SAÚDE,saúde,2025,1,200000.0,200000.0,False
Vitão do Cachorrão,Podemos,TEJUPÁ,SAÚDE,saúde,2025,1,200000.0,200000.0,False
Vitão do Cachorrão,Podemos,TORRE DE PEDRA,SAÚDE,saúde,2025,1,200000.0,200000.0,False
Vitão do Cachorrão,Podemos,ANDRADINA,SEMIL,outra,2025,1,150000.0,150000.0,False
Vitão do Cachorrão,Podemos,ARARAS,SEGURANÇA PÚBLICA,outra,2025,1,150000.0,150000.0,False
Vitão do Cachorrão,Podemos,AURIFLAMA,SAÚDE,saúde,2025,1,150000.0,0.0,False
Vitão do Cachorrão,Podemos,CANAS,SAÚDE,saúde,2025,1,150000.0,150000.0,False
Vitão do Cachorrão,Podemos,IACANGA,SAÚDE,saúde,2025,1,150000.0,150000.0,False
Vitão do Cachorrão,Podemos,RIBEIRA,SAÚDE,saúde,2025,1,150000.0,150000.0,False
Vitão do Cachorrão,Podemos,TREMEMBÉ,SAÚDE,saúde,2025,1,150000.0,150000.0,False
Vitão do Cachorrão,Podemos,CAMPINAS,DESENV. SOCIAL,assistência social,2025,1,130000.0,130000.0,False
Vitão do Cachorrão,Podemos,ANHEMBI,SAÚDE,saúde,2025,1,100000.0,100000.0,False
Vitão do Cachorrão,Podemos,AREIÓPOLIS,SAÚDE,saúde,2025,1,100000.0,100000.0,False
Vitão do Cachorrão,Podemos,BILAC,SAÚDE,saúde,2025,1,100000.0,100000.0,False
Vitão do Cachorrão,Podemos,BOFETE,SAÚDE,saúde,2025,1,100000.0,100000.0,False
Vitão do Cachorrão,Podemos,BOM SUCESSO DE ITARARÉ,SAÚDE,saúde,2025,1,100000.0,100000.0,False
Vitão do Cachorrão,Podemos,BRAGANÇA PAULISTA,SAÚDE,saúde,2025,1,100000.0,100000.0,False
Vitão do Cachorrão,Podemos,CAMPINA DO MONTE ALEGRE,SAÚDE,saúde,2025,1,100000.0,100000.0,False
Vitão do Cachorrão,Podemos,CERQUILHO,EDUCAÇÃO,educação,2025,1,100000.0,0.0,False
Vitão do Cachorrão,Podemos,CONCHAL,SAÚDE,saúde,2025,1,100000.0,100000.0,False
Vitão do Cachorrão,Podemos,CORONEL MACEDO,SAÚDE,saúde,2025,1,100000.0,100000.0,False
Vitão do Cachorrão,Podemos,COSMÓPOLIS,SAÚDE,saúde,2025,1,100000.0,100000.0,False
Vitão do Cachorrão,Podemos,ENGENHEIRO COELHO,SAÚDE,saúde,2025,1,100000.0,100000.0,False
Vitão do Cachorrão,Podemos,GUARATINGUETÁ,SAÚDE,saúde,2025,1,100000.0,100000.0,False
Vitão do Cachorrão,Podemos,ITAPETININGA,CENTRO PAULA SOUZA,outra,2025,1,100000.0,100000.0,False
Vitão do Cachorrão,Podemos,ITAPEVA,DESENV. SOCIAL,assistência social,2025,3,100000.0,100000.0,False
Vitão do Cachorrão,Podemos,ITU,CENTRO PAULA SOUZA,outra,2025,1,100000.0,100000.0,False
Vitão do Cachorrão,Podemos,MANDURI,SAÚDE,saúde,2025,1,100000.0,100000.0,False
Vitão do Cachorrão,Podemos,NOVA CAMPINA,SGRI,outra,2025,1,100000.0,0.0,False
Vitão do Cachorrão,Podemos,PARDINHO,SAÚDE,saúde,2025,1,100000.0,100000.0,False
Vitão do Cachorrão,Podemos,PORANGABA,SAÚDE,saúde,2025,1,100000.0,100000.0,False
Vitão do Cachorrão,Podemos,RAFARD,SAÚDE,saúde,2025,1,100000.0,100000.0,False
Vitão do Cachorrão,Podemos,RIVERSUL,SAÚDE,saúde,2025,1,100000.0,100000.0,False
Vitão do Cachorrão,Podemos,SANTA MERCEDES,SAÚDE,saúde,2025,1,100000.0,100000.0,False
Vitão do Cachorrão,Podemos,SÃO PAULO,SAÚDE,saúde,2025,2,100000.0,100000.0,False
Vitão do Cachorrão,Podemos,SARAPUÍ,SAÚDE,saúde,2025,1,100000.0,100000.0,False
Vitão do Cachorrão,Podemos,SARUTAIÁ,SAÚDE,saúde,2025,1,100000.0,100000.0,False
Vitão do Cachorrão,Podemos,SOROCABA,SAÚDE,saúde,2025,1,100000.0,100000.0,False
Vitão do Cachorrão,Podemos,SOROCABA,SEGURANÇA PÚBLICA,outra,2025,2,100000.0,100000.0,False
Vitão do Cachorrão,Podemos,SOROCABA,BOMBEIROS PM DO EST. SÃO PAULO,outra,2025,1,100000.0,100000.0,False
Vitão do Cachorrão,Podemos,SOROCABA,CENTRO PAULA SOUZA,outra,2025,1,100000.0,100000.0,False
Vitão do Cachorrão,Podemos,TAPIRAÍ,SAÚDE,saúde,2025,1,100000.0,100000.0,False
Vitão do Cachorrão,Podemos,VALPARAÍSO,SAÚDE,saúde,2025,1,100000.0,100000.0,False
Vitão do Cachorrão,Podemos,BOTUCATU,DESENV. SOCIAL,assistência social,2025,1,50000.0,0.0,False
Vitão do Cachorrão,Podemos,FARTURA,DESENV. SOCIAL,assistência social,2025,1,50000.0,50000.0,False
Vitão do Cachorrão,Podemos,GUAPIARA,DESENV. SOCIAL,assistência social,2025,1,50000.0,50000.0,False
Vitão do Cachorrão,Podemos,GUAREÍ,DESENV. SOCIAL,assistência social,2025,1,50000.0,0.0,False
Vitão do Cachorrão,Podemos,MANDURI,DESENV. SOCIAL,assistência social,2025,1,50000.0,50000.0,False
Vitão do Cachorrão,Podemos,SÃO MIGUEL ARCANJO,DESENV. SOCIAL,assistência social,2025,1,50000.0,50000.0,False
Vitão do Cachorrão,Podemos,SÃO PAULO,EDUCAÇÃO,educação,2025,1,50000.0,0.0,False
Vitão do Cachorrão,Podemos,SOROCABA,CULTURA,outra,2025,2,50000.0,50000.0,False
Vitão do Cachorrão,Podemos,CAPELA DO ALTO,SGRI,outra,2025,1,0.0,0.0,False
Vitão do Cachorrão,Podemos,IBIRAREMA,DESENV. SOCIAL,assistência social,2025,1,0.0,0.0,False
Vitão do Cachorrão,Podemos,ITU,ESPORTES,outra,2025,1,0.0,0.0,False
Vitão do Cachorrão,Podemos,ITU,DESENV. SOCIAL,assistência social,2025,1,0.0,0.0,False
Vitão do Cachorrão,Podemos,SÃO CARLOS,SAÚDE,saúde,2025,1,0.0,0.0,False
Vitão do Cachorrão,Podemos,SÃO PAULO,SEGURANÇA PÚBLICA,outra,2025,1,0.0,0.0,False
